dataset,split_type,mAP50_95,experiment,train_datasets
20240422_neuron-adhered_10x_uncaged_4_class,train_ds,0.554,Baseline,
20240509_hela-adhered_10x_caged_4_class,train_ds,0.691,Baseline,
20240509_Hs675Tfibroblasts_10x_caged_4_class,train_ds,0.705,Baseline,
20240515_DC-adhered_10x_caged_4_class,train_ds,0.697,Baseline,
20240516_DC-adhered_10x_caged_4_class,train_ds,0.715,Baseline,
20240624_mc38_10x_caged_4_class,train_ds,0.651,Baseline,
20240624_mc38_10x_uncaged_4_class,train_ds,0.726,Baseline,
20240625_mc38_10x_caged_4_class,train_ds,0.696,Baseline,
20240703_neuron-adhered_10x_caged_4_class,train_ds,0.637,Baseline,
20240704_neuron-adhered_10x_caged_4_class,train_ds,0.633,Baseline,
20240905_u87-adhered_10x_caged_4_class,train_ds,0.687,Baseline,
20240924_enteric-glia-adhered_10x_uncaged_4_class,train_ds,0.813,Baseline,
20241212_preadipocytes-adhered_10x_uncaged_4_class,train_ds,0.458,Baseline,
20250108_neuron-adhered_10x_uncaged_4_class,train_ds,0.615,Baseline,
20250227_preadipocytes-adhered_10x_caged_4_class,train_ds,0.506,Baseline,
20250305_neuron-adhered_10x_uncaged_4_class,train_ds,0.722,Baseline,
20250820_c8d1a_astrocytes-adherent_10x_caged_4_class,train_ds,0.609,Baseline,
20250917_moc22-adhered_10x_caged_4_class,train_ds,0.64,Baseline,
20260316_a549-tomm20-gfp-adhered_10x_caged_at_4x_4_class,train_ds,0.73,Baseline,
231212_imr90_multichannel_overlay_4_class,train_ds,0.786,Baseline,
240213_imr90_multichannel_overlay_4_class,train_ds,0.765,Baseline,
20240422_neuron-adhered_10x_uncaged_4_class,test_ds,0.554,Baseline,
20240509_hela-adhered_10x_caged_4_class,test_ds,0.691,Baseline,
20240509_Hs675Tfibroblasts_10x_caged_4_class,test_ds,0.705,Baseline,
20240515_DC-adhered_10x_caged_4_class,test_ds,0.697,Baseline,
20240516_DC-adhered_10x_caged_4_class,test_ds,0.715,Baseline,
20240624_mc38_10x_caged_4_class,test_ds,0.651,Baseline,
20240624_mc38_10x_uncaged_4_class,test_ds,0.726,Baseline,
20240625_mc38_10x_caged_4_class,test_ds,0.696,Baseline,
20240703_neuron-adhered_10x_caged_4_class,test_ds,0.637,Baseline,
20240704_neuron-adhered_10x_caged_4_class,test_ds,0.633,Baseline,
20240905_u87-adhered_10x_caged_4_class,test_ds,0.687,Baseline,
20240924_enteric-glia-adhered_10x_uncaged_4_class,test_ds,0.813,Baseline,
20241212_preadipocytes-adhered_10x_uncaged_4_class,test_ds,0.458,Baseline,
20250108_neuron-adhered_10x_uncaged_4_class,test_ds,0.615,Baseline,
20250227_preadipocytes-adhered_10x_caged_4_class,test_ds,0.506,Baseline,
20250305_neuron-adhered_10x_uncaged_4_class,test_ds,0.722,Baseline,
20250820_c8d1a_astrocytes-adherent_10x_caged_4_class,test_ds,0.609,Baseline,
20250917_moc22-adhered_10x_caged_4_class,test_ds,0.64,Baseline,
20260316_a549-tomm20-gfp-adhered_10x_caged_at_4x_4_class,test_ds,0.73,Baseline,
231212_imr90_multichannel_overlay_4_class,test_ds,0.786,Baseline,
240213_imr90_multichannel_overlay_4_class,test_ds,0.765,Baseline,
20240516_DC-adhered_10x_caged_4_class,train_ds,0.711,8 Node (a549+hs675+mc38),"20240516_DC-adhered_10x_caged_4_class,20240422_neuron-adhered_10x_uncaged_4_class,20240703_neuron-adhered_10x_caged_4_class,20260316_a549-tomm20-gfp-adhered_10x_caged_at_4x_4_class,231212_imr90_multichannel_overlay_4_class,20250227_preadipocytes-adhered_10x_caged_4_class,20240624_mc38_10x_uncaged_4_class,20240509_Hs675Tfibroblasts_10x_caged_4_class"
20240422_neuron-adhered_10x_uncaged_4_class,train_ds,0.558,8 Node (a549+hs675+mc38),"20240516_DC-adhered_10x_caged_4_class,20240422_neuron-adhered_10x_uncaged_4_class,20240703_neuron-adhered_10x_caged_4_class,20260316_a549-tomm20-gfp-adhered_10x_caged_at_4x_4_class,231212_imr90_multichannel_overlay_4_class,20250227_preadipocytes-adhered_10x_caged_4_class,20240624_mc38_10x_uncaged_4_class,20240509_Hs675Tfibroblasts_10x_caged_4_class"
20240703_neuron-adhered_10x_caged_4_class,train_ds,0.634,8 Node (a549+hs675+mc38),"20240516_DC-adhered_10x_caged_4_class,20240422_neuron-adhered_10x_uncaged_4_class,20240703_neuron-adhered_10x_caged_4_class,20260316_a549-tomm20-gfp-adhered_10x_caged_at_4x_4_class,231212_imr90_multichannel_overlay_4_class,20250227_preadipocytes-adhered_10x_caged_4_class,20240624_mc38_10x_uncaged_4_class,20240509_Hs675Tfibroblasts_10x_caged_4_class"
20260316_a549-tomm20-gfp-adhered_10x_caged_at_4x_4_class,train_ds,0.728,8 Node (a549+hs675+mc38),"20240516_DC-adhered_10x_caged_4_class,20240422_neuron-adhered_10x_uncaged_4_class,20240703_neuron-adhered_10x_caged_4_class,20260316_a549-tomm20-gfp-adhered_10x_caged_at_4x_4_class,231212_imr90_multichannel_overlay_4_class,20250227_preadipocytes-adhered_10x_caged_4_class,20240624_mc38_10x_uncaged_4_class,20240509_Hs675Tfibroblasts_10x_caged_4_class"
231212_imr90_multichannel_overlay_4_class,train_ds,0.782,8 Node (a549+hs675+mc38),"20240516_DC-adhered_10x_caged_4_class,20240422_neuron-adhered_10x_uncaged_4_class,20240703_neuron-adhered_10x_caged_4_class,20260316_a549-tomm20-gfp-adhered_10x_caged_at_4x_4_class,231212_imr90_multichannel_overlay_4_class,20250227_preadipocytes-adhered_10x_caged_4_class,20240624_mc38_10x_uncaged_4_class,20240509_Hs675Tfibroblasts_10x_caged_4_class"
20250227_preadipocytes-adhered_10x_caged_4_class,train_ds,0.505,8 Node (a549+hs675+mc38),"20240516_DC-adhered_10x_caged_4_class,20240422_neuron-adhered_10x_uncaged_4_class,20240703_neuron-adhered_10x_caged_4_class,20260316_a549-tomm20-gfp-adhered_10x_caged_at_4x_4_class,231212_imr90_multichannel_overlay_4_class,20250227_preadipocytes-adhered_10x_caged_4_class,20240624_mc38_10x_uncaged_4_class,20240509_Hs675Tfibroblasts_10x_caged_4_class"
20240624_mc38_10x_uncaged_4_class,train_ds,0.722,8 Node (a549+hs675+mc38),"20240516_DC-adhered_10x_caged_4_class,20240422_neuron-adhered_10x_uncaged_4_class,20240703_neuron-adhered_10x_caged_4_class,20260316_a549-tomm20-gfp-adhered_10x_caged_at_4x_4_class,231212_imr90_multichannel_overlay_4_class,20250227_preadipocytes-adhered_10x_caged_4_class,20240624_mc38_10x_uncaged_4_class,20240509_Hs675Tfibroblasts_10x_caged_4_class"
20240509_Hs675Tfibroblasts_10x_caged_4_class,train_ds,0.702,8 Node (a549+hs675+mc38),"20240516_DC-adhered_10x_caged_4_class,20240422_neuron-adhered_10x_uncaged_4_class,20240703_neuron-adhered_10x_caged_4_class,20260316_a549-tomm20-gfp-adhered_10x_caged_at_4x_4_class,231212_imr90_multichannel_overlay_4_class,20250227_preadipocytes-adhered_10x_caged_4_class,20240624_mc38_10x_uncaged_4_class,20240509_Hs675Tfibroblasts_10x_caged_4_class"
20240422_neuron-adhered_10x_uncaged_4_class,test_ds,0.558,8 Node (a549+hs675+mc38),"20240516_DC-adhered_10x_caged_4_class,20240422_neuron-adhered_10x_uncaged_4_class,20240703_neuron-adhered_10x_caged_4_class,20260316_a549-tomm20-gfp-adhered_10x_caged_at_4x_4_class,231212_imr90_multichannel_overlay_4_class,20250227_preadipocytes-adhered_10x_caged_4_class,20240624_mc38_10x_uncaged_4_class,20240509_Hs675Tfibroblasts_10x_caged_4_class"
20240509_Hs675Tfibroblasts_10x_caged_4_class,test_ds,0.702,8 Node (a549+hs675+mc38),"20240516_DC-adhered_10x_caged_4_class,20240422_neuron-adhered_10x_uncaged_4_class,20240703_neuron-adhered_10x_caged_4_class,20260316_a549-tomm20-gfp-adhered_10x_caged_at_4x_4_class,231212_imr90_multichannel_overlay_4_class,20250227_preadipocytes-adhered_10x_caged_4_class,20240624_mc38_10x_uncaged_4_class,20240509_Hs675Tfibroblasts_10x_caged_4_class"
20240509_hela-adhered_10x_caged_4_class,test_ds,0.543,8 Node (a549+hs675+mc38),"20240516_DC-adhered_10x_caged_4_class,20240422_neuron-adhered_10x_uncaged_4_class,20240703_neuron-adhered_10x_caged_4_class,20260316_a549-tomm20-gfp-adhered_10x_caged_at_4x_4_class,231212_imr90_multichannel_overlay_4_class,20250227_preadipocytes-adhered_10x_caged_4_class,20240624_mc38_10x_uncaged_4_class,20240509_Hs675Tfibroblasts_10x_caged_4_class"
20240515_DC-adhered_10x_caged_4_class,test_ds,0.688,8 Node (a549+hs675+mc38),"20240516_DC-adhered_10x_caged_4_class,20240422_neuron-adhered_10x_uncaged_4_class,20240703_neuron-adhered_10x_caged_4_class,20260316_a549-tomm20-gfp-adhered_10x_caged_at_4x_4_class,231212_imr90_multichannel_overlay_4_class,20250227_preadipocytes-adhered_10x_caged_4_class,20240624_mc38_10x_uncaged_4_class,20240509_Hs675Tfibroblasts_10x_caged_4_class"
20240516_DC-adhered_10x_caged_4_class,test_ds,0.711,8 Node (a549+hs675+mc38),"20240516_DC-adhered_10x_caged_4_class,20240422_neuron-adhered_10x_uncaged_4_class,20240703_neuron-adhered_10x_caged_4_class,20260316_a549-tomm20-gfp-adhered_10x_caged_at_4x_4_class,231212_imr90_multichannel_overlay_4_class,20250227_preadipocytes-adhered_10x_caged_4_class,20240624_mc38_10x_uncaged_4_class,20240509_Hs675Tfibroblasts_10x_caged_4_class"
20240624_mc38_10x_caged_4_class,test_ds,0.575,8 Node (a549+hs675+mc38),"20240516_DC-adhered_10x_caged_4_class,20240422_neuron-adhered_10x_uncaged_4_class,20240703_neuron-adhered_10x_caged_4_class,20260316_a549-tomm20-gfp-adhered_10x_caged_at_4x_4_class,231212_imr90_multichannel_overlay_4_class,20250227_preadipocytes-adhered_10x_caged_4_class,20240624_mc38_10x_uncaged_4_class,20240509_Hs675Tfibroblasts_10x_caged_4_class"
20240624_mc38_10x_uncaged_4_class,test_ds,0.722,8 Node (a549+hs675+mc38),"20240516_DC-adhered_10x_caged_4_class,20240422_neuron-adhered_10x_uncaged_4_class,20240703_neuron-adhered_10x_caged_4_class,20260316_a549-tomm20-gfp-adhered_10x_caged_at_4x_4_class,231212_imr90_multichannel_overlay_4_class,20250227_preadipocytes-adhered_10x_caged_4_class,20240624_mc38_10x_uncaged_4_class,20240509_Hs675Tfibroblasts_10x_caged_4_class"
20240625_mc38_10x_caged_4_class,test_ds,0.594,8 Node (a549+hs675+mc38),"20240516_DC-adhered_10x_caged_4_class,20240422_neuron-adhered_10x_uncaged_4_class,20240703_neuron-adhered_10x_caged_4_class,20260316_a549-tomm20-gfp-adhered_10x_caged_at_4x_4_class,231212_imr90_multichannel_overlay_4_class,20250227_preadipocytes-adhered_10x_caged_4_class,20240624_mc38_10x_uncaged_4_class,20240509_Hs675Tfibroblasts_10x_caged_4_class"
20240703_neuron-adhered_10x_caged_4_class,test_ds,0.634,8 Node (a549+hs675+mc38),"20240516_DC-adhered_10x_caged_4_class,20240422_neuron-adhered_10x_uncaged_4_class,20240703_neuron-adhered_10x_caged_4_class,20260316_a549-tomm20-gfp-adhered_10x_caged_at_4x_4_class,231212_imr90_multichannel_overlay_4_class,20250227_preadipocytes-adhered_10x_caged_4_class,20240624_mc38_10x_uncaged_4_class,20240509_Hs675Tfibroblasts_10x_caged_4_class"
20240704_neuron-adhered_10x_caged_4_class,test_ds,0.604,8 Node (a549+hs675+mc38),"20240516_DC-adhered_10x_caged_4_class,20240422_neuron-adhered_10x_uncaged_4_class,20240703_neuron-adhered_10x_caged_4_class,20260316_a549-tomm20-gfp-adhered_10x_caged_at_4x_4_class,231212_imr90_multichannel_overlay_4_class,20250227_preadipocytes-adhered_10x_caged_4_class,20240624_mc38_10x_uncaged_4_class,20240509_Hs675Tfibroblasts_10x_caged_4_class"
20240905_u87-adhered_10x_caged_4_class,test_ds,0.512,8 Node (a549+hs675+mc38),"20240516_DC-adhered_10x_caged_4_class,20240422_neuron-adhered_10x_uncaged_4_class,20240703_neuron-adhered_10x_caged_4_class,20260316_a549-tomm20-gfp-adhered_10x_caged_at_4x_4_class,231212_imr90_multichannel_overlay_4_class,20250227_preadipocytes-adhered_10x_caged_4_class,20240624_mc38_10x_uncaged_4_class,20240509_Hs675Tfibroblasts_10x_caged_4_class"
20240924_enteric-glia-adhered_10x_uncaged_4_class,test_ds,0.666,8 Node (a549+hs675+mc38),"20240516_DC-adhered_10x_caged_4_class,20240422_neuron-adhered_10x_uncaged_4_class,20240703_neuron-adhered_10x_caged_4_class,20260316_a549-tomm20-gfp-adhered_10x_caged_at_4x_4_class,231212_imr90_multichannel_overlay_4_class,20250227_preadipocytes-adhered_10x_caged_4_class,20240624_mc38_10x_uncaged_4_class,20240509_Hs675Tfibroblasts_10x_caged_4_class"
20241212_preadipocytes-adhered_10x_uncaged_4_class,test_ds,0.354,8 Node (a549+hs675+mc38),"20240516_DC-adhered_10x_caged_4_class,20240422_neuron-adhered_10x_uncaged_4_class,20240703_neuron-adhered_10x_caged_4_class,20260316_a549-tomm20-gfp-adhered_10x_caged_at_4x_4_class,231212_imr90_multichannel_overlay_4_class,20250227_preadipocytes-adhered_10x_caged_4_class,20240624_mc38_10x_uncaged_4_class,20240509_Hs675Tfibroblasts_10x_caged_4_class"
20250108_neuron-adhered_10x_uncaged_4_class,test_ds,0.358,8 Node (a549+hs675+mc38),"20240516_DC-adhered_10x_caged_4_class,20240422_neuron-adhered_10x_uncaged_4_class,20240703_neuron-adhered_10x_caged_4_class,20260316_a549-tomm20-gfp-adhered_10x_caged_at_4x_4_class,231212_imr90_multichannel_overlay_4_class,20250227_preadipocytes-adhered_10x_caged_4_class,20240624_mc38_10x_uncaged_4_class,20240509_Hs675Tfibroblasts_10x_caged_4_class"
20250227_preadipocytes-adhered_10x_caged_4_class,test_ds,0.505,8 Node (a549+hs675+mc38),"20240516_DC-adhered_10x_caged_4_class,20240422_neuron-adhered_10x_uncaged_4_class,20240703_neuron-adhered_10x_caged_4_class,20260316_a549-tomm20-gfp-adhered_10x_caged_at_4x_4_class,231212_imr90_multichannel_overlay_4_class,20250227_preadipocytes-adhered_10x_caged_4_class,20240624_mc38_10x_uncaged_4_class,20240509_Hs675Tfibroblasts_10x_caged_4_class"
20250305_neuron-adhered_10x_uncaged_4_class,test_ds,0.476,8 Node (a549+hs675+mc38),"20240516_DC-adhered_10x_caged_4_class,20240422_neuron-adhered_10x_uncaged_4_class,20240703_neuron-adhered_10x_caged_4_class,20260316_a549-tomm20-gfp-adhered_10x_caged_at_4x_4_class,231212_imr90_multichannel_overlay_4_class,20250227_preadipocytes-adhered_10x_caged_4_class,20240624_mc38_10x_uncaged_4_class,20240509_Hs675Tfibroblasts_10x_caged_4_class"
20250820_c8d1a_astrocytes-adherent_10x_caged_4_class,test_ds,0.518,8 Node (a549+hs675+mc38),"20240516_DC-adhered_10x_caged_4_class,20240422_neuron-adhered_10x_uncaged_4_class,20240703_neuron-adhered_10x_caged_4_class,20260316_a549-tomm20-gfp-adhered_10x_caged_at_4x_4_class,231212_imr90_multichannel_overlay_4_class,20250227_preadipocytes-adhered_10x_caged_4_class,20240624_mc38_10x_uncaged_4_class,20240509_Hs675Tfibroblasts_10x_caged_4_class"
20250917_moc22-adhered_10x_caged_4_class,test_ds,0.543,8 Node (a549+hs675+mc38),"20240516_DC-adhered_10x_caged_4_class,20240422_neuron-adhered_10x_uncaged_4_class,20240703_neuron-adhered_10x_caged_4_class,20260316_a549-tomm20-gfp-adhered_10x_caged_at_4x_4_class,231212_imr90_multichannel_overlay_4_class,20250227_preadipocytes-adhered_10x_caged_4_class,20240624_mc38_10x_uncaged_4_class,20240509_Hs675Tfibroblasts_10x_caged_4_class"
20260316_a549-tomm20-gfp-adhered_10x_caged_at_4x_4_class,test_ds,0.728,8 Node (a549+hs675+mc38),"20240516_DC-adhered_10x_caged_4_class,20240422_neuron-adhered_10x_uncaged_4_class,20240703_neuron-adhered_10x_caged_4_class,20260316_a549-tomm20-gfp-adhered_10x_caged_at_4x_4_class,231212_imr90_multichannel_overlay_4_class,20250227_preadipocytes-adhered_10x_caged_4_class,20240624_mc38_10x_uncaged_4_class,20240509_Hs675Tfibroblasts_10x_caged_4_class"
231212_imr90_multichannel_overlay_4_class,test_ds,0.782,8 Node (a549+hs675+mc38),"20240516_DC-adhered_10x_caged_4_class,20240422_neuron-adhered_10x_uncaged_4_class,20240703_neuron-adhered_10x_caged_4_class,20260316_a549-tomm20-gfp-adhered_10x_caged_at_4x_4_class,231212_imr90_multichannel_overlay_4_class,20250227_preadipocytes-adhered_10x_caged_4_class,20240624_mc38_10x_uncaged_4_class,20240509_Hs675Tfibroblasts_10x_caged_4_class"
240213_imr90_multichannel_overlay_4_class,test_ds,0.548,8 Node (a549+hs675+mc38),"20240516_DC-adhered_10x_caged_4_class,20240422_neuron-adhered_10x_uncaged_4_class,20240703_neuron-adhered_10x_caged_4_class,20260316_a549-tomm20-gfp-adhered_10x_caged_at_4x_4_class,231212_imr90_multichannel_overlay_4_class,20250227_preadipocytes-adhered_10x_caged_4_class,20240624_mc38_10x_uncaged_4_class,20240509_Hs675Tfibroblasts_10x_caged_4_class"
20240516_DC-adhered_10x_caged_4_class,train_ds,0.709,lora_0.01_20250108_neuron-adhered,"20240516_DC-adhered_10x_caged_4_class,20240422_neuron-adhered_10x_uncaged_4_class,20240703_neuron-adhered_10x_caged_4_class,20260316_a549-tomm20-gfp-adhered_10x_caged_at_4x_4_class,231212_imr90_multichannel_overlay_4_class,20250227_preadipocytes-adhered_10x_caged_4_class,20240624_mc38_10x_uncaged_4_class,20240509_Hs675Tfibroblasts_10x_caged_4_class,20250108_neuron-adhered_10x_uncaged_4_class"
20240422_neuron-adhered_10x_uncaged_4_class,train_ds,0.552,lora_0.01_20250108_neuron-adhered,"20240516_DC-adhered_10x_caged_4_class,20240422_neuron-adhered_10x_uncaged_4_class,20240703_neuron-adhered_10x_caged_4_class,20260316_a549-tomm20-gfp-adhered_10x_caged_at_4x_4_class,231212_imr90_multichannel_overlay_4_class,20250227_preadipocytes-adhered_10x_caged_4_class,20240624_mc38_10x_uncaged_4_class,20240509_Hs675Tfibroblasts_10x_caged_4_class,20250108_neuron-adhered_10x_uncaged_4_class"
20240703_neuron-adhered_10x_caged_4_class,train_ds,0.622,lora_0.01_20250108_neuron-adhered,"20240516_DC-adhered_10x_caged_4_class,20240422_neuron-adhered_10x_uncaged_4_class,20240703_neuron-adhered_10x_caged_4_class,20260316_a549-tomm20-gfp-adhered_10x_caged_at_4x_4_class,231212_imr90_multichannel_overlay_4_class,20250227_preadipocytes-adhered_10x_caged_4_class,20240624_mc38_10x_uncaged_4_class,20240509_Hs675Tfibroblasts_10x_caged_4_class,20250108_neuron-adhered_10x_uncaged_4_class"
20260316_a549-tomm20-gfp-adhered_10x_caged_at_4x_4_class,train_ds,0.727,lora_0.01_20250108_neuron-adhered,"20240516_DC-adhered_10x_caged_4_class,20240422_neuron-adhered_10x_uncaged_4_class,20240703_neuron-adhered_10x_caged_4_class,20260316_a549-tomm20-gfp-adhered_10x_caged_at_4x_4_class,231212_imr90_multichannel_overlay_4_class,20250227_preadipocytes-adhered_10x_caged_4_class,20240624_mc38_10x_uncaged_4_class,20240509_Hs675Tfibroblasts_10x_caged_4_class,20250108_neuron-adhered_10x_uncaged_4_class"
231212_imr90_multichannel_overlay_4_class,train_ds,0.778,lora_0.01_20250108_neuron-adhered,"20240516_DC-adhered_10x_caged_4_class,20240422_neuron-adhered_10x_uncaged_4_class,20240703_neuron-adhered_10x_caged_4_class,20260316_a549-tomm20-gfp-adhered_10x_caged_at_4x_4_class,231212_imr90_multichannel_overlay_4_class,20250227_preadipocytes-adhered_10x_caged_4_class,20240624_mc38_10x_uncaged_4_class,20240509_Hs675Tfibroblasts_10x_caged_4_class,20250108_neuron-adhered_10x_uncaged_4_class"
20250227_preadipocytes-adhered_10x_caged_4_class,train_ds,0.5,lora_0.01_20250108_neuron-adhered,"20240516_DC-adhered_10x_caged_4_class,20240422_neuron-adhered_10x_uncaged_4_class,20240703_neuron-adhered_10x_caged_4_class,20260316_a549-tomm20-gfp-adhered_10x_caged_at_4x_4_class,231212_imr90_multichannel_overlay_4_class,20250227_preadipocytes-adhered_10x_caged_4_class,20240624_mc38_10x_uncaged_4_class,20240509_Hs675Tfibroblasts_10x_caged_4_class,20250108_neuron-adhered_10x_uncaged_4_class"
20240624_mc38_10x_uncaged_4_class,train_ds,0.718,lora_0.01_20250108_neuron-adhered,"20240516_DC-adhered_10x_caged_4_class,20240422_neuron-adhered_10x_uncaged_4_class,20240703_neuron-adhered_10x_caged_4_class,20260316_a549-tomm20-gfp-adhered_10x_caged_at_4x_4_class,231212_imr90_multichannel_overlay_4_class,20250227_preadipocytes-adhered_10x_caged_4_class,20240624_mc38_10x_uncaged_4_class,20240509_Hs675Tfibroblasts_10x_caged_4_class,20250108_neuron-adhered_10x_uncaged_4_class"
20240509_Hs675Tfibroblasts_10x_caged_4_class,train_ds,0.699,lora_0.01_20250108_neuron-adhered,"20240516_DC-adhered_10x_caged_4_class,20240422_neuron-adhered_10x_uncaged_4_class,20240703_neuron-adhered_10x_caged_4_class,20260316_a549-tomm20-gfp-adhered_10x_caged_at_4x_4_class,231212_imr90_multichannel_overlay_4_class,20250227_preadipocytes-adhered_10x_caged_4_class,20240624_mc38_10x_uncaged_4_class,20240509_Hs675Tfibroblasts_10x_caged_4_class,20250108_neuron-adhered_10x_uncaged_4_class"
20250108_neuron-adhered_10x_uncaged_4_class,train_ds,0.431,lora_0.01_20250108_neuron-adhered,"20240516_DC-adhered_10x_caged_4_class,20240422_neuron-adhered_10x_uncaged_4_class,20240703_neuron-adhered_10x_caged_4_class,20260316_a549-tomm20-gfp-adhered_10x_caged_at_4x_4_class,231212_imr90_multichannel_overlay_4_class,20250227_preadipocytes-adhered_10x_caged_4_class,20240624_mc38_10x_uncaged_4_class,20240509_Hs675Tfibroblasts_10x_caged_4_class,20250108_neuron-adhered_10x_uncaged_4_class"
20240422_neuron-adhered_10x_uncaged_4_class,test_ds,0.552,lora_0.01_20250108_neuron-adhered,"20240516_DC-adhered_10x_caged_4_class,20240422_neuron-adhered_10x_uncaged_4_class,20240703_neuron-adhered_10x_caged_4_class,20260316_a549-tomm20-gfp-adhered_10x_caged_at_4x_4_class,231212_imr90_multichannel_overlay_4_class,20250227_preadipocytes-adhered_10x_caged_4_class,20240624_mc38_10x_uncaged_4_class,20240509_Hs675Tfibroblasts_10x_caged_4_class,20250108_neuron-adhered_10x_uncaged_4_class"
20240509_Hs675Tfibroblasts_10x_caged_4_class,test_ds,0.699,lora_0.01_20250108_neuron-adhered,"20240516_DC-adhered_10x_caged_4_class,20240422_neuron-adhered_10x_uncaged_4_class,20240703_neuron-adhered_10x_caged_4_class,20260316_a549-tomm20-gfp-adhered_10x_caged_at_4x_4_class,231212_imr90_multichannel_overlay_4_class,20250227_preadipocytes-adhered_10x_caged_4_class,20240624_mc38_10x_uncaged_4_class,20240509_Hs675Tfibroblasts_10x_caged_4_class,20250108_neuron-adhered_10x_uncaged_4_class"
20240509_hela-adhered_10x_caged_4_class,test_ds,0.556,lora_0.01_20250108_neuron-adhered,"20240516_DC-adhered_10x_caged_4_class,20240422_neuron-adhered_10x_uncaged_4_class,20240703_neuron-adhered_10x_caged_4_class,20260316_a549-tomm20-gfp-adhered_10x_caged_at_4x_4_class,231212_imr90_multichannel_overlay_4_class,20250227_preadipocytes-adhered_10x_caged_4_class,20240624_mc38_10x_uncaged_4_class,20240509_Hs675Tfibroblasts_10x_caged_4_class,20250108_neuron-adhered_10x_uncaged_4_class"
20240515_DC-adhered_10x_caged_4_class,test_ds,0.688,lora_0.01_20250108_neuron-adhered,"20240516_DC-adhered_10x_caged_4_class,20240422_neuron-adhered_10x_uncaged_4_class,20240703_neuron-adhered_10x_caged_4_class,20260316_a549-tomm20-gfp-adhered_10x_caged_at_4x_4_class,231212_imr90_multichannel_overlay_4_class,20250227_preadipocytes-adhered_10x_caged_4_class,20240624_mc38_10x_uncaged_4_class,20240509_Hs675Tfibroblasts_10x_caged_4_class,20250108_neuron-adhered_10x_uncaged_4_class"
20240516_DC-adhered_10x_caged_4_class,test_ds,0.709,lora_0.01_20250108_neuron-adhered,"20240516_DC-adhered_10x_caged_4_class,20240422_neuron-adhered_10x_uncaged_4_class,20240703_neuron-adhered_10x_caged_4_class,20260316_a549-tomm20-gfp-adhered_10x_caged_at_4x_4_class,231212_imr90_multichannel_overlay_4_class,20250227_preadipocytes-adhered_10x_caged_4_class,20240624_mc38_10x_uncaged_4_class,20240509_Hs675Tfibroblasts_10x_caged_4_class,20250108_neuron-adhered_10x_uncaged_4_class"
20240624_mc38_10x_caged_4_class,test_ds,0.564,lora_0.01_20250108_neuron-adhered,"20240516_DC-adhered_10x_caged_4_class,20240422_neuron-adhered_10x_uncaged_4_class,20240703_neuron-adhered_10x_caged_4_class,20260316_a549-tomm20-gfp-adhered_10x_caged_at_4x_4_class,231212_imr90_multichannel_overlay_4_class,20250227_preadipocytes-adhered_10x_caged_4_class,20240624_mc38_10x_uncaged_4_class,20240509_Hs675Tfibroblasts_10x_caged_4_class,20250108_neuron-adhered_10x_uncaged_4_class"
20240624_mc38_10x_uncaged_4_class,test_ds,0.718,lora_0.01_20250108_neuron-adhered,"20240516_DC-adhered_10x_caged_4_class,20240422_neuron-adhered_10x_uncaged_4_class,20240703_neuron-adhered_10x_caged_4_class,20260316_a549-tomm20-gfp-adhered_10x_caged_at_4x_4_class,231212_imr90_multichannel_overlay_4_class,20250227_preadipocytes-adhered_10x_caged_4_class,20240624_mc38_10x_uncaged_4_class,20240509_Hs675Tfibroblasts_10x_caged_4_class,20250108_neuron-adhered_10x_uncaged_4_class"
20240625_mc38_10x_caged_4_class,test_ds,0.598,lora_0.01_20250108_neuron-adhered,"20240516_DC-adhered_10x_caged_4_class,20240422_neuron-adhered_10x_uncaged_4_class,20240703_neuron-adhered_10x_caged_4_class,20260316_a549-tomm20-gfp-adhered_10x_caged_at_4x_4_class,231212_imr90_multichannel_overlay_4_class,20250227_preadipocytes-adhered_10x_caged_4_class,20240624_mc38_10x_uncaged_4_class,20240509_Hs675Tfibroblasts_10x_caged_4_class,20250108_neuron-adhered_10x_uncaged_4_class"
20240703_neuron-adhered_10x_caged_4_class,test_ds,0.622,lora_0.01_20250108_neuron-adhered,"20240516_DC-adhered_10x_caged_4_class,20240422_neuron-adhered_10x_uncaged_4_class,20240703_neuron-adhered_10x_caged_4_class,20260316_a549-tomm20-gfp-adhered_10x_caged_at_4x_4_class,231212_imr90_multichannel_overlay_4_class,20250227_preadipocytes-adhered_10x_caged_4_class,20240624_mc38_10x_uncaged_4_class,20240509_Hs675Tfibroblasts_10x_caged_4_class,20250108_neuron-adhered_10x_uncaged_4_class"
20240704_neuron-adhered_10x_caged_4_class,test_ds,0.604,lora_0.01_20250108_neuron-adhered,"20240516_DC-adhered_10x_caged_4_class,20240422_neuron-adhered_10x_uncaged_4_class,20240703_neuron-adhered_10x_caged_4_class,20260316_a549-tomm20-gfp-adhered_10x_caged_at_4x_4_class,231212_imr90_multichannel_overlay_4_class,20250227_preadipocytes-adhered_10x_caged_4_class,20240624_mc38_10x_uncaged_4_class,20240509_Hs675Tfibroblasts_10x_caged_4_class,20250108_neuron-adhered_10x_uncaged_4_class"
20240905_u87-adhered_10x_caged_4_class,test_ds,0.528,lora_0.01_20250108_neuron-adhered,"20240516_DC-adhered_10x_caged_4_class,20240422_neuron-adhered_10x_uncaged_4_class,20240703_neuron-adhered_10x_caged_4_class,20260316_a549-tomm20-gfp-adhered_10x_caged_at_4x_4_class,231212_imr90_multichannel_overlay_4_class,20250227_preadipocytes-adhered_10x_caged_4_class,20240624_mc38_10x_uncaged_4_class,20240509_Hs675Tfibroblasts_10x_caged_4_class,20250108_neuron-adhered_10x_uncaged_4_class"
20240924_enteric-glia-adhered_10x_uncaged_4_class,test_ds,0.691,lora_0.01_20250108_neuron-adhered,"20240516_DC-adhered_10x_caged_4_class,20240422_neuron-adhered_10x_uncaged_4_class,20240703_neuron-adhered_10x_caged_4_class,20260316_a549-tomm20-gfp-adhered_10x_caged_at_4x_4_class,231212_imr90_multichannel_overlay_4_class,20250227_preadipocytes-adhered_10x_caged_4_class,20240624_mc38_10x_uncaged_4_class,20240509_Hs675Tfibroblasts_10x_caged_4_class,20250108_neuron-adhered_10x_uncaged_4_class"
20241212_preadipocytes-adhered_10x_uncaged_4_class,test_ds,0.363,lora_0.01_20250108_neuron-adhered,"20240516_DC-adhered_10x_caged_4_class,20240422_neuron-adhered_10x_uncaged_4_class,20240703_neuron-adhered_10x_caged_4_class,20260316_a549-tomm20-gfp-adhered_10x_caged_at_4x_4_class,231212_imr90_multichannel_overlay_4_class,20250227_preadipocytes-adhered_10x_caged_4_class,20240624_mc38_10x_uncaged_4_class,20240509_Hs675Tfibroblasts_10x_caged_4_class,20250108_neuron-adhered_10x_uncaged_4_class"
20250108_neuron-adhered_10x_uncaged_4_class,test_ds,0.431,lora_0.01_20250108_neuron-adhered,"20240516_DC-adhered_10x_caged_4_class,20240422_neuron-adhered_10x_uncaged_4_class,20240703_neuron-adhered_10x_caged_4_class,20260316_a549-tomm20-gfp-adhered_10x_caged_at_4x_4_class,231212_imr90_multichannel_overlay_4_class,20250227_preadipocytes-adhered_10x_caged_4_class,20240624_mc38_10x_uncaged_4_class,20240509_Hs675Tfibroblasts_10x_caged_4_class,20250108_neuron-adhered_10x_uncaged_4_class"
20250227_preadipocytes-adhered_10x_caged_4_class,test_ds,0.5,lora_0.01_20250108_neuron-adhered,"20240516_DC-adhered_10x_caged_4_class,20240422_neuron-adhered_10x_uncaged_4_class,20240703_neuron-adhered_10x_caged_4_class,20260316_a549-tomm20-gfp-adhered_10x_caged_at_4x_4_class,231212_imr90_multichannel_overlay_4_class,20250227_preadipocytes-adhered_10x_caged_4_class,20240624_mc38_10x_uncaged_4_class,20240509_Hs675Tfibroblasts_10x_caged_4_class,20250108_neuron-adhered_10x_uncaged_4_class"
20250305_neuron-adhered_10x_uncaged_4_class,test_ds,0.499,lora_0.01_20250108_neuron-adhered,"20240516_DC-adhered_10x_caged_4_class,20240422_neuron-adhered_10x_uncaged_4_class,20240703_neuron-adhered_10x_caged_4_class,20260316_a549-tomm20-gfp-adhered_10x_caged_at_4x_4_class,231212_imr90_multichannel_overlay_4_class,20250227_preadipocytes-adhered_10x_caged_4_class,20240624_mc38_10x_uncaged_4_class,20240509_Hs675Tfibroblasts_10x_caged_4_class,20250108_neuron-adhered_10x_uncaged_4_class"
20250820_c8d1a_astrocytes-adherent_10x_caged_4_class,test_ds,0.531,lora_0.01_20250108_neuron-adhered,"20240516_DC-adhered_10x_caged_4_class,20240422_neuron-adhered_10x_uncaged_4_class,20240703_neuron-adhered_10x_caged_4_class,20260316_a549-tomm20-gfp-adhered_10x_caged_at_4x_4_class,231212_imr90_multichannel_overlay_4_class,20250227_preadipocytes-adhered_10x_caged_4_class,20240624_mc38_10x_uncaged_4_class,20240509_Hs675Tfibroblasts_10x_caged_4_class,20250108_neuron-adhered_10x_uncaged_4_class"
20250917_moc22-adhered_10x_caged_4_class,test_ds,0.543,lora_0.01_20250108_neuron-adhered,"20240516_DC-adhered_10x_caged_4_class,20240422_neuron-adhered_10x_uncaged_4_class,20240703_neuron-adhered_10x_caged_4_class,20260316_a549-tomm20-gfp-adhered_10x_caged_at_4x_4_class,231212_imr90_multichannel_overlay_4_class,20250227_preadipocytes-adhered_10x_caged_4_class,20240624_mc38_10x_uncaged_4_class,20240509_Hs675Tfibroblasts_10x_caged_4_class,20250108_neuron-adhered_10x_uncaged_4_class"
20260316_a549-tomm20-gfp-adhered_10x_caged_at_4x_4_class,test_ds,0.727,lora_0.01_20250108_neuron-adhered,"20240516_DC-adhered_10x_caged_4_class,20240422_neuron-adhered_10x_uncaged_4_class,20240703_neuron-adhered_10x_caged_4_class,20260316_a549-tomm20-gfp-adhered_10x_caged_at_4x_4_class,231212_imr90_multichannel_overlay_4_class,20250227_preadipocytes-adhered_10x_caged_4_class,20240624_mc38_10x_uncaged_4_class,20240509_Hs675Tfibroblasts_10x_caged_4_class,20250108_neuron-adhered_10x_uncaged_4_class"
231212_imr90_multichannel_overlay_4_class,test_ds,0.778,lora_0.01_20250108_neuron-adhered,"20240516_DC-adhered_10x_caged_4_class,20240422_neuron-adhered_10x_uncaged_4_class,20240703_neuron-adhered_10x_caged_4_class,20260316_a549-tomm20-gfp-adhered_10x_caged_at_4x_4_class,231212_imr90_multichannel_overlay_4_class,20250227_preadipocytes-adhered_10x_caged_4_class,20240624_mc38_10x_uncaged_4_class,20240509_Hs675Tfibroblasts_10x_caged_4_class,20250108_neuron-adhered_10x_uncaged_4_class"
240213_imr90_multichannel_overlay_4_class,test_ds,0.571,lora_0.01_20250108_neuron-adhered,"20240516_DC-adhered_10x_caged_4_class,20240422_neuron-adhered_10x_uncaged_4_class,20240703_neuron-adhered_10x_caged_4_class,20260316_a549-tomm20-gfp-adhered_10x_caged_at_4x_4_class,231212_imr90_multichannel_overlay_4_class,20250227_preadipocytes-adhered_10x_caged_4_class,20240624_mc38_10x_uncaged_4_class,20240509_Hs675Tfibroblasts_10x_caged_4_class,20250108_neuron-adhered_10x_uncaged_4_class"
20240516_DC-adhered_10x_caged_4_class,train_ds,0.707,lora_0.05_20250108_neuron-adhered,"20240516_DC-adhered_10x_caged_4_class,20240422_neuron-adhered_10x_uncaged_4_class,20240703_neuron-adhered_10x_caged_4_class,20260316_a549-tomm20-gfp-adhered_10x_caged_at_4x_4_class,231212_imr90_multichannel_overlay_4_class,20250227_preadipocytes-adhered_10x_caged_4_class,20240624_mc38_10x_uncaged_4_class,20240509_Hs675Tfibroblasts_10x_caged_4_class,20250108_neuron-adhered_10x_uncaged_4_class"
20240422_neuron-adhered_10x_uncaged_4_class,train_ds,0.553,lora_0.05_20250108_neuron-adhered,"20240516_DC-adhered_10x_caged_4_class,20240422_neuron-adhered_10x_uncaged_4_class,20240703_neuron-adhered_10x_caged_4_class,20260316_a549-tomm20-gfp-adhered_10x_caged_at_4x_4_class,231212_imr90_multichannel_overlay_4_class,20250227_preadipocytes-adhered_10x_caged_4_class,20240624_mc38_10x_uncaged_4_class,20240509_Hs675Tfibroblasts_10x_caged_4_class,20250108_neuron-adhered_10x_uncaged_4_class"
20240703_neuron-adhered_10x_caged_4_class,train_ds,0.625,lora_0.05_20250108_neuron-adhered,"20240516_DC-adhered_10x_caged_4_class,20240422_neuron-adhered_10x_uncaged_4_class,20240703_neuron-adhered_10x_caged_4_class,20260316_a549-tomm20-gfp-adhered_10x_caged_at_4x_4_class,231212_imr90_multichannel_overlay_4_class,20250227_preadipocytes-adhered_10x_caged_4_class,20240624_mc38_10x_uncaged_4_class,20240509_Hs675Tfibroblasts_10x_caged_4_class,20250108_neuron-adhered_10x_uncaged_4_class"
20260316_a549-tomm20-gfp-adhered_10x_caged_at_4x_4_class,train_ds,0.725,lora_0.05_20250108_neuron-adhered,"20240516_DC-adhered_10x_caged_4_class,20240422_neuron-adhered_10x_uncaged_4_class,20240703_neuron-adhered_10x_caged_4_class,20260316_a549-tomm20-gfp-adhered_10x_caged_at_4x_4_class,231212_imr90_multichannel_overlay_4_class,20250227_preadipocytes-adhered_10x_caged_4_class,20240624_mc38_10x_uncaged_4_class,20240509_Hs675Tfibroblasts_10x_caged_4_class,20250108_neuron-adhered_10x_uncaged_4_class"
231212_imr90_multichannel_overlay_4_class,train_ds,0.775,lora_0.05_20250108_neuron-adhered,"20240516_DC-adhered_10x_caged_4_class,20240422_neuron-adhered_10x_uncaged_4_class,20240703_neuron-adhered_10x_caged_4_class,20260316_a549-tomm20-gfp-adhered_10x_caged_at_4x_4_class,231212_imr90_multichannel_overlay_4_class,20250227_preadipocytes-adhered_10x_caged_4_class,20240624_mc38_10x_uncaged_4_class,20240509_Hs675Tfibroblasts_10x_caged_4_class,20250108_neuron-adhered_10x_uncaged_4_class"
20250227_preadipocytes-adhered_10x_caged_4_class,train_ds,0.501,lora_0.05_20250108_neuron-adhered,"20240516_DC-adhered_10x_caged_4_class,20240422_neuron-adhered_10x_uncaged_4_class,20240703_neuron-adhered_10x_caged_4_class,20260316_a549-tomm20-gfp-adhered_10x_caged_at_4x_4_class,231212_imr90_multichannel_overlay_4_class,20250227_preadipocytes-adhered_10x_caged_4_class,20240624_mc38_10x_uncaged_4_class,20240509_Hs675Tfibroblasts_10x_caged_4_class,20250108_neuron-adhered_10x_uncaged_4_class"
20240624_mc38_10x_uncaged_4_class,train_ds,0.717,lora_0.05_20250108_neuron-adhered,"20240516_DC-adhered_10x_caged_4_class,20240422_neuron-adhered_10x_uncaged_4_class,20240703_neuron-adhered_10x_caged_4_class,20260316_a549-tomm20-gfp-adhered_10x_caged_at_4x_4_class,231212_imr90_multichannel_overlay_4_class,20250227_preadipocytes-adhered_10x_caged_4_class,20240624_mc38_10x_uncaged_4_class,20240509_Hs675Tfibroblasts_10x_caged_4_class,20250108_neuron-adhered_10x_uncaged_4_class"
20240509_Hs675Tfibroblasts_10x_caged_4_class,train_ds,0.696,lora_0.05_20250108_neuron-adhered,"20240516_DC-adhered_10x_caged_4_class,20240422_neuron-adhered_10x_uncaged_4_class,20240703_neuron-adhered_10x_caged_4_class,20260316_a549-tomm20-gfp-adhered_10x_caged_at_4x_4_class,231212_imr90_multichannel_overlay_4_class,20250227_preadipocytes-adhered_10x_caged_4_class,20240624_mc38_10x_uncaged_4_class,20240509_Hs675Tfibroblasts_10x_caged_4_class,20250108_neuron-adhered_10x_uncaged_4_class"
20250108_neuron-adhered_10x_uncaged_4_class,train_ds,0.476,lora_0.05_20250108_neuron-adhered,"20240516_DC-adhered_10x_caged_4_class,20240422_neuron-adhered_10x_uncaged_4_class,20240703_neuron-adhered_10x_caged_4_class,20260316_a549-tomm20-gfp-adhered_10x_caged_at_4x_4_class,231212_imr90_multichannel_overlay_4_class,20250227_preadipocytes-adhered_10x_caged_4_class,20240624_mc38_10x_uncaged_4_class,20240509_Hs675Tfibroblasts_10x_caged_4_class,20250108_neuron-adhered_10x_uncaged_4_class"
20240422_neuron-adhered_10x_uncaged_4_class,test_ds,0.553,lora_0.05_20250108_neuron-adhered,"20240516_DC-adhered_10x_caged_4_class,20240422_neuron-adhered_10x_uncaged_4_class,20240703_neuron-adhered_10x_caged_4_class,20260316_a549-tomm20-gfp-adhered_10x_caged_at_4x_4_class,231212_imr90_multichannel_overlay_4_class,20250227_preadipocytes-adhered_10x_caged_4_class,20240624_mc38_10x_uncaged_4_class,20240509_Hs675Tfibroblasts_10x_caged_4_class,20250108_neuron-adhered_10x_uncaged_4_class"
20240509_Hs675Tfibroblasts_10x_caged_4_class,test_ds,0.696,lora_0.05_20250108_neuron-adhered,"20240516_DC-adhered_10x_caged_4_class,20240422_neuron-adhered_10x_uncaged_4_class,20240703_neuron-adhered_10x_caged_4_class,20260316_a549-tomm20-gfp-adhered_10x_caged_at_4x_4_class,231212_imr90_multichannel_overlay_4_class,20250227_preadipocytes-adhered_10x_caged_4_class,20240624_mc38_10x_uncaged_4_class,20240509_Hs675Tfibroblasts_10x_caged_4_class,20250108_neuron-adhered_10x_uncaged_4_class"
20240509_hela-adhered_10x_caged_4_class,test_ds,0.552,lora_0.05_20250108_neuron-adhered,"20240516_DC-adhered_10x_caged_4_class,20240422_neuron-adhered_10x_uncaged_4_class,20240703_neuron-adhered_10x_caged_4_class,20260316_a549-tomm20-gfp-adhered_10x_caged_at_4x_4_class,231212_imr90_multichannel_overlay_4_class,20250227_preadipocytes-adhered_10x_caged_4_class,20240624_mc38_10x_uncaged_4_class,20240509_Hs675Tfibroblasts_10x_caged_4_class,20250108_neuron-adhered_10x_uncaged_4_class"
20240515_DC-adhered_10x_caged_4_class,test_ds,0.689,lora_0.05_20250108_neuron-adhered,"20240516_DC-adhered_10x_caged_4_class,20240422_neuron-adhered_10x_uncaged_4_class,20240703_neuron-adhered_10x_caged_4_class,20260316_a549-tomm20-gfp-adhered_10x_caged_at_4x_4_class,231212_imr90_multichannel_overlay_4_class,20250227_preadipocytes-adhered_10x_caged_4_class,20240624_mc38_10x_uncaged_4_class,20240509_Hs675Tfibroblasts_10x_caged_4_class,20250108_neuron-adhered_10x_uncaged_4_class"
20240516_DC-adhered_10x_caged_4_class,test_ds,0.707,lora_0.05_20250108_neuron-adhered,"20240516_DC-adhered_10x_caged_4_class,20240422_neuron-adhered_10x_uncaged_4_class,20240703_neuron-adhered_10x_caged_4_class,20260316_a549-tomm20-gfp-adhered_10x_caged_at_4x_4_class,231212_imr90_multichannel_overlay_4_class,20250227_preadipocytes-adhered_10x_caged_4_class,20240624_mc38_10x_uncaged_4_class,20240509_Hs675Tfibroblasts_10x_caged_4_class,20250108_neuron-adhered_10x_uncaged_4_class"
20240624_mc38_10x_caged_4_class,test_ds,0.571,lora_0.05_20250108_neuron-adhered,"20240516_DC-adhered_10x_caged_4_class,20240422_neuron-adhered_10x_uncaged_4_class,20240703_neuron-adhered_10x_caged_4_class,20260316_a549-tomm20-gfp-adhered_10x_caged_at_4x_4_class,231212_imr90_multichannel_overlay_4_class,20250227_preadipocytes-adhered_10x_caged_4_class,20240624_mc38_10x_uncaged_4_class,20240509_Hs675Tfibroblasts_10x_caged_4_class,20250108_neuron-adhered_10x_uncaged_4_class"
20240624_mc38_10x_uncaged_4_class,test_ds,0.717,lora_0.05_20250108_neuron-adhered,"20240516_DC-adhered_10x_caged_4_class,20240422_neuron-adhered_10x_uncaged_4_class,20240703_neuron-adhered_10x_caged_4_class,20260316_a549-tomm20-gfp-adhered_10x_caged_at_4x_4_class,231212_imr90_multichannel_overlay_4_class,20250227_preadipocytes-adhered_10x_caged_4_class,20240624_mc38_10x_uncaged_4_class,20240509_Hs675Tfibroblasts_10x_caged_4_class,20250108_neuron-adhered_10x_uncaged_4_class"
20240625_mc38_10x_caged_4_class,test_ds,0.577,lora_0.05_20250108_neuron-adhered,"20240516_DC-adhered_10x_caged_4_class,20240422_neuron-adhered_10x_uncaged_4_class,20240703_neuron-adhered_10x_caged_4_class,20260316_a549-tomm20-gfp-adhered_10x_caged_at_4x_4_class,231212_imr90_multichannel_overlay_4_class,20250227_preadipocytes-adhered_10x_caged_4_class,20240624_mc38_10x_uncaged_4_class,20240509_Hs675Tfibroblasts_10x_caged_4_class,20250108_neuron-adhered_10x_uncaged_4_class"
20240703_neuron-adhered_10x_caged_4_class,test_ds,0.625,lora_0.05_20250108_neuron-adhered,"20240516_DC-adhered_10x_caged_4_class,20240422_neuron-adhered_10x_uncaged_4_class,20240703_neuron-adhered_10x_caged_4_class,20260316_a549-tomm20-gfp-adhered_10x_caged_at_4x_4_class,231212_imr90_multichannel_overlay_4_class,20250227_preadipocytes-adhered_10x_caged_4_class,20240624_mc38_10x_uncaged_4_class,20240509_Hs675Tfibroblasts_10x_caged_4_class,20250108_neuron-adhered_10x_uncaged_4_class"
20240704_neuron-adhered_10x_caged_4_class,test_ds,0.605,lora_0.05_20250108_neuron-adhered,"20240516_DC-adhered_10x_caged_4_class,20240422_neuron-adhered_10x_uncaged_4_class,20240703_neuron-adhered_10x_caged_4_class,20260316_a549-tomm20-gfp-adhered_10x_caged_at_4x_4_class,231212_imr90_multichannel_overlay_4_class,20250227_preadipocytes-adhered_10x_caged_4_class,20240624_mc38_10x_uncaged_4_class,20240509_Hs675Tfibroblasts_10x_caged_4_class,20250108_neuron-adhered_10x_uncaged_4_class"
20240905_u87-adhered_10x_caged_4_class,test_ds,0.52,lora_0.05_20250108_neuron-adhered,"20240516_DC-adhered_10x_caged_4_class,20240422_neuron-adhered_10x_uncaged_4_class,20240703_neuron-adhered_10x_caged_4_class,20260316_a549-tomm20-gfp-adhered_10x_caged_at_4x_4_class,231212_imr90_multichannel_overlay_4_class,20250227_preadipocytes-adhered_10x_caged_4_class,20240624_mc38_10x_uncaged_4_class,20240509_Hs675Tfibroblasts_10x_caged_4_class,20250108_neuron-adhered_10x_uncaged_4_class"
20240924_enteric-glia-adhered_10x_uncaged_4_class,test_ds,0.658,lora_0.05_20250108_neuron-adhered,"20240516_DC-adhered_10x_caged_4_class,20240422_neuron-adhered_10x_uncaged_4_class,20240703_neuron-adhered_10x_caged_4_class,20260316_a549-tomm20-gfp-adhered_10x_caged_at_4x_4_class,231212_imr90_multichannel_overlay_4_class,20250227_preadipocytes-adhered_10x_caged_4_class,20240624_mc38_10x_uncaged_4_class,20240509_Hs675Tfibroblasts_10x_caged_4_class,20250108_neuron-adhered_10x_uncaged_4_class"
20241212_preadipocytes-adhered_10x_uncaged_4_class,test_ds,0.358,lora_0.05_20250108_neuron-adhered,"20240516_DC-adhered_10x_caged_4_class,20240422_neuron-adhered_10x_uncaged_4_class,20240703_neuron-adhered_10x_caged_4_class,20260316_a549-tomm20-gfp-adhered_10x_caged_at_4x_4_class,231212_imr90_multichannel_overlay_4_class,20250227_preadipocytes-adhered_10x_caged_4_class,20240624_mc38_10x_uncaged_4_class,20240509_Hs675Tfibroblasts_10x_caged_4_class,20250108_neuron-adhered_10x_uncaged_4_class"
20250108_neuron-adhered_10x_uncaged_4_class,test_ds,0.476,lora_0.05_20250108_neuron-adhered,"20240516_DC-adhered_10x_caged_4_class,20240422_neuron-adhered_10x_uncaged_4_class,20240703_neuron-adhered_10x_caged_4_class,20260316_a549-tomm20-gfp-adhered_10x_caged_at_4x_4_class,231212_imr90_multichannel_overlay_4_class,20250227_preadipocytes-adhered_10x_caged_4_class,20240624_mc38_10x_uncaged_4_class,20240509_Hs675Tfibroblasts_10x_caged_4_class,20250108_neuron-adhered_10x_uncaged_4_class"
20250227_preadipocytes-adhered_10x_caged_4_class,test_ds,0.501,lora_0.05_20250108_neuron-adhered,"20240516_DC-adhered_10x_caged_4_class,20240422_neuron-adhered_10x_uncaged_4_class,20240703_neuron-adhered_10x_caged_4_class,20260316_a549-tomm20-gfp-adhered_10x_caged_at_4x_4_class,231212_imr90_multichannel_overlay_4_class,20250227_preadipocytes-adhered_10x_caged_4_class,20240624_mc38_10x_uncaged_4_class,20240509_Hs675Tfibroblasts_10x_caged_4_class,20250108_neuron-adhered_10x_uncaged_4_class"
20250305_neuron-adhered_10x_uncaged_4_class,test_ds,0.461,lora_0.05_20250108_neuron-adhered,"20240516_DC-adhered_10x_caged_4_class,20240422_neuron-adhered_10x_uncaged_4_class,20240703_neuron-adhered_10x_caged_4_class,20260316_a549-tomm20-gfp-adhered_10x_caged_at_4x_4_class,231212_imr90_multichannel_overlay_4_class,20250227_preadipocytes-adhered_10x_caged_4_class,20240624_mc38_10x_uncaged_4_class,20240509_Hs675Tfibroblasts_10x_caged_4_class,20250108_neuron-adhered_10x_uncaged_4_class"
20250820_c8d1a_astrocytes-adherent_10x_caged_4_class,test_ds,0.525,lora_0.05_20250108_neuron-adhered,"20240516_DC-adhered_10x_caged_4_class,20240422_neuron-adhered_10x_uncaged_4_class,20240703_neuron-adhered_10x_caged_4_class,20260316_a549-tomm20-gfp-adhered_10x_caged_at_4x_4_class,231212_imr90_multichannel_overlay_4_class,20250227_preadipocytes-adhered_10x_caged_4_class,20240624_mc38_10x_uncaged_4_class,20240509_Hs675Tfibroblasts_10x_caged_4_class,20250108_neuron-adhered_10x_uncaged_4_class"
20250917_moc22-adhered_10x_caged_4_class,test_ds,0.531,lora_0.05_20250108_neuron-adhered,"20240516_DC-adhered_10x_caged_4_class,20240422_neuron-adhered_10x_uncaged_4_class,20240703_neuron-adhered_10x_caged_4_class,20260316_a549-tomm20-gfp-adhered_10x_caged_at_4x_4_class,231212_imr90_multichannel_overlay_4_class,20250227_preadipocytes-adhered_10x_caged_4_class,20240624_mc38_10x_uncaged_4_class,20240509_Hs675Tfibroblasts_10x_caged_4_class,20250108_neuron-adhered_10x_uncaged_4_class"
20260316_a549-tomm20-gfp-adhered_10x_caged_at_4x_4_class,test_ds,0.725,lora_0.05_20250108_neuron-adhered,"20240516_DC-adhered_10x_caged_4_class,20240422_neuron-adhered_10x_uncaged_4_class,20240703_neuron-adhered_10x_caged_4_class,20260316_a549-tomm20-gfp-adhered_10x_caged_at_4x_4_class,231212_imr90_multichannel_overlay_4_class,20250227_preadipocytes-adhered_10x_caged_4_class,20240624_mc38_10x_uncaged_4_class,20240509_Hs675Tfibroblasts_10x_caged_4_class,20250108_neuron-adhered_10x_uncaged_4_class"
231212_imr90_multichannel_overlay_4_class,test_ds,0.775,lora_0.05_20250108_neuron-adhered,"20240516_DC-adhered_10x_caged_4_class,20240422_neuron-adhered_10x_uncaged_4_class,20240703_neuron-adhered_10x_caged_4_class,20260316_a549-tomm20-gfp-adhered_10x_caged_at_4x_4_class,231212_imr90_multichannel_overlay_4_class,20250227_preadipocytes-adhered_10x_caged_4_class,20240624_mc38_10x_uncaged_4_class,20240509_Hs675Tfibroblasts_10x_caged_4_class,20250108_neuron-adhered_10x_uncaged_4_class"
240213_imr90_multichannel_overlay_4_class,test_ds,0.542,lora_0.05_20250108_neuron-adhered,"20240516_DC-adhered_10x_caged_4_class,20240422_neuron-adhered_10x_uncaged_4_class,20240703_neuron-adhered_10x_caged_4_class,20260316_a549-tomm20-gfp-adhered_10x_caged_at_4x_4_class,231212_imr90_multichannel_overlay_4_class,20250227_preadipocytes-adhered_10x_caged_4_class,20240624_mc38_10x_uncaged_4_class,20240509_Hs675Tfibroblasts_10x_caged_4_class,20250108_neuron-adhered_10x_uncaged_4_class"
20240516_DC-adhered_10x_caged_4_class,train_ds,0.706,lora_0.1_20250108_neuron-adhered,"20240516_DC-adhered_10x_caged_4_class,20240422_neuron-adhered_10x_uncaged_4_class,20240703_neuron-adhered_10x_caged_4_class,20260316_a549-tomm20-gfp-adhered_10x_caged_at_4x_4_class,231212_imr90_multichannel_overlay_4_class,20250227_preadipocytes-adhered_10x_caged_4_class,20240624_mc38_10x_uncaged_4_class,20240509_Hs675Tfibroblasts_10x_caged_4_class,20250108_neuron-adhered_10x_uncaged_4_class"
20240422_neuron-adhered_10x_uncaged_4_class,train_ds,0.552,lora_0.1_20250108_neuron-adhered,"20240516_DC-adhered_10x_caged_4_class,20240422_neuron-adhered_10x_uncaged_4_class,20240703_neuron-adhered_10x_caged_4_class,20260316_a549-tomm20-gfp-adhered_10x_caged_at_4x_4_class,231212_imr90_multichannel_overlay_4_class,20250227_preadipocytes-adhered_10x_caged_4_class,20240624_mc38_10x_uncaged_4_class,20240509_Hs675Tfibroblasts_10x_caged_4_class,20250108_neuron-adhered_10x_uncaged_4_class"
20240703_neuron-adhered_10x_caged_4_class,train_ds,0.619,lora_0.1_20250108_neuron-adhered,"20240516_DC-adhered_10x_caged_4_class,20240422_neuron-adhered_10x_uncaged_4_class,20240703_neuron-adhered_10x_caged_4_class,20260316_a549-tomm20-gfp-adhered_10x_caged_at_4x_4_class,231212_imr90_multichannel_overlay_4_class,20250227_preadipocytes-adhered_10x_caged_4_class,20240624_mc38_10x_uncaged_4_class,20240509_Hs675Tfibroblasts_10x_caged_4_class,20250108_neuron-adhered_10x_uncaged_4_class"
20260316_a549-tomm20-gfp-adhered_10x_caged_at_4x_4_class,train_ds,0.725,lora_0.1_20250108_neuron-adhered,"20240516_DC-adhered_10x_caged_4_class,20240422_neuron-adhered_10x_uncaged_4_class,20240703_neuron-adhered_10x_caged_4_class,20260316_a549-tomm20-gfp-adhered_10x_caged_at_4x_4_class,231212_imr90_multichannel_overlay_4_class,20250227_preadipocytes-adhered_10x_caged_4_class,20240624_mc38_10x_uncaged_4_class,20240509_Hs675Tfibroblasts_10x_caged_4_class,20250108_neuron-adhered_10x_uncaged_4_class"
231212_imr90_multichannel_overlay_4_class,train_ds,0.776,lora_0.1_20250108_neuron-adhered,"20240516_DC-adhered_10x_caged_4_class,20240422_neuron-adhered_10x_uncaged_4_class,20240703_neuron-adhered_10x_caged_4_class,20260316_a549-tomm20-gfp-adhered_10x_caged_at_4x_4_class,231212_imr90_multichannel_overlay_4_class,20250227_preadipocytes-adhered_10x_caged_4_class,20240624_mc38_10x_uncaged_4_class,20240509_Hs675Tfibroblasts_10x_caged_4_class,20250108_neuron-adhered_10x_uncaged_4_class"
20250227_preadipocytes-adhered_10x_caged_4_class,train_ds,0.497,lora_0.1_20250108_neuron-adhered,"20240516_DC-adhered_10x_caged_4_class,20240422_neuron-adhered_10x_uncaged_4_class,20240703_neuron-adhered_10x_caged_4_class,20260316_a549-tomm20-gfp-adhered_10x_caged_at_4x_4_class,231212_imr90_multichannel_overlay_4_class,20250227_preadipocytes-adhered_10x_caged_4_class,20240624_mc38_10x_uncaged_4_class,20240509_Hs675Tfibroblasts_10x_caged_4_class,20250108_neuron-adhered_10x_uncaged_4_class"
20240624_mc38_10x_uncaged_4_class,train_ds,0.715,lora_0.1_20250108_neuron-adhered,"20240516_DC-adhered_10x_caged_4_class,20240422_neuron-adhered_10x_uncaged_4_class,20240703_neuron-adhered_10x_caged_4_class,20260316_a549-tomm20-gfp-adhered_10x_caged_at_4x_4_class,231212_imr90_multichannel_overlay_4_class,20250227_preadipocytes-adhered_10x_caged_4_class,20240624_mc38_10x_uncaged_4_class,20240509_Hs675Tfibroblasts_10x_caged_4_class,20250108_neuron-adhered_10x_uncaged_4_class"
20240509_Hs675Tfibroblasts_10x_caged_4_class,train_ds,0.697,lora_0.1_20250108_neuron-adhered,"20240516_DC-adhered_10x_caged_4_class,20240422_neuron-adhered_10x_uncaged_4_class,20240703_neuron-adhered_10x_caged_4_class,20260316_a549-tomm20-gfp-adhered_10x_caged_at_4x_4_class,231212_imr90_multichannel_overlay_4_class,20250227_preadipocytes-adhered_10x_caged_4_class,20240624_mc38_10x_uncaged_4_class,20240509_Hs675Tfibroblasts_10x_caged_4_class,20250108_neuron-adhered_10x_uncaged_4_class"
20250108_neuron-adhered_10x_uncaged_4_class,train_ds,0.485,lora_0.1_20250108_neuron-adhered,"20240516_DC-adhered_10x_caged_4_class,20240422_neuron-adhered_10x_uncaged_4_class,20240703_neuron-adhered_10x_caged_4_class,20260316_a549-tomm20-gfp-adhered_10x_caged_at_4x_4_class,231212_imr90_multichannel_overlay_4_class,20250227_preadipocytes-adhered_10x_caged_4_class,20240624_mc38_10x_uncaged_4_class,20240509_Hs675Tfibroblasts_10x_caged_4_class,20250108_neuron-adhered_10x_uncaged_4_class"
20240422_neuron-adhered_10x_uncaged_4_class,test_ds,0.552,lora_0.1_20250108_neuron-adhered,"20240516_DC-adhered_10x_caged_4_class,20240422_neuron-adhered_10x_uncaged_4_class,20240703_neuron-adhered_10x_caged_4_class,20260316_a549-tomm20-gfp-adhered_10x_caged_at_4x_4_class,231212_imr90_multichannel_overlay_4_class,20250227_preadipocytes-adhered_10x_caged_4_class,20240624_mc38_10x_uncaged_4_class,20240509_Hs675Tfibroblasts_10x_caged_4_class,20250108_neuron-adhered_10x_uncaged_4_class"
20240509_Hs675Tfibroblasts_10x_caged_4_class,test_ds,0.697,lora_0.1_20250108_neuron-adhered,"20240516_DC-adhered_10x_caged_4_class,20240422_neuron-adhered_10x_uncaged_4_class,20240703_neuron-adhered_10x_caged_4_class,20260316_a549-tomm20-gfp-adhered_10x_caged_at_4x_4_class,231212_imr90_multichannel_overlay_4_class,20250227_preadipocytes-adhered_10x_caged_4_class,20240624_mc38_10x_uncaged_4_class,20240509_Hs675Tfibroblasts_10x_caged_4_class,20250108_neuron-adhered_10x_uncaged_4_class"
20240509_hela-adhered_10x_caged_4_class,test_ds,0.548,lora_0.1_20250108_neuron-adhered,"20240516_DC-adhered_10x_caged_4_class,20240422_neuron-adhered_10x_uncaged_4_class,20240703_neuron-adhered_10x_caged_4_class,20260316_a549-tomm20-gfp-adhered_10x_caged_at_4x_4_class,231212_imr90_multichannel_overlay_4_class,20250227_preadipocytes-adhered_10x_caged_4_class,20240624_mc38_10x_uncaged_4_class,20240509_Hs675Tfibroblasts_10x_caged_4_class,20250108_neuron-adhered_10x_uncaged_4_class"
20240515_DC-adhered_10x_caged_4_class,test_ds,0.685,lora_0.1_20250108_neuron-adhered,"20240516_DC-adhered_10x_caged_4_class,20240422_neuron-adhered_10x_uncaged_4_class,20240703_neuron-adhered_10x_caged_4_class,20260316_a549-tomm20-gfp-adhered_10x_caged_at_4x_4_class,231212_imr90_multichannel_overlay_4_class,20250227_preadipocytes-adhered_10x_caged_4_class,20240624_mc38_10x_uncaged_4_class,20240509_Hs675Tfibroblasts_10x_caged_4_class,20250108_neuron-adhered_10x_uncaged_4_class"
20240516_DC-adhered_10x_caged_4_class,test_ds,0.706,lora_0.1_20250108_neuron-adhered,"20240516_DC-adhered_10x_caged_4_class,20240422_neuron-adhered_10x_uncaged_4_class,20240703_neuron-adhered_10x_caged_4_class,20260316_a549-tomm20-gfp-adhered_10x_caged_at_4x_4_class,231212_imr90_multichannel_overlay_4_class,20250227_preadipocytes-adhered_10x_caged_4_class,20240624_mc38_10x_uncaged_4_class,20240509_Hs675Tfibroblasts_10x_caged_4_class,20250108_neuron-adhered_10x_uncaged_4_class"
20240624_mc38_10x_caged_4_class,test_ds,0.552,lora_0.1_20250108_neuron-adhered,"20240516_DC-adhered_10x_caged_4_class,20240422_neuron-adhered_10x_uncaged_4_class,20240703_neuron-adhered_10x_caged_4_class,20260316_a549-tomm20-gfp-adhered_10x_caged_at_4x_4_class,231212_imr90_multichannel_overlay_4_class,20250227_preadipocytes-adhered_10x_caged_4_class,20240624_mc38_10x_uncaged_4_class,20240509_Hs675Tfibroblasts_10x_caged_4_class,20250108_neuron-adhered_10x_uncaged_4_class"
20240624_mc38_10x_uncaged_4_class,test_ds,0.715,lora_0.1_20250108_neuron-adhered,"20240516_DC-adhered_10x_caged_4_class,20240422_neuron-adhered_10x_uncaged_4_class,20240703_neuron-adhered_10x_caged_4_class,20260316_a549-tomm20-gfp-adhered_10x_caged_at_4x_4_class,231212_imr90_multichannel_overlay_4_class,20250227_preadipocytes-adhered_10x_caged_4_class,20240624_mc38_10x_uncaged_4_class,20240509_Hs675Tfibroblasts_10x_caged_4_class,20250108_neuron-adhered_10x_uncaged_4_class"
20240625_mc38_10x_caged_4_class,test_ds,0.591,lora_0.1_20250108_neuron-adhered,"20240516_DC-adhered_10x_caged_4_class,20240422_neuron-adhered_10x_uncaged_4_class,20240703_neuron-adhered_10x_caged_4_class,20260316_a549-tomm20-gfp-adhered_10x_caged_at_4x_4_class,231212_imr90_multichannel_overlay_4_class,20250227_preadipocytes-adhered_10x_caged_4_class,20240624_mc38_10x_uncaged_4_class,20240509_Hs675Tfibroblasts_10x_caged_4_class,20250108_neuron-adhered_10x_uncaged_4_class"
20240703_neuron-adhered_10x_caged_4_class,test_ds,0.619,lora_0.1_20250108_neuron-adhered,"20240516_DC-adhered_10x_caged_4_class,20240422_neuron-adhered_10x_uncaged_4_class,20240703_neuron-adhered_10x_caged_4_class,20260316_a549-tomm20-gfp-adhered_10x_caged_at_4x_4_class,231212_imr90_multichannel_overlay_4_class,20250227_preadipocytes-adhered_10x_caged_4_class,20240624_mc38_10x_uncaged_4_class,20240509_Hs675Tfibroblasts_10x_caged_4_class,20250108_neuron-adhered_10x_uncaged_4_class"
20240704_neuron-adhered_10x_caged_4_class,test_ds,0.602,lora_0.1_20250108_neuron-adhered,"20240516_DC-adhered_10x_caged_4_class,20240422_neuron-adhered_10x_uncaged_4_class,20240703_neuron-adhered_10x_caged_4_class,20260316_a549-tomm20-gfp-adhered_10x_caged_at_4x_4_class,231212_imr90_multichannel_overlay_4_class,20250227_preadipocytes-adhered_10x_caged_4_class,20240624_mc38_10x_uncaged_4_class,20240509_Hs675Tfibroblasts_10x_caged_4_class,20250108_neuron-adhered_10x_uncaged_4_class"
20240905_u87-adhered_10x_caged_4_class,test_ds,0.519,lora_0.1_20250108_neuron-adhered,"20240516_DC-adhered_10x_caged_4_class,20240422_neuron-adhered_10x_uncaged_4_class,20240703_neuron-adhered_10x_caged_4_class,20260316_a549-tomm20-gfp-adhered_10x_caged_at_4x_4_class,231212_imr90_multichannel_overlay_4_class,20250227_preadipocytes-adhered_10x_caged_4_class,20240624_mc38_10x_uncaged_4_class,20240509_Hs675Tfibroblasts_10x_caged_4_class,20250108_neuron-adhered_10x_uncaged_4_class"
20240924_enteric-glia-adhered_10x_uncaged_4_class,test_ds,0.682,lora_0.1_20250108_neuron-adhered,"20240516_DC-adhered_10x_caged_4_class,20240422_neuron-adhered_10x_uncaged_4_class,20240703_neuron-adhered_10x_caged_4_class,20260316_a549-tomm20-gfp-adhered_10x_caged_at_4x_4_class,231212_imr90_multichannel_overlay_4_class,20250227_preadipocytes-adhered_10x_caged_4_class,20240624_mc38_10x_uncaged_4_class,20240509_Hs675Tfibroblasts_10x_caged_4_class,20250108_neuron-adhered_10x_uncaged_4_class"
20241212_preadipocytes-adhered_10x_uncaged_4_class,test_ds,0.363,lora_0.1_20250108_neuron-adhered,"20240516_DC-adhered_10x_caged_4_class,20240422_neuron-adhered_10x_uncaged_4_class,20240703_neuron-adhered_10x_caged_4_class,20260316_a549-tomm20-gfp-adhered_10x_caged_at_4x_4_class,231212_imr90_multichannel_overlay_4_class,20250227_preadipocytes-adhered_10x_caged_4_class,20240624_mc38_10x_uncaged_4_class,20240509_Hs675Tfibroblasts_10x_caged_4_class,20250108_neuron-adhered_10x_uncaged_4_class"
20250108_neuron-adhered_10x_uncaged_4_class,test_ds,0.485,lora_0.1_20250108_neuron-adhered,"20240516_DC-adhered_10x_caged_4_class,20240422_neuron-adhered_10x_uncaged_4_class,20240703_neuron-adhered_10x_caged_4_class,20260316_a549-tomm20-gfp-adhered_10x_caged_at_4x_4_class,231212_imr90_multichannel_overlay_4_class,20250227_preadipocytes-adhered_10x_caged_4_class,20240624_mc38_10x_uncaged_4_class,20240509_Hs675Tfibroblasts_10x_caged_4_class,20250108_neuron-adhered_10x_uncaged_4_class"
20250227_preadipocytes-adhered_10x_caged_4_class,test_ds,0.497,lora_0.1_20250108_neuron-adhered,"20240516_DC-adhered_10x_caged_4_class,20240422_neuron-adhered_10x_uncaged_4_class,20240703_neuron-adhered_10x_caged_4_class,20260316_a549-tomm20-gfp-adhered_10x_caged_at_4x_4_class,231212_imr90_multichannel_overlay_4_class,20250227_preadipocytes-adhered_10x_caged_4_class,20240624_mc38_10x_uncaged_4_class,20240509_Hs675Tfibroblasts_10x_caged_4_class,20250108_neuron-adhered_10x_uncaged_4_class"
20250305_neuron-adhered_10x_uncaged_4_class,test_ds,0.498,lora_0.1_20250108_neuron-adhered,"20240516_DC-adhered_10x_caged_4_class,20240422_neuron-adhered_10x_uncaged_4_class,20240703_neuron-adhered_10x_caged_4_class,20260316_a549-tomm20-gfp-adhered_10x_caged_at_4x_4_class,231212_imr90_multichannel_overlay_4_class,20250227_preadipocytes-adhered_10x_caged_4_class,20240624_mc38_10x_uncaged_4_class,20240509_Hs675Tfibroblasts_10x_caged_4_class,20250108_neuron-adhered_10x_uncaged_4_class"
20250820_c8d1a_astrocytes-adherent_10x_caged_4_class,test_ds,0.53,lora_0.1_20250108_neuron-adhered,"20240516_DC-adhered_10x_caged_4_class,20240422_neuron-adhered_10x_uncaged_4_class,20240703_neuron-adhered_10x_caged_4_class,20260316_a549-tomm20-gfp-adhered_10x_caged_at_4x_4_class,231212_imr90_multichannel_overlay_4_class,20250227_preadipocytes-adhered_10x_caged_4_class,20240624_mc38_10x_uncaged_4_class,20240509_Hs675Tfibroblasts_10x_caged_4_class,20250108_neuron-adhered_10x_uncaged_4_class"
20250917_moc22-adhered_10x_caged_4_class,test_ds,0.541,lora_0.1_20250108_neuron-adhered,"20240516_DC-adhered_10x_caged_4_class,20240422_neuron-adhered_10x_uncaged_4_class,20240703_neuron-adhered_10x_caged_4_class,20260316_a549-tomm20-gfp-adhered_10x_caged_at_4x_4_class,231212_imr90_multichannel_overlay_4_class,20250227_preadipocytes-adhered_10x_caged_4_class,20240624_mc38_10x_uncaged_4_class,20240509_Hs675Tfibroblasts_10x_caged_4_class,20250108_neuron-adhered_10x_uncaged_4_class"
20260316_a549-tomm20-gfp-adhered_10x_caged_at_4x_4_class,test_ds,0.725,lora_0.1_20250108_neuron-adhered,"20240516_DC-adhered_10x_caged_4_class,20240422_neuron-adhered_10x_uncaged_4_class,20240703_neuron-adhered_10x_caged_4_class,20260316_a549-tomm20-gfp-adhered_10x_caged_at_4x_4_class,231212_imr90_multichannel_overlay_4_class,20250227_preadipocytes-adhered_10x_caged_4_class,20240624_mc38_10x_uncaged_4_class,20240509_Hs675Tfibroblasts_10x_caged_4_class,20250108_neuron-adhered_10x_uncaged_4_class"
231212_imr90_multichannel_overlay_4_class,test_ds,0.776,lora_0.1_20250108_neuron-adhered,"20240516_DC-adhered_10x_caged_4_class,20240422_neuron-adhered_10x_uncaged_4_class,20240703_neuron-adhered_10x_caged_4_class,20260316_a549-tomm20-gfp-adhered_10x_caged_at_4x_4_class,231212_imr90_multichannel_overlay_4_class,20250227_preadipocytes-adhered_10x_caged_4_class,20240624_mc38_10x_uncaged_4_class,20240509_Hs675Tfibroblasts_10x_caged_4_class,20250108_neuron-adhered_10x_uncaged_4_class"
240213_imr90_multichannel_overlay_4_class,test_ds,0.57,lora_0.1_20250108_neuron-adhered,"20240516_DC-adhered_10x_caged_4_class,20240422_neuron-adhered_10x_uncaged_4_class,20240703_neuron-adhered_10x_caged_4_class,20260316_a549-tomm20-gfp-adhered_10x_caged_at_4x_4_class,231212_imr90_multichannel_overlay_4_class,20250227_preadipocytes-adhered_10x_caged_4_class,20240624_mc38_10x_uncaged_4_class,20240509_Hs675Tfibroblasts_10x_caged_4_class,20250108_neuron-adhered_10x_uncaged_4_class"
20240516_DC-adhered_10x_caged_4_class,train_ds,0.699,lora_0.25_20250108_neuron-adhered,"20240516_DC-adhered_10x_caged_4_class,20240422_neuron-adhered_10x_uncaged_4_class,20240703_neuron-adhered_10x_caged_4_class,20260316_a549-tomm20-gfp-adhered_10x_caged_at_4x_4_class,231212_imr90_multichannel_overlay_4_class,20250227_preadipocytes-adhered_10x_caged_4_class,20240624_mc38_10x_uncaged_4_class,20240509_Hs675Tfibroblasts_10x_caged_4_class,20250108_neuron-adhered_10x_uncaged_4_class"
20240422_neuron-adhered_10x_uncaged_4_class,train_ds,0.542,lora_0.25_20250108_neuron-adhered,"20240516_DC-adhered_10x_caged_4_class,20240422_neuron-adhered_10x_uncaged_4_class,20240703_neuron-adhered_10x_caged_4_class,20260316_a549-tomm20-gfp-adhered_10x_caged_at_4x_4_class,231212_imr90_multichannel_overlay_4_class,20250227_preadipocytes-adhered_10x_caged_4_class,20240624_mc38_10x_uncaged_4_class,20240509_Hs675Tfibroblasts_10x_caged_4_class,20250108_neuron-adhered_10x_uncaged_4_class"
20240703_neuron-adhered_10x_caged_4_class,train_ds,0.615,lora_0.25_20250108_neuron-adhered,"20240516_DC-adhered_10x_caged_4_class,20240422_neuron-adhered_10x_uncaged_4_class,20240703_neuron-adhered_10x_caged_4_class,20260316_a549-tomm20-gfp-adhered_10x_caged_at_4x_4_class,231212_imr90_multichannel_overlay_4_class,20250227_preadipocytes-adhered_10x_caged_4_class,20240624_mc38_10x_uncaged_4_class,20240509_Hs675Tfibroblasts_10x_caged_4_class,20250108_neuron-adhered_10x_uncaged_4_class"
20260316_a549-tomm20-gfp-adhered_10x_caged_at_4x_4_class,train_ds,0.723,lora_0.25_20250108_neuron-adhered,"20240516_DC-adhered_10x_caged_4_class,20240422_neuron-adhered_10x_uncaged_4_class,20240703_neuron-adhered_10x_caged_4_class,20260316_a549-tomm20-gfp-adhered_10x_caged_at_4x_4_class,231212_imr90_multichannel_overlay_4_class,20250227_preadipocytes-adhered_10x_caged_4_class,20240624_mc38_10x_uncaged_4_class,20240509_Hs675Tfibroblasts_10x_caged_4_class,20250108_neuron-adhered_10x_uncaged_4_class"
231212_imr90_multichannel_overlay_4_class,train_ds,0.777,lora_0.25_20250108_neuron-adhered,"20240516_DC-adhered_10x_caged_4_class,20240422_neuron-adhered_10x_uncaged_4_class,20240703_neuron-adhered_10x_caged_4_class,20260316_a549-tomm20-gfp-adhered_10x_caged_at_4x_4_class,231212_imr90_multichannel_overlay_4_class,20250227_preadipocytes-adhered_10x_caged_4_class,20240624_mc38_10x_uncaged_4_class,20240509_Hs675Tfibroblasts_10x_caged_4_class,20250108_neuron-adhered_10x_uncaged_4_class"
20250227_preadipocytes-adhered_10x_caged_4_class,train_ds,0.493,lora_0.25_20250108_neuron-adhered,"20240516_DC-adhered_10x_caged_4_class,20240422_neuron-adhered_10x_uncaged_4_class,20240703_neuron-adhered_10x_caged_4_class,20260316_a549-tomm20-gfp-adhered_10x_caged_at_4x_4_class,231212_imr90_multichannel_overlay_4_class,20250227_preadipocytes-adhered_10x_caged_4_class,20240624_mc38_10x_uncaged_4_class,20240509_Hs675Tfibroblasts_10x_caged_4_class,20250108_neuron-adhered_10x_uncaged_4_class"
20240624_mc38_10x_uncaged_4_class,train_ds,0.712,lora_0.25_20250108_neuron-adhered,"20240516_DC-adhered_10x_caged_4_class,20240422_neuron-adhered_10x_uncaged_4_class,20240703_neuron-adhered_10x_caged_4_class,20260316_a549-tomm20-gfp-adhered_10x_caged_at_4x_4_class,231212_imr90_multichannel_overlay_4_class,20250227_preadipocytes-adhered_10x_caged_4_class,20240624_mc38_10x_uncaged_4_class,20240509_Hs675Tfibroblasts_10x_caged_4_class,20250108_neuron-adhered_10x_uncaged_4_class"
20240509_Hs675Tfibroblasts_10x_caged_4_class,train_ds,0.691,lora_0.25_20250108_neuron-adhered,"20240516_DC-adhered_10x_caged_4_class,20240422_neuron-adhered_10x_uncaged_4_class,20240703_neuron-adhered_10x_caged_4_class,20260316_a549-tomm20-gfp-adhered_10x_caged_at_4x_4_class,231212_imr90_multichannel_overlay_4_class,20250227_preadipocytes-adhered_10x_caged_4_class,20240624_mc38_10x_uncaged_4_class,20240509_Hs675Tfibroblasts_10x_caged_4_class,20250108_neuron-adhered_10x_uncaged_4_class"
20250108_neuron-adhered_10x_uncaged_4_class,train_ds,0.495,lora_0.25_20250108_neuron-adhered,"20240516_DC-adhered_10x_caged_4_class,20240422_neuron-adhered_10x_uncaged_4_class,20240703_neuron-adhered_10x_caged_4_class,20260316_a549-tomm20-gfp-adhered_10x_caged_at_4x_4_class,231212_imr90_multichannel_overlay_4_class,20250227_preadipocytes-adhered_10x_caged_4_class,20240624_mc38_10x_uncaged_4_class,20240509_Hs675Tfibroblasts_10x_caged_4_class,20250108_neuron-adhered_10x_uncaged_4_class"
20240422_neuron-adhered_10x_uncaged_4_class,test_ds,0.542,lora_0.25_20250108_neuron-adhered,"20240516_DC-adhered_10x_caged_4_class,20240422_neuron-adhered_10x_uncaged_4_class,20240703_neuron-adhered_10x_caged_4_class,20260316_a549-tomm20-gfp-adhered_10x_caged_at_4x_4_class,231212_imr90_multichannel_overlay_4_class,20250227_preadipocytes-adhered_10x_caged_4_class,20240624_mc38_10x_uncaged_4_class,20240509_Hs675Tfibroblasts_10x_caged_4_class,20250108_neuron-adhered_10x_uncaged_4_class"
20240509_Hs675Tfibroblasts_10x_caged_4_class,test_ds,0.691,lora_0.25_20250108_neuron-adhered,"20240516_DC-adhered_10x_caged_4_class,20240422_neuron-adhered_10x_uncaged_4_class,20240703_neuron-adhered_10x_caged_4_class,20260316_a549-tomm20-gfp-adhered_10x_caged_at_4x_4_class,231212_imr90_multichannel_overlay_4_class,20250227_preadipocytes-adhered_10x_caged_4_class,20240624_mc38_10x_uncaged_4_class,20240509_Hs675Tfibroblasts_10x_caged_4_class,20250108_neuron-adhered_10x_uncaged_4_class"
20240509_hela-adhered_10x_caged_4_class,test_ds,0.552,lora_0.25_20250108_neuron-adhered,"20240516_DC-adhered_10x_caged_4_class,20240422_neuron-adhered_10x_uncaged_4_class,20240703_neuron-adhered_10x_caged_4_class,20260316_a549-tomm20-gfp-adhered_10x_caged_at_4x_4_class,231212_imr90_multichannel_overlay_4_class,20250227_preadipocytes-adhered_10x_caged_4_class,20240624_mc38_10x_uncaged_4_class,20240509_Hs675Tfibroblasts_10x_caged_4_class,20250108_neuron-adhered_10x_uncaged_4_class"
20240515_DC-adhered_10x_caged_4_class,test_ds,0.68,lora_0.25_20250108_neuron-adhered,"20240516_DC-adhered_10x_caged_4_class,20240422_neuron-adhered_10x_uncaged_4_class,20240703_neuron-adhered_10x_caged_4_class,20260316_a549-tomm20-gfp-adhered_10x_caged_at_4x_4_class,231212_imr90_multichannel_overlay_4_class,20250227_preadipocytes-adhered_10x_caged_4_class,20240624_mc38_10x_uncaged_4_class,20240509_Hs675Tfibroblasts_10x_caged_4_class,20250108_neuron-adhered_10x_uncaged_4_class"
20240516_DC-adhered_10x_caged_4_class,test_ds,0.699,lora_0.25_20250108_neuron-adhered,"20240516_DC-adhered_10x_caged_4_class,20240422_neuron-adhered_10x_uncaged_4_class,20240703_neuron-adhered_10x_caged_4_class,20260316_a549-tomm20-gfp-adhered_10x_caged_at_4x_4_class,231212_imr90_multichannel_overlay_4_class,20250227_preadipocytes-adhered_10x_caged_4_class,20240624_mc38_10x_uncaged_4_class,20240509_Hs675Tfibroblasts_10x_caged_4_class,20250108_neuron-adhered_10x_uncaged_4_class"
20240624_mc38_10x_caged_4_class,test_ds,0.566,lora_0.25_20250108_neuron-adhered,"20240516_DC-adhered_10x_caged_4_class,20240422_neuron-adhered_10x_uncaged_4_class,20240703_neuron-adhered_10x_caged_4_class,20260316_a549-tomm20-gfp-adhered_10x_caged_at_4x_4_class,231212_imr90_multichannel_overlay_4_class,20250227_preadipocytes-adhered_10x_caged_4_class,20240624_mc38_10x_uncaged_4_class,20240509_Hs675Tfibroblasts_10x_caged_4_class,20250108_neuron-adhered_10x_uncaged_4_class"
20240624_mc38_10x_uncaged_4_class,test_ds,0.712,lora_0.25_20250108_neuron-adhered,"20240516_DC-adhered_10x_caged_4_class,20240422_neuron-adhered_10x_uncaged_4_class,20240703_neuron-adhered_10x_caged_4_class,20260316_a549-tomm20-gfp-adhered_10x_caged_at_4x_4_class,231212_imr90_multichannel_overlay_4_class,20250227_preadipocytes-adhered_10x_caged_4_class,20240624_mc38_10x_uncaged_4_class,20240509_Hs675Tfibroblasts_10x_caged_4_class,20250108_neuron-adhered_10x_uncaged_4_class"
20240625_mc38_10x_caged_4_class,test_ds,0.579,lora_0.25_20250108_neuron-adhered,"20240516_DC-adhered_10x_caged_4_class,20240422_neuron-adhered_10x_uncaged_4_class,20240703_neuron-adhered_10x_caged_4_class,20260316_a549-tomm20-gfp-adhered_10x_caged_at_4x_4_class,231212_imr90_multichannel_overlay_4_class,20250227_preadipocytes-adhered_10x_caged_4_class,20240624_mc38_10x_uncaged_4_class,20240509_Hs675Tfibroblasts_10x_caged_4_class,20250108_neuron-adhered_10x_uncaged_4_class"
20240703_neuron-adhered_10x_caged_4_class,test_ds,0.615,lora_0.25_20250108_neuron-adhered,"20240516_DC-adhered_10x_caged_4_class,20240422_neuron-adhered_10x_uncaged_4_class,20240703_neuron-adhered_10x_caged_4_class,20260316_a549-tomm20-gfp-adhered_10x_caged_at_4x_4_class,231212_imr90_multichannel_overlay_4_class,20250227_preadipocytes-adhered_10x_caged_4_class,20240624_mc38_10x_uncaged_4_class,20240509_Hs675Tfibroblasts_10x_caged_4_class,20250108_neuron-adhered_10x_uncaged_4_class"
20240704_neuron-adhered_10x_caged_4_class,test_ds,0.592,lora_0.25_20250108_neuron-adhered,"20240516_DC-adhered_10x_caged_4_class,20240422_neuron-adhered_10x_uncaged_4_class,20240703_neuron-adhered_10x_caged_4_class,20260316_a549-tomm20-gfp-adhered_10x_caged_at_4x_4_class,231212_imr90_multichannel_overlay_4_class,20250227_preadipocytes-adhered_10x_caged_4_class,20240624_mc38_10x_uncaged_4_class,20240509_Hs675Tfibroblasts_10x_caged_4_class,20250108_neuron-adhered_10x_uncaged_4_class"
20240905_u87-adhered_10x_caged_4_class,test_ds,0.522,lora_0.25_20250108_neuron-adhered,"20240516_DC-adhered_10x_caged_4_class,20240422_neuron-adhered_10x_uncaged_4_class,20240703_neuron-adhered_10x_caged_4_class,20260316_a549-tomm20-gfp-adhered_10x_caged_at_4x_4_class,231212_imr90_multichannel_overlay_4_class,20250227_preadipocytes-adhered_10x_caged_4_class,20240624_mc38_10x_uncaged_4_class,20240509_Hs675Tfibroblasts_10x_caged_4_class,20250108_neuron-adhered_10x_uncaged_4_class"
20240924_enteric-glia-adhered_10x_uncaged_4_class,test_ds,0.658,lora_0.25_20250108_neuron-adhered,"20240516_DC-adhered_10x_caged_4_class,20240422_neuron-adhered_10x_uncaged_4_class,20240703_neuron-adhered_10x_caged_4_class,20260316_a549-tomm20-gfp-adhered_10x_caged_at_4x_4_class,231212_imr90_multichannel_overlay_4_class,20250227_preadipocytes-adhered_10x_caged_4_class,20240624_mc38_10x_uncaged_4_class,20240509_Hs675Tfibroblasts_10x_caged_4_class,20250108_neuron-adhered_10x_uncaged_4_class"
20241212_preadipocytes-adhered_10x_uncaged_4_class,test_ds,0.36,lora_0.25_20250108_neuron-adhered,"20240516_DC-adhered_10x_caged_4_class,20240422_neuron-adhered_10x_uncaged_4_class,20240703_neuron-adhered_10x_caged_4_class,20260316_a549-tomm20-gfp-adhered_10x_caged_at_4x_4_class,231212_imr90_multichannel_overlay_4_class,20250227_preadipocytes-adhered_10x_caged_4_class,20240624_mc38_10x_uncaged_4_class,20240509_Hs675Tfibroblasts_10x_caged_4_class,20250108_neuron-adhered_10x_uncaged_4_class"
20250108_neuron-adhered_10x_uncaged_4_class,test_ds,0.495,lora_0.25_20250108_neuron-adhered,"20240516_DC-adhered_10x_caged_4_class,20240422_neuron-adhered_10x_uncaged_4_class,20240703_neuron-adhered_10x_caged_4_class,20260316_a549-tomm20-gfp-adhered_10x_caged_at_4x_4_class,231212_imr90_multichannel_overlay_4_class,20250227_preadipocytes-adhered_10x_caged_4_class,20240624_mc38_10x_uncaged_4_class,20240509_Hs675Tfibroblasts_10x_caged_4_class,20250108_neuron-adhered_10x_uncaged_4_class"
20250227_preadipocytes-adhered_10x_caged_4_class,test_ds,0.493,lora_0.25_20250108_neuron-adhered,"20240516_DC-adhered_10x_caged_4_class,20240422_neuron-adhered_10x_uncaged_4_class,20240703_neuron-adhered_10x_caged_4_class,20260316_a549-tomm20-gfp-adhered_10x_caged_at_4x_4_class,231212_imr90_multichannel_overlay_4_class,20250227_preadipocytes-adhered_10x_caged_4_class,20240624_mc38_10x_uncaged_4_class,20240509_Hs675Tfibroblasts_10x_caged_4_class,20250108_neuron-adhered_10x_uncaged_4_class"
20250305_neuron-adhered_10x_uncaged_4_class,test_ds,0.442,lora_0.25_20250108_neuron-adhered,"20240516_DC-adhered_10x_caged_4_class,20240422_neuron-adhered_10x_uncaged_4_class,20240703_neuron-adhered_10x_caged_4_class,20260316_a549-tomm20-gfp-adhered_10x_caged_at_4x_4_class,231212_imr90_multichannel_overlay_4_class,20250227_preadipocytes-adhered_10x_caged_4_class,20240624_mc38_10x_uncaged_4_class,20240509_Hs675Tfibroblasts_10x_caged_4_class,20250108_neuron-adhered_10x_uncaged_4_class"
20250820_c8d1a_astrocytes-adherent_10x_caged_4_class,test_ds,0.52,lora_0.25_20250108_neuron-adhered,"20240516_DC-adhered_10x_caged_4_class,20240422_neuron-adhered_10x_uncaged_4_class,20240703_neuron-adhered_10x_caged_4_class,20260316_a549-tomm20-gfp-adhered_10x_caged_at_4x_4_class,231212_imr90_multichannel_overlay_4_class,20250227_preadipocytes-adhered_10x_caged_4_class,20240624_mc38_10x_uncaged_4_class,20240509_Hs675Tfibroblasts_10x_caged_4_class,20250108_neuron-adhered_10x_uncaged_4_class"
20250917_moc22-adhered_10x_caged_4_class,test_ds,0.523,lora_0.25_20250108_neuron-adhered,"20240516_DC-adhered_10x_caged_4_class,20240422_neuron-adhered_10x_uncaged_4_class,20240703_neuron-adhered_10x_caged_4_class,20260316_a549-tomm20-gfp-adhered_10x_caged_at_4x_4_class,231212_imr90_multichannel_overlay_4_class,20250227_preadipocytes-adhered_10x_caged_4_class,20240624_mc38_10x_uncaged_4_class,20240509_Hs675Tfibroblasts_10x_caged_4_class,20250108_neuron-adhered_10x_uncaged_4_class"
20260316_a549-tomm20-gfp-adhered_10x_caged_at_4x_4_class,test_ds,0.723,lora_0.25_20250108_neuron-adhered,"20240516_DC-adhered_10x_caged_4_class,20240422_neuron-adhered_10x_uncaged_4_class,20240703_neuron-adhered_10x_caged_4_class,20260316_a549-tomm20-gfp-adhered_10x_caged_at_4x_4_class,231212_imr90_multichannel_overlay_4_class,20250227_preadipocytes-adhered_10x_caged_4_class,20240624_mc38_10x_uncaged_4_class,20240509_Hs675Tfibroblasts_10x_caged_4_class,20250108_neuron-adhered_10x_uncaged_4_class"
231212_imr90_multichannel_overlay_4_class,test_ds,0.777,lora_0.25_20250108_neuron-adhered,"20240516_DC-adhered_10x_caged_4_class,20240422_neuron-adhered_10x_uncaged_4_class,20240703_neuron-adhered_10x_caged_4_class,20260316_a549-tomm20-gfp-adhered_10x_caged_at_4x_4_class,231212_imr90_multichannel_overlay_4_class,20250227_preadipocytes-adhered_10x_caged_4_class,20240624_mc38_10x_uncaged_4_class,20240509_Hs675Tfibroblasts_10x_caged_4_class,20250108_neuron-adhered_10x_uncaged_4_class"
240213_imr90_multichannel_overlay_4_class,test_ds,0.539,lora_0.25_20250108_neuron-adhered,"20240516_DC-adhered_10x_caged_4_class,20240422_neuron-adhered_10x_uncaged_4_class,20240703_neuron-adhered_10x_caged_4_class,20260316_a549-tomm20-gfp-adhered_10x_caged_at_4x_4_class,231212_imr90_multichannel_overlay_4_class,20250227_preadipocytes-adhered_10x_caged_4_class,20240624_mc38_10x_uncaged_4_class,20240509_Hs675Tfibroblasts_10x_caged_4_class,20250108_neuron-adhered_10x_uncaged_4_class"
20240516_DC-adhered_10x_caged_4_class,train_ds,0.701,lora_0.5_20250108_neuron-adhered,"20240516_DC-adhered_10x_caged_4_class,20240422_neuron-adhered_10x_uncaged_4_class,20240703_neuron-adhered_10x_caged_4_class,20260316_a549-tomm20-gfp-adhered_10x_caged_at_4x_4_class,231212_imr90_multichannel_overlay_4_class,20250227_preadipocytes-adhered_10x_caged_4_class,20240624_mc38_10x_uncaged_4_class,20240509_Hs675Tfibroblasts_10x_caged_4_class,20250108_neuron-adhered_10x_uncaged_4_class"
20240422_neuron-adhered_10x_uncaged_4_class,train_ds,0.554,lora_0.5_20250108_neuron-adhered,"20240516_DC-adhered_10x_caged_4_class,20240422_neuron-adhered_10x_uncaged_4_class,20240703_neuron-adhered_10x_caged_4_class,20260316_a549-tomm20-gfp-adhered_10x_caged_at_4x_4_class,231212_imr90_multichannel_overlay_4_class,20250227_preadipocytes-adhered_10x_caged_4_class,20240624_mc38_10x_uncaged_4_class,20240509_Hs675Tfibroblasts_10x_caged_4_class,20250108_neuron-adhered_10x_uncaged_4_class"
20240703_neuron-adhered_10x_caged_4_class,train_ds,0.606,lora_0.5_20250108_neuron-adhered,"20240516_DC-adhered_10x_caged_4_class,20240422_neuron-adhered_10x_uncaged_4_class,20240703_neuron-adhered_10x_caged_4_class,20260316_a549-tomm20-gfp-adhered_10x_caged_at_4x_4_class,231212_imr90_multichannel_overlay_4_class,20250227_preadipocytes-adhered_10x_caged_4_class,20240624_mc38_10x_uncaged_4_class,20240509_Hs675Tfibroblasts_10x_caged_4_class,20250108_neuron-adhered_10x_uncaged_4_class"
20260316_a549-tomm20-gfp-adhered_10x_caged_at_4x_4_class,train_ds,0.723,lora_0.5_20250108_neuron-adhered,"20240516_DC-adhered_10x_caged_4_class,20240422_neuron-adhered_10x_uncaged_4_class,20240703_neuron-adhered_10x_caged_4_class,20260316_a549-tomm20-gfp-adhered_10x_caged_at_4x_4_class,231212_imr90_multichannel_overlay_4_class,20250227_preadipocytes-adhered_10x_caged_4_class,20240624_mc38_10x_uncaged_4_class,20240509_Hs675Tfibroblasts_10x_caged_4_class,20250108_neuron-adhered_10x_uncaged_4_class"
231212_imr90_multichannel_overlay_4_class,train_ds,0.768,lora_0.5_20250108_neuron-adhered,"20240516_DC-adhered_10x_caged_4_class,20240422_neuron-adhered_10x_uncaged_4_class,20240703_neuron-adhered_10x_caged_4_class,20260316_a549-tomm20-gfp-adhered_10x_caged_at_4x_4_class,231212_imr90_multichannel_overlay_4_class,20250227_preadipocytes-adhered_10x_caged_4_class,20240624_mc38_10x_uncaged_4_class,20240509_Hs675Tfibroblasts_10x_caged_4_class,20250108_neuron-adhered_10x_uncaged_4_class"
20250227_preadipocytes-adhered_10x_caged_4_class,train_ds,0.504,lora_0.5_20250108_neuron-adhered,"20240516_DC-adhered_10x_caged_4_class,20240422_neuron-adhered_10x_uncaged_4_class,20240703_neuron-adhered_10x_caged_4_class,20260316_a549-tomm20-gfp-adhered_10x_caged_at_4x_4_class,231212_imr90_multichannel_overlay_4_class,20250227_preadipocytes-adhered_10x_caged_4_class,20240624_mc38_10x_uncaged_4_class,20240509_Hs675Tfibroblasts_10x_caged_4_class,20250108_neuron-adhered_10x_uncaged_4_class"
20240624_mc38_10x_uncaged_4_class,train_ds,0.703,lora_0.5_20250108_neuron-adhered,"20240516_DC-adhered_10x_caged_4_class,20240422_neuron-adhered_10x_uncaged_4_class,20240703_neuron-adhered_10x_caged_4_class,20260316_a549-tomm20-gfp-adhered_10x_caged_at_4x_4_class,231212_imr90_multichannel_overlay_4_class,20250227_preadipocytes-adhered_10x_caged_4_class,20240624_mc38_10x_uncaged_4_class,20240509_Hs675Tfibroblasts_10x_caged_4_class,20250108_neuron-adhered_10x_uncaged_4_class"
20240509_Hs675Tfibroblasts_10x_caged_4_class,train_ds,0.69,lora_0.5_20250108_neuron-adhered,"20240516_DC-adhered_10x_caged_4_class,20240422_neuron-adhered_10x_uncaged_4_class,20240703_neuron-adhered_10x_caged_4_class,20260316_a549-tomm20-gfp-adhered_10x_caged_at_4x_4_class,231212_imr90_multichannel_overlay_4_class,20250227_preadipocytes-adhered_10x_caged_4_class,20240624_mc38_10x_uncaged_4_class,20240509_Hs675Tfibroblasts_10x_caged_4_class,20250108_neuron-adhered_10x_uncaged_4_class"
20250108_neuron-adhered_10x_uncaged_4_class,train_ds,0.571,lora_0.5_20250108_neuron-adhered,"20240516_DC-adhered_10x_caged_4_class,20240422_neuron-adhered_10x_uncaged_4_class,20240703_neuron-adhered_10x_caged_4_class,20260316_a549-tomm20-gfp-adhered_10x_caged_at_4x_4_class,231212_imr90_multichannel_overlay_4_class,20250227_preadipocytes-adhered_10x_caged_4_class,20240624_mc38_10x_uncaged_4_class,20240509_Hs675Tfibroblasts_10x_caged_4_class,20250108_neuron-adhered_10x_uncaged_4_class"
20240422_neuron-adhered_10x_uncaged_4_class,test_ds,0.554,lora_0.5_20250108_neuron-adhered,"20240516_DC-adhered_10x_caged_4_class,20240422_neuron-adhered_10x_uncaged_4_class,20240703_neuron-adhered_10x_caged_4_class,20260316_a549-tomm20-gfp-adhered_10x_caged_at_4x_4_class,231212_imr90_multichannel_overlay_4_class,20250227_preadipocytes-adhered_10x_caged_4_class,20240624_mc38_10x_uncaged_4_class,20240509_Hs675Tfibroblasts_10x_caged_4_class,20250108_neuron-adhered_10x_uncaged_4_class"
20240509_Hs675Tfibroblasts_10x_caged_4_class,test_ds,0.69,lora_0.5_20250108_neuron-adhered,"20240516_DC-adhered_10x_caged_4_class,20240422_neuron-adhered_10x_uncaged_4_class,20240703_neuron-adhered_10x_caged_4_class,20260316_a549-tomm20-gfp-adhered_10x_caged_at_4x_4_class,231212_imr90_multichannel_overlay_4_class,20250227_preadipocytes-adhered_10x_caged_4_class,20240624_mc38_10x_uncaged_4_class,20240509_Hs675Tfibroblasts_10x_caged_4_class,20250108_neuron-adhered_10x_uncaged_4_class"
20240509_hela-adhered_10x_caged_4_class,test_ds,0.531,lora_0.5_20250108_neuron-adhered,"20240516_DC-adhered_10x_caged_4_class,20240422_neuron-adhered_10x_uncaged_4_class,20240703_neuron-adhered_10x_caged_4_class,20260316_a549-tomm20-gfp-adhered_10x_caged_at_4x_4_class,231212_imr90_multichannel_overlay_4_class,20250227_preadipocytes-adhered_10x_caged_4_class,20240624_mc38_10x_uncaged_4_class,20240509_Hs675Tfibroblasts_10x_caged_4_class,20250108_neuron-adhered_10x_uncaged_4_class"
20240515_DC-adhered_10x_caged_4_class,test_ds,0.684,lora_0.5_20250108_neuron-adhered,"20240516_DC-adhered_10x_caged_4_class,20240422_neuron-adhered_10x_uncaged_4_class,20240703_neuron-adhered_10x_caged_4_class,20260316_a549-tomm20-gfp-adhered_10x_caged_at_4x_4_class,231212_imr90_multichannel_overlay_4_class,20250227_preadipocytes-adhered_10x_caged_4_class,20240624_mc38_10x_uncaged_4_class,20240509_Hs675Tfibroblasts_10x_caged_4_class,20250108_neuron-adhered_10x_uncaged_4_class"
20240516_DC-adhered_10x_caged_4_class,test_ds,0.701,lora_0.5_20250108_neuron-adhered,"20240516_DC-adhered_10x_caged_4_class,20240422_neuron-adhered_10x_uncaged_4_class,20240703_neuron-adhered_10x_caged_4_class,20260316_a549-tomm20-gfp-adhered_10x_caged_at_4x_4_class,231212_imr90_multichannel_overlay_4_class,20250227_preadipocytes-adhered_10x_caged_4_class,20240624_mc38_10x_uncaged_4_class,20240509_Hs675Tfibroblasts_10x_caged_4_class,20250108_neuron-adhered_10x_uncaged_4_class"
20240624_mc38_10x_caged_4_class,test_ds,0.566,lora_0.5_20250108_neuron-adhered,"20240516_DC-adhered_10x_caged_4_class,20240422_neuron-adhered_10x_uncaged_4_class,20240703_neuron-adhered_10x_caged_4_class,20260316_a549-tomm20-gfp-adhered_10x_caged_at_4x_4_class,231212_imr90_multichannel_overlay_4_class,20250227_preadipocytes-adhered_10x_caged_4_class,20240624_mc38_10x_uncaged_4_class,20240509_Hs675Tfibroblasts_10x_caged_4_class,20250108_neuron-adhered_10x_uncaged_4_class"
20240624_mc38_10x_uncaged_4_class,test_ds,0.703,lora_0.5_20250108_neuron-adhered,"20240516_DC-adhered_10x_caged_4_class,20240422_neuron-adhered_10x_uncaged_4_class,20240703_neuron-adhered_10x_caged_4_class,20260316_a549-tomm20-gfp-adhered_10x_caged_at_4x_4_class,231212_imr90_multichannel_overlay_4_class,20250227_preadipocytes-adhered_10x_caged_4_class,20240624_mc38_10x_uncaged_4_class,20240509_Hs675Tfibroblasts_10x_caged_4_class,20250108_neuron-adhered_10x_uncaged_4_class"
20240625_mc38_10x_caged_4_class,test_ds,0.577,lora_0.5_20250108_neuron-adhered,"20240516_DC-adhered_10x_caged_4_class,20240422_neuron-adhered_10x_uncaged_4_class,20240703_neuron-adhered_10x_caged_4_class,20260316_a549-tomm20-gfp-adhered_10x_caged_at_4x_4_class,231212_imr90_multichannel_overlay_4_class,20250227_preadipocytes-adhered_10x_caged_4_class,20240624_mc38_10x_uncaged_4_class,20240509_Hs675Tfibroblasts_10x_caged_4_class,20250108_neuron-adhered_10x_uncaged_4_class"
20240703_neuron-adhered_10x_caged_4_class,test_ds,0.606,lora_0.5_20250108_neuron-adhered,"20240516_DC-adhered_10x_caged_4_class,20240422_neuron-adhered_10x_uncaged_4_class,20240703_neuron-adhered_10x_caged_4_class,20260316_a549-tomm20-gfp-adhered_10x_caged_at_4x_4_class,231212_imr90_multichannel_overlay_4_class,20250227_preadipocytes-adhered_10x_caged_4_class,20240624_mc38_10x_uncaged_4_class,20240509_Hs675Tfibroblasts_10x_caged_4_class,20250108_neuron-adhered_10x_uncaged_4_class"
20240704_neuron-adhered_10x_caged_4_class,test_ds,0.584,lora_0.5_20250108_neuron-adhered,"20240516_DC-adhered_10x_caged_4_class,20240422_neuron-adhered_10x_uncaged_4_class,20240703_neuron-adhered_10x_caged_4_class,20260316_a549-tomm20-gfp-adhered_10x_caged_at_4x_4_class,231212_imr90_multichannel_overlay_4_class,20250227_preadipocytes-adhered_10x_caged_4_class,20240624_mc38_10x_uncaged_4_class,20240509_Hs675Tfibroblasts_10x_caged_4_class,20250108_neuron-adhered_10x_uncaged_4_class"
20240905_u87-adhered_10x_caged_4_class,test_ds,0.519,lora_0.5_20250108_neuron-adhered,"20240516_DC-adhered_10x_caged_4_class,20240422_neuron-adhered_10x_uncaged_4_class,20240703_neuron-adhered_10x_caged_4_class,20260316_a549-tomm20-gfp-adhered_10x_caged_at_4x_4_class,231212_imr90_multichannel_overlay_4_class,20250227_preadipocytes-adhered_10x_caged_4_class,20240624_mc38_10x_uncaged_4_class,20240509_Hs675Tfibroblasts_10x_caged_4_class,20250108_neuron-adhered_10x_uncaged_4_class"
20240924_enteric-glia-adhered_10x_uncaged_4_class,test_ds,0.656,lora_0.5_20250108_neuron-adhered,"20240516_DC-adhered_10x_caged_4_class,20240422_neuron-adhered_10x_uncaged_4_class,20240703_neuron-adhered_10x_caged_4_class,20260316_a549-tomm20-gfp-adhered_10x_caged_at_4x_4_class,231212_imr90_multichannel_overlay_4_class,20250227_preadipocytes-adhered_10x_caged_4_class,20240624_mc38_10x_uncaged_4_class,20240509_Hs675Tfibroblasts_10x_caged_4_class,20250108_neuron-adhered_10x_uncaged_4_class"
20241212_preadipocytes-adhered_10x_uncaged_4_class,test_ds,0.371,lora_0.5_20250108_neuron-adhered,"20240516_DC-adhered_10x_caged_4_class,20240422_neuron-adhered_10x_uncaged_4_class,20240703_neuron-adhered_10x_caged_4_class,20260316_a549-tomm20-gfp-adhered_10x_caged_at_4x_4_class,231212_imr90_multichannel_overlay_4_class,20250227_preadipocytes-adhered_10x_caged_4_class,20240624_mc38_10x_uncaged_4_class,20240509_Hs675Tfibroblasts_10x_caged_4_class,20250108_neuron-adhered_10x_uncaged_4_class"
20250108_neuron-adhered_10x_uncaged_4_class,test_ds,0.571,lora_0.5_20250108_neuron-adhered,"20240516_DC-adhered_10x_caged_4_class,20240422_neuron-adhered_10x_uncaged_4_class,20240703_neuron-adhered_10x_caged_4_class,20260316_a549-tomm20-gfp-adhered_10x_caged_at_4x_4_class,231212_imr90_multichannel_overlay_4_class,20250227_preadipocytes-adhered_10x_caged_4_class,20240624_mc38_10x_uncaged_4_class,20240509_Hs675Tfibroblasts_10x_caged_4_class,20250108_neuron-adhered_10x_uncaged_4_class"
20250227_preadipocytes-adhered_10x_caged_4_class,test_ds,0.504,lora_0.5_20250108_neuron-adhered,"20240516_DC-adhered_10x_caged_4_class,20240422_neuron-adhered_10x_uncaged_4_class,20240703_neuron-adhered_10x_caged_4_class,20260316_a549-tomm20-gfp-adhered_10x_caged_at_4x_4_class,231212_imr90_multichannel_overlay_4_class,20250227_preadipocytes-adhered_10x_caged_4_class,20240624_mc38_10x_uncaged_4_class,20240509_Hs675Tfibroblasts_10x_caged_4_class,20250108_neuron-adhered_10x_uncaged_4_class"
20250305_neuron-adhered_10x_uncaged_4_class,test_ds,0.411,lora_0.5_20250108_neuron-adhered,"20240516_DC-adhered_10x_caged_4_class,20240422_neuron-adhered_10x_uncaged_4_class,20240703_neuron-adhered_10x_caged_4_class,20260316_a549-tomm20-gfp-adhered_10x_caged_at_4x_4_class,231212_imr90_multichannel_overlay_4_class,20250227_preadipocytes-adhered_10x_caged_4_class,20240624_mc38_10x_uncaged_4_class,20240509_Hs675Tfibroblasts_10x_caged_4_class,20250108_neuron-adhered_10x_uncaged_4_class"
20250820_c8d1a_astrocytes-adherent_10x_caged_4_class,test_ds,0.528,lora_0.5_20250108_neuron-adhered,"20240516_DC-adhered_10x_caged_4_class,20240422_neuron-adhered_10x_uncaged_4_class,20240703_neuron-adhered_10x_caged_4_class,20260316_a549-tomm20-gfp-adhered_10x_caged_at_4x_4_class,231212_imr90_multichannel_overlay_4_class,20250227_preadipocytes-adhered_10x_caged_4_class,20240624_mc38_10x_uncaged_4_class,20240509_Hs675Tfibroblasts_10x_caged_4_class,20250108_neuron-adhered_10x_uncaged_4_class"
20250917_moc22-adhered_10x_caged_4_class,test_ds,0.543,lora_0.5_20250108_neuron-adhered,"20240516_DC-adhered_10x_caged_4_class,20240422_neuron-adhered_10x_uncaged_4_class,20240703_neuron-adhered_10x_caged_4_class,20260316_a549-tomm20-gfp-adhered_10x_caged_at_4x_4_class,231212_imr90_multichannel_overlay_4_class,20250227_preadipocytes-adhered_10x_caged_4_class,20240624_mc38_10x_uncaged_4_class,20240509_Hs675Tfibroblasts_10x_caged_4_class,20250108_neuron-adhered_10x_uncaged_4_class"
20260316_a549-tomm20-gfp-adhered_10x_caged_at_4x_4_class,test_ds,0.723,lora_0.5_20250108_neuron-adhered,"20240516_DC-adhered_10x_caged_4_class,20240422_neuron-adhered_10x_uncaged_4_class,20240703_neuron-adhered_10x_caged_4_class,20260316_a549-tomm20-gfp-adhered_10x_caged_at_4x_4_class,231212_imr90_multichannel_overlay_4_class,20250227_preadipocytes-adhered_10x_caged_4_class,20240624_mc38_10x_uncaged_4_class,20240509_Hs675Tfibroblasts_10x_caged_4_class,20250108_neuron-adhered_10x_uncaged_4_class"
231212_imr90_multichannel_overlay_4_class,test_ds,0.768,lora_0.5_20250108_neuron-adhered,"20240516_DC-adhered_10x_caged_4_class,20240422_neuron-adhered_10x_uncaged_4_class,20240703_neuron-adhered_10x_caged_4_class,20260316_a549-tomm20-gfp-adhered_10x_caged_at_4x_4_class,231212_imr90_multichannel_overlay_4_class,20250227_preadipocytes-adhered_10x_caged_4_class,20240624_mc38_10x_uncaged_4_class,20240509_Hs675Tfibroblasts_10x_caged_4_class,20250108_neuron-adhered_10x_uncaged_4_class"
240213_imr90_multichannel_overlay_4_class,test_ds,0.558,lora_0.5_20250108_neuron-adhered,"20240516_DC-adhered_10x_caged_4_class,20240422_neuron-adhered_10x_uncaged_4_class,20240703_neuron-adhered_10x_caged_4_class,20260316_a549-tomm20-gfp-adhered_10x_caged_at_4x_4_class,231212_imr90_multichannel_overlay_4_class,20250227_preadipocytes-adhered_10x_caged_4_class,20240624_mc38_10x_uncaged_4_class,20240509_Hs675Tfibroblasts_10x_caged_4_class,20250108_neuron-adhered_10x_uncaged_4_class"
20240516_DC-adhered_10x_caged_4_class,train_ds,0.708,lora_r32_0.01_20250108_neuron-adhered,"20240516_DC-adhered_10x_caged_4_class,20240422_neuron-adhered_10x_uncaged_4_class,20240703_neuron-adhered_10x_caged_4_class,20260316_a549-tomm20-gfp-adhered_10x_caged_at_4x_4_class,231212_imr90_multichannel_overlay_4_class,20250227_preadipocytes-adhered_10x_caged_4_class,20240624_mc38_10x_uncaged_4_class,20240509_Hs675Tfibroblasts_10x_caged_4_class,20250108_neuron-adhered_10x_uncaged_4_class"
20240422_neuron-adhered_10x_uncaged_4_class,train_ds,0.554,lora_r32_0.01_20250108_neuron-adhered,"20240516_DC-adhered_10x_caged_4_class,20240422_neuron-adhered_10x_uncaged_4_class,20240703_neuron-adhered_10x_caged_4_class,20260316_a549-tomm20-gfp-adhered_10x_caged_at_4x_4_class,231212_imr90_multichannel_overlay_4_class,20250227_preadipocytes-adhered_10x_caged_4_class,20240624_mc38_10x_uncaged_4_class,20240509_Hs675Tfibroblasts_10x_caged_4_class,20250108_neuron-adhered_10x_uncaged_4_class"
20240703_neuron-adhered_10x_caged_4_class,train_ds,0.629,lora_r32_0.01_20250108_neuron-adhered,"20240516_DC-adhered_10x_caged_4_class,20240422_neuron-adhered_10x_uncaged_4_class,20240703_neuron-adhered_10x_caged_4_class,20260316_a549-tomm20-gfp-adhered_10x_caged_at_4x_4_class,231212_imr90_multichannel_overlay_4_class,20250227_preadipocytes-adhered_10x_caged_4_class,20240624_mc38_10x_uncaged_4_class,20240509_Hs675Tfibroblasts_10x_caged_4_class,20250108_neuron-adhered_10x_uncaged_4_class"
20260316_a549-tomm20-gfp-adhered_10x_caged_at_4x_4_class,train_ds,0.726,lora_r32_0.01_20250108_neuron-adhered,"20240516_DC-adhered_10x_caged_4_class,20240422_neuron-adhered_10x_uncaged_4_class,20240703_neuron-adhered_10x_caged_4_class,20260316_a549-tomm20-gfp-adhered_10x_caged_at_4x_4_class,231212_imr90_multichannel_overlay_4_class,20250227_preadipocytes-adhered_10x_caged_4_class,20240624_mc38_10x_uncaged_4_class,20240509_Hs675Tfibroblasts_10x_caged_4_class,20250108_neuron-adhered_10x_uncaged_4_class"
231212_imr90_multichannel_overlay_4_class,train_ds,0.778,lora_r32_0.01_20250108_neuron-adhered,"20240516_DC-adhered_10x_caged_4_class,20240422_neuron-adhered_10x_uncaged_4_class,20240703_neuron-adhered_10x_caged_4_class,20260316_a549-tomm20-gfp-adhered_10x_caged_at_4x_4_class,231212_imr90_multichannel_overlay_4_class,20250227_preadipocytes-adhered_10x_caged_4_class,20240624_mc38_10x_uncaged_4_class,20240509_Hs675Tfibroblasts_10x_caged_4_class,20250108_neuron-adhered_10x_uncaged_4_class"
20250227_preadipocytes-adhered_10x_caged_4_class,train_ds,0.504,lora_r32_0.01_20250108_neuron-adhered,"20240516_DC-adhered_10x_caged_4_class,20240422_neuron-adhered_10x_uncaged_4_class,20240703_neuron-adhered_10x_caged_4_class,20260316_a549-tomm20-gfp-adhered_10x_caged_at_4x_4_class,231212_imr90_multichannel_overlay_4_class,20250227_preadipocytes-adhered_10x_caged_4_class,20240624_mc38_10x_uncaged_4_class,20240509_Hs675Tfibroblasts_10x_caged_4_class,20250108_neuron-adhered_10x_uncaged_4_class"
20240624_mc38_10x_uncaged_4_class,train_ds,0.72,lora_r32_0.01_20250108_neuron-adhered,"20240516_DC-adhered_10x_caged_4_class,20240422_neuron-adhered_10x_uncaged_4_class,20240703_neuron-adhered_10x_caged_4_class,20260316_a549-tomm20-gfp-adhered_10x_caged_at_4x_4_class,231212_imr90_multichannel_overlay_4_class,20250227_preadipocytes-adhered_10x_caged_4_class,20240624_mc38_10x_uncaged_4_class,20240509_Hs675Tfibroblasts_10x_caged_4_class,20250108_neuron-adhered_10x_uncaged_4_class"
20240509_Hs675Tfibroblasts_10x_caged_4_class,train_ds,0.7,lora_r32_0.01_20250108_neuron-adhered,"20240516_DC-adhered_10x_caged_4_class,20240422_neuron-adhered_10x_uncaged_4_class,20240703_neuron-adhered_10x_caged_4_class,20260316_a549-tomm20-gfp-adhered_10x_caged_at_4x_4_class,231212_imr90_multichannel_overlay_4_class,20250227_preadipocytes-adhered_10x_caged_4_class,20240624_mc38_10x_uncaged_4_class,20240509_Hs675Tfibroblasts_10x_caged_4_class,20250108_neuron-adhered_10x_uncaged_4_class"
20250108_neuron-adhered_10x_uncaged_4_class,train_ds,0.425,lora_r32_0.01_20250108_neuron-adhered,"20240516_DC-adhered_10x_caged_4_class,20240422_neuron-adhered_10x_uncaged_4_class,20240703_neuron-adhered_10x_caged_4_class,20260316_a549-tomm20-gfp-adhered_10x_caged_at_4x_4_class,231212_imr90_multichannel_overlay_4_class,20250227_preadipocytes-adhered_10x_caged_4_class,20240624_mc38_10x_uncaged_4_class,20240509_Hs675Tfibroblasts_10x_caged_4_class,20250108_neuron-adhered_10x_uncaged_4_class"
20240422_neuron-adhered_10x_uncaged_4_class,test_ds,0.554,lora_r32_0.01_20250108_neuron-adhered,"20240516_DC-adhered_10x_caged_4_class,20240422_neuron-adhered_10x_uncaged_4_class,20240703_neuron-adhered_10x_caged_4_class,20260316_a549-tomm20-gfp-adhered_10x_caged_at_4x_4_class,231212_imr90_multichannel_overlay_4_class,20250227_preadipocytes-adhered_10x_caged_4_class,20240624_mc38_10x_uncaged_4_class,20240509_Hs675Tfibroblasts_10x_caged_4_class,20250108_neuron-adhered_10x_uncaged_4_class"
20240509_Hs675Tfibroblasts_10x_caged_4_class,test_ds,0.7,lora_r32_0.01_20250108_neuron-adhered,"20240516_DC-adhered_10x_caged_4_class,20240422_neuron-adhered_10x_uncaged_4_class,20240703_neuron-adhered_10x_caged_4_class,20260316_a549-tomm20-gfp-adhered_10x_caged_at_4x_4_class,231212_imr90_multichannel_overlay_4_class,20250227_preadipocytes-adhered_10x_caged_4_class,20240624_mc38_10x_uncaged_4_class,20240509_Hs675Tfibroblasts_10x_caged_4_class,20250108_neuron-adhered_10x_uncaged_4_class"
20240509_hela-adhered_10x_caged_4_class,test_ds,0.556,lora_r32_0.01_20250108_neuron-adhered,"20240516_DC-adhered_10x_caged_4_class,20240422_neuron-adhered_10x_uncaged_4_class,20240703_neuron-adhered_10x_caged_4_class,20260316_a549-tomm20-gfp-adhered_10x_caged_at_4x_4_class,231212_imr90_multichannel_overlay_4_class,20250227_preadipocytes-adhered_10x_caged_4_class,20240624_mc38_10x_uncaged_4_class,20240509_Hs675Tfibroblasts_10x_caged_4_class,20250108_neuron-adhered_10x_uncaged_4_class"
20240515_DC-adhered_10x_caged_4_class,test_ds,0.689,lora_r32_0.01_20250108_neuron-adhered,"20240516_DC-adhered_10x_caged_4_class,20240422_neuron-adhered_10x_uncaged_4_class,20240703_neuron-adhered_10x_caged_4_class,20260316_a549-tomm20-gfp-adhered_10x_caged_at_4x_4_class,231212_imr90_multichannel_overlay_4_class,20250227_preadipocytes-adhered_10x_caged_4_class,20240624_mc38_10x_uncaged_4_class,20240509_Hs675Tfibroblasts_10x_caged_4_class,20250108_neuron-adhered_10x_uncaged_4_class"
20240516_DC-adhered_10x_caged_4_class,test_ds,0.708,lora_r32_0.01_20250108_neuron-adhered,"20240516_DC-adhered_10x_caged_4_class,20240422_neuron-adhered_10x_uncaged_4_class,20240703_neuron-adhered_10x_caged_4_class,20260316_a549-tomm20-gfp-adhered_10x_caged_at_4x_4_class,231212_imr90_multichannel_overlay_4_class,20250227_preadipocytes-adhered_10x_caged_4_class,20240624_mc38_10x_uncaged_4_class,20240509_Hs675Tfibroblasts_10x_caged_4_class,20250108_neuron-adhered_10x_uncaged_4_class"
20240624_mc38_10x_caged_4_class,test_ds,0.585,lora_r32_0.01_20250108_neuron-adhered,"20240516_DC-adhered_10x_caged_4_class,20240422_neuron-adhered_10x_uncaged_4_class,20240703_neuron-adhered_10x_caged_4_class,20260316_a549-tomm20-gfp-adhered_10x_caged_at_4x_4_class,231212_imr90_multichannel_overlay_4_class,20250227_preadipocytes-adhered_10x_caged_4_class,20240624_mc38_10x_uncaged_4_class,20240509_Hs675Tfibroblasts_10x_caged_4_class,20250108_neuron-adhered_10x_uncaged_4_class"
20240624_mc38_10x_uncaged_4_class,test_ds,0.72,lora_r32_0.01_20250108_neuron-adhered,"20240516_DC-adhered_10x_caged_4_class,20240422_neuron-adhered_10x_uncaged_4_class,20240703_neuron-adhered_10x_caged_4_class,20260316_a549-tomm20-gfp-adhered_10x_caged_at_4x_4_class,231212_imr90_multichannel_overlay_4_class,20250227_preadipocytes-adhered_10x_caged_4_class,20240624_mc38_10x_uncaged_4_class,20240509_Hs675Tfibroblasts_10x_caged_4_class,20250108_neuron-adhered_10x_uncaged_4_class"
20240625_mc38_10x_caged_4_class,test_ds,0.586,lora_r32_0.01_20250108_neuron-adhered,"20240516_DC-adhered_10x_caged_4_class,20240422_neuron-adhered_10x_uncaged_4_class,20240703_neuron-adhered_10x_caged_4_class,20260316_a549-tomm20-gfp-adhered_10x_caged_at_4x_4_class,231212_imr90_multichannel_overlay_4_class,20250227_preadipocytes-adhered_10x_caged_4_class,20240624_mc38_10x_uncaged_4_class,20240509_Hs675Tfibroblasts_10x_caged_4_class,20250108_neuron-adhered_10x_uncaged_4_class"
20240703_neuron-adhered_10x_caged_4_class,test_ds,0.629,lora_r32_0.01_20250108_neuron-adhered,"20240516_DC-adhered_10x_caged_4_class,20240422_neuron-adhered_10x_uncaged_4_class,20240703_neuron-adhered_10x_caged_4_class,20260316_a549-tomm20-gfp-adhered_10x_caged_at_4x_4_class,231212_imr90_multichannel_overlay_4_class,20250227_preadipocytes-adhered_10x_caged_4_class,20240624_mc38_10x_uncaged_4_class,20240509_Hs675Tfibroblasts_10x_caged_4_class,20250108_neuron-adhered_10x_uncaged_4_class"
20240704_neuron-adhered_10x_caged_4_class,test_ds,0.606,lora_r32_0.01_20250108_neuron-adhered,"20240516_DC-adhered_10x_caged_4_class,20240422_neuron-adhered_10x_uncaged_4_class,20240703_neuron-adhered_10x_caged_4_class,20260316_a549-tomm20-gfp-adhered_10x_caged_at_4x_4_class,231212_imr90_multichannel_overlay_4_class,20250227_preadipocytes-adhered_10x_caged_4_class,20240624_mc38_10x_uncaged_4_class,20240509_Hs675Tfibroblasts_10x_caged_4_class,20250108_neuron-adhered_10x_uncaged_4_class"
20240905_u87-adhered_10x_caged_4_class,test_ds,0.535,lora_r32_0.01_20250108_neuron-adhered,"20240516_DC-adhered_10x_caged_4_class,20240422_neuron-adhered_10x_uncaged_4_class,20240703_neuron-adhered_10x_caged_4_class,20260316_a549-tomm20-gfp-adhered_10x_caged_at_4x_4_class,231212_imr90_multichannel_overlay_4_class,20250227_preadipocytes-adhered_10x_caged_4_class,20240624_mc38_10x_uncaged_4_class,20240509_Hs675Tfibroblasts_10x_caged_4_class,20250108_neuron-adhered_10x_uncaged_4_class"
20240924_enteric-glia-adhered_10x_uncaged_4_class,test_ds,0.669,lora_r32_0.01_20250108_neuron-adhered,"20240516_DC-adhered_10x_caged_4_class,20240422_neuron-adhered_10x_uncaged_4_class,20240703_neuron-adhered_10x_caged_4_class,20260316_a549-tomm20-gfp-adhered_10x_caged_at_4x_4_class,231212_imr90_multichannel_overlay_4_class,20250227_preadipocytes-adhered_10x_caged_4_class,20240624_mc38_10x_uncaged_4_class,20240509_Hs675Tfibroblasts_10x_caged_4_class,20250108_neuron-adhered_10x_uncaged_4_class"
20241212_preadipocytes-adhered_10x_uncaged_4_class,test_ds,0.359,lora_r32_0.01_20250108_neuron-adhered,"20240516_DC-adhered_10x_caged_4_class,20240422_neuron-adhered_10x_uncaged_4_class,20240703_neuron-adhered_10x_caged_4_class,20260316_a549-tomm20-gfp-adhered_10x_caged_at_4x_4_class,231212_imr90_multichannel_overlay_4_class,20250227_preadipocytes-adhered_10x_caged_4_class,20240624_mc38_10x_uncaged_4_class,20240509_Hs675Tfibroblasts_10x_caged_4_class,20250108_neuron-adhered_10x_uncaged_4_class"
20250108_neuron-adhered_10x_uncaged_4_class,test_ds,0.425,lora_r32_0.01_20250108_neuron-adhered,"20240516_DC-adhered_10x_caged_4_class,20240422_neuron-adhered_10x_uncaged_4_class,20240703_neuron-adhered_10x_caged_4_class,20260316_a549-tomm20-gfp-adhered_10x_caged_at_4x_4_class,231212_imr90_multichannel_overlay_4_class,20250227_preadipocytes-adhered_10x_caged_4_class,20240624_mc38_10x_uncaged_4_class,20240509_Hs675Tfibroblasts_10x_caged_4_class,20250108_neuron-adhered_10x_uncaged_4_class"
20250227_preadipocytes-adhered_10x_caged_4_class,test_ds,0.504,lora_r32_0.01_20250108_neuron-adhered,"20240516_DC-adhered_10x_caged_4_class,20240422_neuron-adhered_10x_uncaged_4_class,20240703_neuron-adhered_10x_caged_4_class,20260316_a549-tomm20-gfp-adhered_10x_caged_at_4x_4_class,231212_imr90_multichannel_overlay_4_class,20250227_preadipocytes-adhered_10x_caged_4_class,20240624_mc38_10x_uncaged_4_class,20240509_Hs675Tfibroblasts_10x_caged_4_class,20250108_neuron-adhered_10x_uncaged_4_class"
20250305_neuron-adhered_10x_uncaged_4_class,test_ds,0.465,lora_r32_0.01_20250108_neuron-adhered,"20240516_DC-adhered_10x_caged_4_class,20240422_neuron-adhered_10x_uncaged_4_class,20240703_neuron-adhered_10x_caged_4_class,20260316_a549-tomm20-gfp-adhered_10x_caged_at_4x_4_class,231212_imr90_multichannel_overlay_4_class,20250227_preadipocytes-adhered_10x_caged_4_class,20240624_mc38_10x_uncaged_4_class,20240509_Hs675Tfibroblasts_10x_caged_4_class,20250108_neuron-adhered_10x_uncaged_4_class"
20250820_c8d1a_astrocytes-adherent_10x_caged_4_class,test_ds,0.519,lora_r32_0.01_20250108_neuron-adhered,"20240516_DC-adhered_10x_caged_4_class,20240422_neuron-adhered_10x_uncaged_4_class,20240703_neuron-adhered_10x_caged_4_class,20260316_a549-tomm20-gfp-adhered_10x_caged_at_4x_4_class,231212_imr90_multichannel_overlay_4_class,20250227_preadipocytes-adhered_10x_caged_4_class,20240624_mc38_10x_uncaged_4_class,20240509_Hs675Tfibroblasts_10x_caged_4_class,20250108_neuron-adhered_10x_uncaged_4_class"
20250917_moc22-adhered_10x_caged_4_class,test_ds,0.538,lora_r32_0.01_20250108_neuron-adhered,"20240516_DC-adhered_10x_caged_4_class,20240422_neuron-adhered_10x_uncaged_4_class,20240703_neuron-adhered_10x_caged_4_class,20260316_a549-tomm20-gfp-adhered_10x_caged_at_4x_4_class,231212_imr90_multichannel_overlay_4_class,20250227_preadipocytes-adhered_10x_caged_4_class,20240624_mc38_10x_uncaged_4_class,20240509_Hs675Tfibroblasts_10x_caged_4_class,20250108_neuron-adhered_10x_uncaged_4_class"
20260316_a549-tomm20-gfp-adhered_10x_caged_at_4x_4_class,test_ds,0.726,lora_r32_0.01_20250108_neuron-adhered,"20240516_DC-adhered_10x_caged_4_class,20240422_neuron-adhered_10x_uncaged_4_class,20240703_neuron-adhered_10x_caged_4_class,20260316_a549-tomm20-gfp-adhered_10x_caged_at_4x_4_class,231212_imr90_multichannel_overlay_4_class,20250227_preadipocytes-adhered_10x_caged_4_class,20240624_mc38_10x_uncaged_4_class,20240509_Hs675Tfibroblasts_10x_caged_4_class,20250108_neuron-adhered_10x_uncaged_4_class"
231212_imr90_multichannel_overlay_4_class,test_ds,0.778,lora_r32_0.01_20250108_neuron-adhered,"20240516_DC-adhered_10x_caged_4_class,20240422_neuron-adhered_10x_uncaged_4_class,20240703_neuron-adhered_10x_caged_4_class,20260316_a549-tomm20-gfp-adhered_10x_caged_at_4x_4_class,231212_imr90_multichannel_overlay_4_class,20250227_preadipocytes-adhered_10x_caged_4_class,20240624_mc38_10x_uncaged_4_class,20240509_Hs675Tfibroblasts_10x_caged_4_class,20250108_neuron-adhered_10x_uncaged_4_class"
240213_imr90_multichannel_overlay_4_class,test_ds,0.546,lora_r32_0.01_20250108_neuron-adhered,"20240516_DC-adhered_10x_caged_4_class,20240422_neuron-adhered_10x_uncaged_4_class,20240703_neuron-adhered_10x_caged_4_class,20260316_a549-tomm20-gfp-adhered_10x_caged_at_4x_4_class,231212_imr90_multichannel_overlay_4_class,20250227_preadipocytes-adhered_10x_caged_4_class,20240624_mc38_10x_uncaged_4_class,20240509_Hs675Tfibroblasts_10x_caged_4_class,20250108_neuron-adhered_10x_uncaged_4_class"
20240516_DC-adhered_10x_caged_4_class,train_ds,0.707,lora_r32_0.1_20250108_neuron-adhered,"20240516_DC-adhered_10x_caged_4_class,20240422_neuron-adhered_10x_uncaged_4_class,20240703_neuron-adhered_10x_caged_4_class,20260316_a549-tomm20-gfp-adhered_10x_caged_at_4x_4_class,231212_imr90_multichannel_overlay_4_class,20250227_preadipocytes-adhered_10x_caged_4_class,20240624_mc38_10x_uncaged_4_class,20240509_Hs675Tfibroblasts_10x_caged_4_class,20250108_neuron-adhered_10x_uncaged_4_class"
20240422_neuron-adhered_10x_uncaged_4_class,train_ds,0.554,lora_r32_0.1_20250108_neuron-adhered,"20240516_DC-adhered_10x_caged_4_class,20240422_neuron-adhered_10x_uncaged_4_class,20240703_neuron-adhered_10x_caged_4_class,20260316_a549-tomm20-gfp-adhered_10x_caged_at_4x_4_class,231212_imr90_multichannel_overlay_4_class,20250227_preadipocytes-adhered_10x_caged_4_class,20240624_mc38_10x_uncaged_4_class,20240509_Hs675Tfibroblasts_10x_caged_4_class,20250108_neuron-adhered_10x_uncaged_4_class"
20240703_neuron-adhered_10x_caged_4_class,train_ds,0.625,lora_r32_0.1_20250108_neuron-adhered,"20240516_DC-adhered_10x_caged_4_class,20240422_neuron-adhered_10x_uncaged_4_class,20240703_neuron-adhered_10x_caged_4_class,20260316_a549-tomm20-gfp-adhered_10x_caged_at_4x_4_class,231212_imr90_multichannel_overlay_4_class,20250227_preadipocytes-adhered_10x_caged_4_class,20240624_mc38_10x_uncaged_4_class,20240509_Hs675Tfibroblasts_10x_caged_4_class,20250108_neuron-adhered_10x_uncaged_4_class"
20260316_a549-tomm20-gfp-adhered_10x_caged_at_4x_4_class,train_ds,0.725,lora_r32_0.1_20250108_neuron-adhered,"20240516_DC-adhered_10x_caged_4_class,20240422_neuron-adhered_10x_uncaged_4_class,20240703_neuron-adhered_10x_caged_4_class,20260316_a549-tomm20-gfp-adhered_10x_caged_at_4x_4_class,231212_imr90_multichannel_overlay_4_class,20250227_preadipocytes-adhered_10x_caged_4_class,20240624_mc38_10x_uncaged_4_class,20240509_Hs675Tfibroblasts_10x_caged_4_class,20250108_neuron-adhered_10x_uncaged_4_class"
231212_imr90_multichannel_overlay_4_class,train_ds,0.775,lora_r32_0.1_20250108_neuron-adhered,"20240516_DC-adhered_10x_caged_4_class,20240422_neuron-adhered_10x_uncaged_4_class,20240703_neuron-adhered_10x_caged_4_class,20260316_a549-tomm20-gfp-adhered_10x_caged_at_4x_4_class,231212_imr90_multichannel_overlay_4_class,20250227_preadipocytes-adhered_10x_caged_4_class,20240624_mc38_10x_uncaged_4_class,20240509_Hs675Tfibroblasts_10x_caged_4_class,20250108_neuron-adhered_10x_uncaged_4_class"
20250227_preadipocytes-adhered_10x_caged_4_class,train_ds,0.501,lora_r32_0.1_20250108_neuron-adhered,"20240516_DC-adhered_10x_caged_4_class,20240422_neuron-adhered_10x_uncaged_4_class,20240703_neuron-adhered_10x_caged_4_class,20260316_a549-tomm20-gfp-adhered_10x_caged_at_4x_4_class,231212_imr90_multichannel_overlay_4_class,20250227_preadipocytes-adhered_10x_caged_4_class,20240624_mc38_10x_uncaged_4_class,20240509_Hs675Tfibroblasts_10x_caged_4_class,20250108_neuron-adhered_10x_uncaged_4_class"
20240624_mc38_10x_uncaged_4_class,train_ds,0.716,lora_r32_0.1_20250108_neuron-adhered,"20240516_DC-adhered_10x_caged_4_class,20240422_neuron-adhered_10x_uncaged_4_class,20240703_neuron-adhered_10x_caged_4_class,20260316_a549-tomm20-gfp-adhered_10x_caged_at_4x_4_class,231212_imr90_multichannel_overlay_4_class,20250227_preadipocytes-adhered_10x_caged_4_class,20240624_mc38_10x_uncaged_4_class,20240509_Hs675Tfibroblasts_10x_caged_4_class,20250108_neuron-adhered_10x_uncaged_4_class"
20240509_Hs675Tfibroblasts_10x_caged_4_class,train_ds,0.696,lora_r32_0.1_20250108_neuron-adhered,"20240516_DC-adhered_10x_caged_4_class,20240422_neuron-adhered_10x_uncaged_4_class,20240703_neuron-adhered_10x_caged_4_class,20260316_a549-tomm20-gfp-adhered_10x_caged_at_4x_4_class,231212_imr90_multichannel_overlay_4_class,20250227_preadipocytes-adhered_10x_caged_4_class,20240624_mc38_10x_uncaged_4_class,20240509_Hs675Tfibroblasts_10x_caged_4_class,20250108_neuron-adhered_10x_uncaged_4_class"
20250108_neuron-adhered_10x_uncaged_4_class,train_ds,0.483,lora_r32_0.1_20250108_neuron-adhered,"20240516_DC-adhered_10x_caged_4_class,20240422_neuron-adhered_10x_uncaged_4_class,20240703_neuron-adhered_10x_caged_4_class,20260316_a549-tomm20-gfp-adhered_10x_caged_at_4x_4_class,231212_imr90_multichannel_overlay_4_class,20250227_preadipocytes-adhered_10x_caged_4_class,20240624_mc38_10x_uncaged_4_class,20240509_Hs675Tfibroblasts_10x_caged_4_class,20250108_neuron-adhered_10x_uncaged_4_class"
20240422_neuron-adhered_10x_uncaged_4_class,test_ds,0.554,lora_r32_0.1_20250108_neuron-adhered,"20240516_DC-adhered_10x_caged_4_class,20240422_neuron-adhered_10x_uncaged_4_class,20240703_neuron-adhered_10x_caged_4_class,20260316_a549-tomm20-gfp-adhered_10x_caged_at_4x_4_class,231212_imr90_multichannel_overlay_4_class,20250227_preadipocytes-adhered_10x_caged_4_class,20240624_mc38_10x_uncaged_4_class,20240509_Hs675Tfibroblasts_10x_caged_4_class,20250108_neuron-adhered_10x_uncaged_4_class"
20240509_Hs675Tfibroblasts_10x_caged_4_class,test_ds,0.696,lora_r32_0.1_20250108_neuron-adhered,"20240516_DC-adhered_10x_caged_4_class,20240422_neuron-adhered_10x_uncaged_4_class,20240703_neuron-adhered_10x_caged_4_class,20260316_a549-tomm20-gfp-adhered_10x_caged_at_4x_4_class,231212_imr90_multichannel_overlay_4_class,20250227_preadipocytes-adhered_10x_caged_4_class,20240624_mc38_10x_uncaged_4_class,20240509_Hs675Tfibroblasts_10x_caged_4_class,20250108_neuron-adhered_10x_uncaged_4_class"
20240509_hela-adhered_10x_caged_4_class,test_ds,0.55,lora_r32_0.1_20250108_neuron-adhered,"20240516_DC-adhered_10x_caged_4_class,20240422_neuron-adhered_10x_uncaged_4_class,20240703_neuron-adhered_10x_caged_4_class,20260316_a549-tomm20-gfp-adhered_10x_caged_at_4x_4_class,231212_imr90_multichannel_overlay_4_class,20250227_preadipocytes-adhered_10x_caged_4_class,20240624_mc38_10x_uncaged_4_class,20240509_Hs675Tfibroblasts_10x_caged_4_class,20250108_neuron-adhered_10x_uncaged_4_class"
20240515_DC-adhered_10x_caged_4_class,test_ds,0.688,lora_r32_0.1_20250108_neuron-adhered,"20240516_DC-adhered_10x_caged_4_class,20240422_neuron-adhered_10x_uncaged_4_class,20240703_neuron-adhered_10x_caged_4_class,20260316_a549-tomm20-gfp-adhered_10x_caged_at_4x_4_class,231212_imr90_multichannel_overlay_4_class,20250227_preadipocytes-adhered_10x_caged_4_class,20240624_mc38_10x_uncaged_4_class,20240509_Hs675Tfibroblasts_10x_caged_4_class,20250108_neuron-adhered_10x_uncaged_4_class"
20240516_DC-adhered_10x_caged_4_class,test_ds,0.707,lora_r32_0.1_20250108_neuron-adhered,"20240516_DC-adhered_10x_caged_4_class,20240422_neuron-adhered_10x_uncaged_4_class,20240703_neuron-adhered_10x_caged_4_class,20260316_a549-tomm20-gfp-adhered_10x_caged_at_4x_4_class,231212_imr90_multichannel_overlay_4_class,20250227_preadipocytes-adhered_10x_caged_4_class,20240624_mc38_10x_uncaged_4_class,20240509_Hs675Tfibroblasts_10x_caged_4_class,20250108_neuron-adhered_10x_uncaged_4_class"
20240624_mc38_10x_caged_4_class,test_ds,0.568,lora_r32_0.1_20250108_neuron-adhered,"20240516_DC-adhered_10x_caged_4_class,20240422_neuron-adhered_10x_uncaged_4_class,20240703_neuron-adhered_10x_caged_4_class,20260316_a549-tomm20-gfp-adhered_10x_caged_at_4x_4_class,231212_imr90_multichannel_overlay_4_class,20250227_preadipocytes-adhered_10x_caged_4_class,20240624_mc38_10x_uncaged_4_class,20240509_Hs675Tfibroblasts_10x_caged_4_class,20250108_neuron-adhered_10x_uncaged_4_class"
20240624_mc38_10x_uncaged_4_class,test_ds,0.716,lora_r32_0.1_20250108_neuron-adhered,"20240516_DC-adhered_10x_caged_4_class,20240422_neuron-adhered_10x_uncaged_4_class,20240703_neuron-adhered_10x_caged_4_class,20260316_a549-tomm20-gfp-adhered_10x_caged_at_4x_4_class,231212_imr90_multichannel_overlay_4_class,20250227_preadipocytes-adhered_10x_caged_4_class,20240624_mc38_10x_uncaged_4_class,20240509_Hs675Tfibroblasts_10x_caged_4_class,20250108_neuron-adhered_10x_uncaged_4_class"
20240625_mc38_10x_caged_4_class,test_ds,0.574,lora_r32_0.1_20250108_neuron-adhered,"20240516_DC-adhered_10x_caged_4_class,20240422_neuron-adhered_10x_uncaged_4_class,20240703_neuron-adhered_10x_caged_4_class,20260316_a549-tomm20-gfp-adhered_10x_caged_at_4x_4_class,231212_imr90_multichannel_overlay_4_class,20250227_preadipocytes-adhered_10x_caged_4_class,20240624_mc38_10x_uncaged_4_class,20240509_Hs675Tfibroblasts_10x_caged_4_class,20250108_neuron-adhered_10x_uncaged_4_class"
20240703_neuron-adhered_10x_caged_4_class,test_ds,0.625,lora_r32_0.1_20250108_neuron-adhered,"20240516_DC-adhered_10x_caged_4_class,20240422_neuron-adhered_10x_uncaged_4_class,20240703_neuron-adhered_10x_caged_4_class,20260316_a549-tomm20-gfp-adhered_10x_caged_at_4x_4_class,231212_imr90_multichannel_overlay_4_class,20250227_preadipocytes-adhered_10x_caged_4_class,20240624_mc38_10x_uncaged_4_class,20240509_Hs675Tfibroblasts_10x_caged_4_class,20250108_neuron-adhered_10x_uncaged_4_class"
20240704_neuron-adhered_10x_caged_4_class,test_ds,0.605,lora_r32_0.1_20250108_neuron-adhered,"20240516_DC-adhered_10x_caged_4_class,20240422_neuron-adhered_10x_uncaged_4_class,20240703_neuron-adhered_10x_caged_4_class,20260316_a549-tomm20-gfp-adhered_10x_caged_at_4x_4_class,231212_imr90_multichannel_overlay_4_class,20250227_preadipocytes-adhered_10x_caged_4_class,20240624_mc38_10x_uncaged_4_class,20240509_Hs675Tfibroblasts_10x_caged_4_class,20250108_neuron-adhered_10x_uncaged_4_class"
20240905_u87-adhered_10x_caged_4_class,test_ds,0.518,lora_r32_0.1_20250108_neuron-adhered,"20240516_DC-adhered_10x_caged_4_class,20240422_neuron-adhered_10x_uncaged_4_class,20240703_neuron-adhered_10x_caged_4_class,20260316_a549-tomm20-gfp-adhered_10x_caged_at_4x_4_class,231212_imr90_multichannel_overlay_4_class,20250227_preadipocytes-adhered_10x_caged_4_class,20240624_mc38_10x_uncaged_4_class,20240509_Hs675Tfibroblasts_10x_caged_4_class,20250108_neuron-adhered_10x_uncaged_4_class"
20240924_enteric-glia-adhered_10x_uncaged_4_class,test_ds,0.657,lora_r32_0.1_20250108_neuron-adhered,"20240516_DC-adhered_10x_caged_4_class,20240422_neuron-adhered_10x_uncaged_4_class,20240703_neuron-adhered_10x_caged_4_class,20260316_a549-tomm20-gfp-adhered_10x_caged_at_4x_4_class,231212_imr90_multichannel_overlay_4_class,20250227_preadipocytes-adhered_10x_caged_4_class,20240624_mc38_10x_uncaged_4_class,20240509_Hs675Tfibroblasts_10x_caged_4_class,20250108_neuron-adhered_10x_uncaged_4_class"
20241212_preadipocytes-adhered_10x_uncaged_4_class,test_ds,0.357,lora_r32_0.1_20250108_neuron-adhered,"20240516_DC-adhered_10x_caged_4_class,20240422_neuron-adhered_10x_uncaged_4_class,20240703_neuron-adhered_10x_caged_4_class,20260316_a549-tomm20-gfp-adhered_10x_caged_at_4x_4_class,231212_imr90_multichannel_overlay_4_class,20250227_preadipocytes-adhered_10x_caged_4_class,20240624_mc38_10x_uncaged_4_class,20240509_Hs675Tfibroblasts_10x_caged_4_class,20250108_neuron-adhered_10x_uncaged_4_class"
20250108_neuron-adhered_10x_uncaged_4_class,test_ds,0.483,lora_r32_0.1_20250108_neuron-adhered,"20240516_DC-adhered_10x_caged_4_class,20240422_neuron-adhered_10x_uncaged_4_class,20240703_neuron-adhered_10x_caged_4_class,20260316_a549-tomm20-gfp-adhered_10x_caged_at_4x_4_class,231212_imr90_multichannel_overlay_4_class,20250227_preadipocytes-adhered_10x_caged_4_class,20240624_mc38_10x_uncaged_4_class,20240509_Hs675Tfibroblasts_10x_caged_4_class,20250108_neuron-adhered_10x_uncaged_4_class"
20250227_preadipocytes-adhered_10x_caged_4_class,test_ds,0.501,lora_r32_0.1_20250108_neuron-adhered,"20240516_DC-adhered_10x_caged_4_class,20240422_neuron-adhered_10x_uncaged_4_class,20240703_neuron-adhered_10x_caged_4_class,20260316_a549-tomm20-gfp-adhered_10x_caged_at_4x_4_class,231212_imr90_multichannel_overlay_4_class,20250227_preadipocytes-adhered_10x_caged_4_class,20240624_mc38_10x_uncaged_4_class,20240509_Hs675Tfibroblasts_10x_caged_4_class,20250108_neuron-adhered_10x_uncaged_4_class"
20250305_neuron-adhered_10x_uncaged_4_class,test_ds,0.467,lora_r32_0.1_20250108_neuron-adhered,"20240516_DC-adhered_10x_caged_4_class,20240422_neuron-adhered_10x_uncaged_4_class,20240703_neuron-adhered_10x_caged_4_class,20260316_a549-tomm20-gfp-adhered_10x_caged_at_4x_4_class,231212_imr90_multichannel_overlay_4_class,20250227_preadipocytes-adhered_10x_caged_4_class,20240624_mc38_10x_uncaged_4_class,20240509_Hs675Tfibroblasts_10x_caged_4_class,20250108_neuron-adhered_10x_uncaged_4_class"
20250820_c8d1a_astrocytes-adherent_10x_caged_4_class,test_ds,0.522,lora_r32_0.1_20250108_neuron-adhered,"20240516_DC-adhered_10x_caged_4_class,20240422_neuron-adhered_10x_uncaged_4_class,20240703_neuron-adhered_10x_caged_4_class,20260316_a549-tomm20-gfp-adhered_10x_caged_at_4x_4_class,231212_imr90_multichannel_overlay_4_class,20250227_preadipocytes-adhered_10x_caged_4_class,20240624_mc38_10x_uncaged_4_class,20240509_Hs675Tfibroblasts_10x_caged_4_class,20250108_neuron-adhered_10x_uncaged_4_class"
20250917_moc22-adhered_10x_caged_4_class,test_ds,0.524,lora_r32_0.1_20250108_neuron-adhered,"20240516_DC-adhered_10x_caged_4_class,20240422_neuron-adhered_10x_uncaged_4_class,20240703_neuron-adhered_10x_caged_4_class,20260316_a549-tomm20-gfp-adhered_10x_caged_at_4x_4_class,231212_imr90_multichannel_overlay_4_class,20250227_preadipocytes-adhered_10x_caged_4_class,20240624_mc38_10x_uncaged_4_class,20240509_Hs675Tfibroblasts_10x_caged_4_class,20250108_neuron-adhered_10x_uncaged_4_class"
20260316_a549-tomm20-gfp-adhered_10x_caged_at_4x_4_class,test_ds,0.725,lora_r32_0.1_20250108_neuron-adhered,"20240516_DC-adhered_10x_caged_4_class,20240422_neuron-adhered_10x_uncaged_4_class,20240703_neuron-adhered_10x_caged_4_class,20260316_a549-tomm20-gfp-adhered_10x_caged_at_4x_4_class,231212_imr90_multichannel_overlay_4_class,20250227_preadipocytes-adhered_10x_caged_4_class,20240624_mc38_10x_uncaged_4_class,20240509_Hs675Tfibroblasts_10x_caged_4_class,20250108_neuron-adhered_10x_uncaged_4_class"
231212_imr90_multichannel_overlay_4_class,test_ds,0.775,lora_r32_0.1_20250108_neuron-adhered,"20240516_DC-adhered_10x_caged_4_class,20240422_neuron-adhered_10x_uncaged_4_class,20240703_neuron-adhered_10x_caged_4_class,20260316_a549-tomm20-gfp-adhered_10x_caged_at_4x_4_class,231212_imr90_multichannel_overlay_4_class,20250227_preadipocytes-adhered_10x_caged_4_class,20240624_mc38_10x_uncaged_4_class,20240509_Hs675Tfibroblasts_10x_caged_4_class,20250108_neuron-adhered_10x_uncaged_4_class"
240213_imr90_multichannel_overlay_4_class,test_ds,0.536,lora_r32_0.1_20250108_neuron-adhered,"20240516_DC-adhered_10x_caged_4_class,20240422_neuron-adhered_10x_uncaged_4_class,20240703_neuron-adhered_10x_caged_4_class,20260316_a549-tomm20-gfp-adhered_10x_caged_at_4x_4_class,231212_imr90_multichannel_overlay_4_class,20250227_preadipocytes-adhered_10x_caged_4_class,20240624_mc38_10x_uncaged_4_class,20240509_Hs675Tfibroblasts_10x_caged_4_class,20250108_neuron-adhered_10x_uncaged_4_class"
20240516_DC-adhered_10x_caged_4_class,train_ds,0.701,lora_r32_0.25_20250108_neuron-adhered,"20240516_DC-adhered_10x_caged_4_class,20240422_neuron-adhered_10x_uncaged_4_class,20240703_neuron-adhered_10x_caged_4_class,20260316_a549-tomm20-gfp-adhered_10x_caged_at_4x_4_class,231212_imr90_multichannel_overlay_4_class,20250227_preadipocytes-adhered_10x_caged_4_class,20240624_mc38_10x_uncaged_4_class,20240509_Hs675Tfibroblasts_10x_caged_4_class,20250108_neuron-adhered_10x_uncaged_4_class"
20240422_neuron-adhered_10x_uncaged_4_class,train_ds,0.554,lora_r32_0.25_20250108_neuron-adhered,"20240516_DC-adhered_10x_caged_4_class,20240422_neuron-adhered_10x_uncaged_4_class,20240703_neuron-adhered_10x_caged_4_class,20260316_a549-tomm20-gfp-adhered_10x_caged_at_4x_4_class,231212_imr90_multichannel_overlay_4_class,20250227_preadipocytes-adhered_10x_caged_4_class,20240624_mc38_10x_uncaged_4_class,20240509_Hs675Tfibroblasts_10x_caged_4_class,20250108_neuron-adhered_10x_uncaged_4_class"
20240703_neuron-adhered_10x_caged_4_class,train_ds,0.61,lora_r32_0.25_20250108_neuron-adhered,"20240516_DC-adhered_10x_caged_4_class,20240422_neuron-adhered_10x_uncaged_4_class,20240703_neuron-adhered_10x_caged_4_class,20260316_a549-tomm20-gfp-adhered_10x_caged_at_4x_4_class,231212_imr90_multichannel_overlay_4_class,20250227_preadipocytes-adhered_10x_caged_4_class,20240624_mc38_10x_uncaged_4_class,20240509_Hs675Tfibroblasts_10x_caged_4_class,20250108_neuron-adhered_10x_uncaged_4_class"
20260316_a549-tomm20-gfp-adhered_10x_caged_at_4x_4_class,train_ds,0.723,lora_r32_0.25_20250108_neuron-adhered,"20240516_DC-adhered_10x_caged_4_class,20240422_neuron-adhered_10x_uncaged_4_class,20240703_neuron-adhered_10x_caged_4_class,20260316_a549-tomm20-gfp-adhered_10x_caged_at_4x_4_class,231212_imr90_multichannel_overlay_4_class,20250227_preadipocytes-adhered_10x_caged_4_class,20240624_mc38_10x_uncaged_4_class,20240509_Hs675Tfibroblasts_10x_caged_4_class,20250108_neuron-adhered_10x_uncaged_4_class"
231212_imr90_multichannel_overlay_4_class,train_ds,0.77,lora_r32_0.25_20250108_neuron-adhered,"20240516_DC-adhered_10x_caged_4_class,20240422_neuron-adhered_10x_uncaged_4_class,20240703_neuron-adhered_10x_caged_4_class,20260316_a549-tomm20-gfp-adhered_10x_caged_at_4x_4_class,231212_imr90_multichannel_overlay_4_class,20250227_preadipocytes-adhered_10x_caged_4_class,20240624_mc38_10x_uncaged_4_class,20240509_Hs675Tfibroblasts_10x_caged_4_class,20250108_neuron-adhered_10x_uncaged_4_class"
20250227_preadipocytes-adhered_10x_caged_4_class,train_ds,0.503,lora_r32_0.25_20250108_neuron-adhered,"20240516_DC-adhered_10x_caged_4_class,20240422_neuron-adhered_10x_uncaged_4_class,20240703_neuron-adhered_10x_caged_4_class,20260316_a549-tomm20-gfp-adhered_10x_caged_at_4x_4_class,231212_imr90_multichannel_overlay_4_class,20250227_preadipocytes-adhered_10x_caged_4_class,20240624_mc38_10x_uncaged_4_class,20240509_Hs675Tfibroblasts_10x_caged_4_class,20250108_neuron-adhered_10x_uncaged_4_class"
20240624_mc38_10x_uncaged_4_class,train_ds,0.705,lora_r32_0.25_20250108_neuron-adhered,"20240516_DC-adhered_10x_caged_4_class,20240422_neuron-adhered_10x_uncaged_4_class,20240703_neuron-adhered_10x_caged_4_class,20260316_a549-tomm20-gfp-adhered_10x_caged_at_4x_4_class,231212_imr90_multichannel_overlay_4_class,20250227_preadipocytes-adhered_10x_caged_4_class,20240624_mc38_10x_uncaged_4_class,20240509_Hs675Tfibroblasts_10x_caged_4_class,20250108_neuron-adhered_10x_uncaged_4_class"
20240509_Hs675Tfibroblasts_10x_caged_4_class,train_ds,0.691,lora_r32_0.25_20250108_neuron-adhered,"20240516_DC-adhered_10x_caged_4_class,20240422_neuron-adhered_10x_uncaged_4_class,20240703_neuron-adhered_10x_caged_4_class,20260316_a549-tomm20-gfp-adhered_10x_caged_at_4x_4_class,231212_imr90_multichannel_overlay_4_class,20250227_preadipocytes-adhered_10x_caged_4_class,20240624_mc38_10x_uncaged_4_class,20240509_Hs675Tfibroblasts_10x_caged_4_class,20250108_neuron-adhered_10x_uncaged_4_class"
20250108_neuron-adhered_10x_uncaged_4_class,train_ds,0.544,lora_r32_0.25_20250108_neuron-adhered,"20240516_DC-adhered_10x_caged_4_class,20240422_neuron-adhered_10x_uncaged_4_class,20240703_neuron-adhered_10x_caged_4_class,20260316_a549-tomm20-gfp-adhered_10x_caged_at_4x_4_class,231212_imr90_multichannel_overlay_4_class,20250227_preadipocytes-adhered_10x_caged_4_class,20240624_mc38_10x_uncaged_4_class,20240509_Hs675Tfibroblasts_10x_caged_4_class,20250108_neuron-adhered_10x_uncaged_4_class"
20240422_neuron-adhered_10x_uncaged_4_class,test_ds,0.554,lora_r32_0.25_20250108_neuron-adhered,"20240516_DC-adhered_10x_caged_4_class,20240422_neuron-adhered_10x_uncaged_4_class,20240703_neuron-adhered_10x_caged_4_class,20260316_a549-tomm20-gfp-adhered_10x_caged_at_4x_4_class,231212_imr90_multichannel_overlay_4_class,20250227_preadipocytes-adhered_10x_caged_4_class,20240624_mc38_10x_uncaged_4_class,20240509_Hs675Tfibroblasts_10x_caged_4_class,20250108_neuron-adhered_10x_uncaged_4_class"
20240509_Hs675Tfibroblasts_10x_caged_4_class,test_ds,0.691,lora_r32_0.25_20250108_neuron-adhered,"20240516_DC-adhered_10x_caged_4_class,20240422_neuron-adhered_10x_uncaged_4_class,20240703_neuron-adhered_10x_caged_4_class,20260316_a549-tomm20-gfp-adhered_10x_caged_at_4x_4_class,231212_imr90_multichannel_overlay_4_class,20250227_preadipocytes-adhered_10x_caged_4_class,20240624_mc38_10x_uncaged_4_class,20240509_Hs675Tfibroblasts_10x_caged_4_class,20250108_neuron-adhered_10x_uncaged_4_class"
20240509_hela-adhered_10x_caged_4_class,test_ds,0.541,lora_r32_0.25_20250108_neuron-adhered,"20240516_DC-adhered_10x_caged_4_class,20240422_neuron-adhered_10x_uncaged_4_class,20240703_neuron-adhered_10x_caged_4_class,20260316_a549-tomm20-gfp-adhered_10x_caged_at_4x_4_class,231212_imr90_multichannel_overlay_4_class,20250227_preadipocytes-adhered_10x_caged_4_class,20240624_mc38_10x_uncaged_4_class,20240509_Hs675Tfibroblasts_10x_caged_4_class,20250108_neuron-adhered_10x_uncaged_4_class"
20240515_DC-adhered_10x_caged_4_class,test_ds,0.685,lora_r32_0.25_20250108_neuron-adhered,"20240516_DC-adhered_10x_caged_4_class,20240422_neuron-adhered_10x_uncaged_4_class,20240703_neuron-adhered_10x_caged_4_class,20260316_a549-tomm20-gfp-adhered_10x_caged_at_4x_4_class,231212_imr90_multichannel_overlay_4_class,20250227_preadipocytes-adhered_10x_caged_4_class,20240624_mc38_10x_uncaged_4_class,20240509_Hs675Tfibroblasts_10x_caged_4_class,20250108_neuron-adhered_10x_uncaged_4_class"
20240516_DC-adhered_10x_caged_4_class,test_ds,0.701,lora_r32_0.25_20250108_neuron-adhered,"20240516_DC-adhered_10x_caged_4_class,20240422_neuron-adhered_10x_uncaged_4_class,20240703_neuron-adhered_10x_caged_4_class,20260316_a549-tomm20-gfp-adhered_10x_caged_at_4x_4_class,231212_imr90_multichannel_overlay_4_class,20250227_preadipocytes-adhered_10x_caged_4_class,20240624_mc38_10x_uncaged_4_class,20240509_Hs675Tfibroblasts_10x_caged_4_class,20250108_neuron-adhered_10x_uncaged_4_class"
20240624_mc38_10x_caged_4_class,test_ds,0.564,lora_r32_0.25_20250108_neuron-adhered,"20240516_DC-adhered_10x_caged_4_class,20240422_neuron-adhered_10x_uncaged_4_class,20240703_neuron-adhered_10x_caged_4_class,20260316_a549-tomm20-gfp-adhered_10x_caged_at_4x_4_class,231212_imr90_multichannel_overlay_4_class,20250227_preadipocytes-adhered_10x_caged_4_class,20240624_mc38_10x_uncaged_4_class,20240509_Hs675Tfibroblasts_10x_caged_4_class,20250108_neuron-adhered_10x_uncaged_4_class"
20240624_mc38_10x_uncaged_4_class,test_ds,0.705,lora_r32_0.25_20250108_neuron-adhered,"20240516_DC-adhered_10x_caged_4_class,20240422_neuron-adhered_10x_uncaged_4_class,20240703_neuron-adhered_10x_caged_4_class,20260316_a549-tomm20-gfp-adhered_10x_caged_at_4x_4_class,231212_imr90_multichannel_overlay_4_class,20250227_preadipocytes-adhered_10x_caged_4_class,20240624_mc38_10x_uncaged_4_class,20240509_Hs675Tfibroblasts_10x_caged_4_class,20250108_neuron-adhered_10x_uncaged_4_class"
20240625_mc38_10x_caged_4_class,test_ds,0.576,lora_r32_0.25_20250108_neuron-adhered,"20240516_DC-adhered_10x_caged_4_class,20240422_neuron-adhered_10x_uncaged_4_class,20240703_neuron-adhered_10x_caged_4_class,20260316_a549-tomm20-gfp-adhered_10x_caged_at_4x_4_class,231212_imr90_multichannel_overlay_4_class,20250227_preadipocytes-adhered_10x_caged_4_class,20240624_mc38_10x_uncaged_4_class,20240509_Hs675Tfibroblasts_10x_caged_4_class,20250108_neuron-adhered_10x_uncaged_4_class"
20240703_neuron-adhered_10x_caged_4_class,test_ds,0.61,lora_r32_0.25_20250108_neuron-adhered,"20240516_DC-adhered_10x_caged_4_class,20240422_neuron-adhered_10x_uncaged_4_class,20240703_neuron-adhered_10x_caged_4_class,20260316_a549-tomm20-gfp-adhered_10x_caged_at_4x_4_class,231212_imr90_multichannel_overlay_4_class,20250227_preadipocytes-adhered_10x_caged_4_class,20240624_mc38_10x_uncaged_4_class,20240509_Hs675Tfibroblasts_10x_caged_4_class,20250108_neuron-adhered_10x_uncaged_4_class"
20240704_neuron-adhered_10x_caged_4_class,test_ds,0.584,lora_r32_0.25_20250108_neuron-adhered,"20240516_DC-adhered_10x_caged_4_class,20240422_neuron-adhered_10x_uncaged_4_class,20240703_neuron-adhered_10x_caged_4_class,20260316_a549-tomm20-gfp-adhered_10x_caged_at_4x_4_class,231212_imr90_multichannel_overlay_4_class,20250227_preadipocytes-adhered_10x_caged_4_class,20240624_mc38_10x_uncaged_4_class,20240509_Hs675Tfibroblasts_10x_caged_4_class,20250108_neuron-adhered_10x_uncaged_4_class"
20240905_u87-adhered_10x_caged_4_class,test_ds,0.523,lora_r32_0.25_20250108_neuron-adhered,"20240516_DC-adhered_10x_caged_4_class,20240422_neuron-adhered_10x_uncaged_4_class,20240703_neuron-adhered_10x_caged_4_class,20260316_a549-tomm20-gfp-adhered_10x_caged_at_4x_4_class,231212_imr90_multichannel_overlay_4_class,20250227_preadipocytes-adhered_10x_caged_4_class,20240624_mc38_10x_uncaged_4_class,20240509_Hs675Tfibroblasts_10x_caged_4_class,20250108_neuron-adhered_10x_uncaged_4_class"
20240924_enteric-glia-adhered_10x_uncaged_4_class,test_ds,0.663,lora_r32_0.25_20250108_neuron-adhered,"20240516_DC-adhered_10x_caged_4_class,20240422_neuron-adhered_10x_uncaged_4_class,20240703_neuron-adhered_10x_caged_4_class,20260316_a549-tomm20-gfp-adhered_10x_caged_at_4x_4_class,231212_imr90_multichannel_overlay_4_class,20250227_preadipocytes-adhered_10x_caged_4_class,20240624_mc38_10x_uncaged_4_class,20240509_Hs675Tfibroblasts_10x_caged_4_class,20250108_neuron-adhered_10x_uncaged_4_class"
20241212_preadipocytes-adhered_10x_uncaged_4_class,test_ds,0.366,lora_r32_0.25_20250108_neuron-adhered,"20240516_DC-adhered_10x_caged_4_class,20240422_neuron-adhered_10x_uncaged_4_class,20240703_neuron-adhered_10x_caged_4_class,20260316_a549-tomm20-gfp-adhered_10x_caged_at_4x_4_class,231212_imr90_multichannel_overlay_4_class,20250227_preadipocytes-adhered_10x_caged_4_class,20240624_mc38_10x_uncaged_4_class,20240509_Hs675Tfibroblasts_10x_caged_4_class,20250108_neuron-adhered_10x_uncaged_4_class"
20250108_neuron-adhered_10x_uncaged_4_class,test_ds,0.544,lora_r32_0.25_20250108_neuron-adhered,"20240516_DC-adhered_10x_caged_4_class,20240422_neuron-adhered_10x_uncaged_4_class,20240703_neuron-adhered_10x_caged_4_class,20260316_a549-tomm20-gfp-adhered_10x_caged_at_4x_4_class,231212_imr90_multichannel_overlay_4_class,20250227_preadipocytes-adhered_10x_caged_4_class,20240624_mc38_10x_uncaged_4_class,20240509_Hs675Tfibroblasts_10x_caged_4_class,20250108_neuron-adhered_10x_uncaged_4_class"
20250227_preadipocytes-adhered_10x_caged_4_class,test_ds,0.503,lora_r32_0.25_20250108_neuron-adhered,"20240516_DC-adhered_10x_caged_4_class,20240422_neuron-adhered_10x_uncaged_4_class,20240703_neuron-adhered_10x_caged_4_class,20260316_a549-tomm20-gfp-adhered_10x_caged_at_4x_4_class,231212_imr90_multichannel_overlay_4_class,20250227_preadipocytes-adhered_10x_caged_4_class,20240624_mc38_10x_uncaged_4_class,20240509_Hs675Tfibroblasts_10x_caged_4_class,20250108_neuron-adhered_10x_uncaged_4_class"
20250305_neuron-adhered_10x_uncaged_4_class,test_ds,0.404,lora_r32_0.25_20250108_neuron-adhered,"20240516_DC-adhered_10x_caged_4_class,20240422_neuron-adhered_10x_uncaged_4_class,20240703_neuron-adhered_10x_caged_4_class,20260316_a549-tomm20-gfp-adhered_10x_caged_at_4x_4_class,231212_imr90_multichannel_overlay_4_class,20250227_preadipocytes-adhered_10x_caged_4_class,20240624_mc38_10x_uncaged_4_class,20240509_Hs675Tfibroblasts_10x_caged_4_class,20250108_neuron-adhered_10x_uncaged_4_class"
20250820_c8d1a_astrocytes-adherent_10x_caged_4_class,test_ds,0.528,lora_r32_0.25_20250108_neuron-adhered,"20240516_DC-adhered_10x_caged_4_class,20240422_neuron-adhered_10x_uncaged_4_class,20240703_neuron-adhered_10x_caged_4_class,20260316_a549-tomm20-gfp-adhered_10x_caged_at_4x_4_class,231212_imr90_multichannel_overlay_4_class,20250227_preadipocytes-adhered_10x_caged_4_class,20240624_mc38_10x_uncaged_4_class,20240509_Hs675Tfibroblasts_10x_caged_4_class,20250108_neuron-adhered_10x_uncaged_4_class"
20250917_moc22-adhered_10x_caged_4_class,test_ds,0.542,lora_r32_0.25_20250108_neuron-adhered,"20240516_DC-adhered_10x_caged_4_class,20240422_neuron-adhered_10x_uncaged_4_class,20240703_neuron-adhered_10x_caged_4_class,20260316_a549-tomm20-gfp-adhered_10x_caged_at_4x_4_class,231212_imr90_multichannel_overlay_4_class,20250227_preadipocytes-adhered_10x_caged_4_class,20240624_mc38_10x_uncaged_4_class,20240509_Hs675Tfibroblasts_10x_caged_4_class,20250108_neuron-adhered_10x_uncaged_4_class"
20260316_a549-tomm20-gfp-adhered_10x_caged_at_4x_4_class,test_ds,0.723,lora_r32_0.25_20250108_neuron-adhered,"20240516_DC-adhered_10x_caged_4_class,20240422_neuron-adhered_10x_uncaged_4_class,20240703_neuron-adhered_10x_caged_4_class,20260316_a549-tomm20-gfp-adhered_10x_caged_at_4x_4_class,231212_imr90_multichannel_overlay_4_class,20250227_preadipocytes-adhered_10x_caged_4_class,20240624_mc38_10x_uncaged_4_class,20240509_Hs675Tfibroblasts_10x_caged_4_class,20250108_neuron-adhered_10x_uncaged_4_class"
231212_imr90_multichannel_overlay_4_class,test_ds,0.77,lora_r32_0.25_20250108_neuron-adhered,"20240516_DC-adhered_10x_caged_4_class,20240422_neuron-adhered_10x_uncaged_4_class,20240703_neuron-adhered_10x_caged_4_class,20260316_a549-tomm20-gfp-adhered_10x_caged_at_4x_4_class,231212_imr90_multichannel_overlay_4_class,20250227_preadipocytes-adhered_10x_caged_4_class,20240624_mc38_10x_uncaged_4_class,20240509_Hs675Tfibroblasts_10x_caged_4_class,20250108_neuron-adhered_10x_uncaged_4_class"
240213_imr90_multichannel_overlay_4_class,test_ds,0.563,lora_r32_0.25_20250108_neuron-adhered,"20240516_DC-adhered_10x_caged_4_class,20240422_neuron-adhered_10x_uncaged_4_class,20240703_neuron-adhered_10x_caged_4_class,20260316_a549-tomm20-gfp-adhered_10x_caged_at_4x_4_class,231212_imr90_multichannel_overlay_4_class,20250227_preadipocytes-adhered_10x_caged_4_class,20240624_mc38_10x_uncaged_4_class,20240509_Hs675Tfibroblasts_10x_caged_4_class,20250108_neuron-adhered_10x_uncaged_4_class"
20240516_DC-adhered_10x_caged_4_class,train_ds,0.701,lora_r32_0.5_20250108_neuron-adhered,"20240516_DC-adhered_10x_caged_4_class,20240422_neuron-adhered_10x_uncaged_4_class,20240703_neuron-adhered_10x_caged_4_class,20260316_a549-tomm20-gfp-adhered_10x_caged_at_4x_4_class,231212_imr90_multichannel_overlay_4_class,20250227_preadipocytes-adhered_10x_caged_4_class,20240624_mc38_10x_uncaged_4_class,20240509_Hs675Tfibroblasts_10x_caged_4_class,20250108_neuron-adhered_10x_uncaged_4_class"
20240422_neuron-adhered_10x_uncaged_4_class,train_ds,0.551,lora_r32_0.5_20250108_neuron-adhered,"20240516_DC-adhered_10x_caged_4_class,20240422_neuron-adhered_10x_uncaged_4_class,20240703_neuron-adhered_10x_caged_4_class,20260316_a549-tomm20-gfp-adhered_10x_caged_at_4x_4_class,231212_imr90_multichannel_overlay_4_class,20250227_preadipocytes-adhered_10x_caged_4_class,20240624_mc38_10x_uncaged_4_class,20240509_Hs675Tfibroblasts_10x_caged_4_class,20250108_neuron-adhered_10x_uncaged_4_class"
20240703_neuron-adhered_10x_caged_4_class,train_ds,0.603,lora_r32_0.5_20250108_neuron-adhered,"20240516_DC-adhered_10x_caged_4_class,20240422_neuron-adhered_10x_uncaged_4_class,20240703_neuron-adhered_10x_caged_4_class,20260316_a549-tomm20-gfp-adhered_10x_caged_at_4x_4_class,231212_imr90_multichannel_overlay_4_class,20250227_preadipocytes-adhered_10x_caged_4_class,20240624_mc38_10x_uncaged_4_class,20240509_Hs675Tfibroblasts_10x_caged_4_class,20250108_neuron-adhered_10x_uncaged_4_class"
20260316_a549-tomm20-gfp-adhered_10x_caged_at_4x_4_class,train_ds,0.723,lora_r32_0.5_20250108_neuron-adhered,"20240516_DC-adhered_10x_caged_4_class,20240422_neuron-adhered_10x_uncaged_4_class,20240703_neuron-adhered_10x_caged_4_class,20260316_a549-tomm20-gfp-adhered_10x_caged_at_4x_4_class,231212_imr90_multichannel_overlay_4_class,20250227_preadipocytes-adhered_10x_caged_4_class,20240624_mc38_10x_uncaged_4_class,20240509_Hs675Tfibroblasts_10x_caged_4_class,20250108_neuron-adhered_10x_uncaged_4_class"
231212_imr90_multichannel_overlay_4_class,train_ds,0.771,lora_r32_0.5_20250108_neuron-adhered,"20240516_DC-adhered_10x_caged_4_class,20240422_neuron-adhered_10x_uncaged_4_class,20240703_neuron-adhered_10x_caged_4_class,20260316_a549-tomm20-gfp-adhered_10x_caged_at_4x_4_class,231212_imr90_multichannel_overlay_4_class,20250227_preadipocytes-adhered_10x_caged_4_class,20240624_mc38_10x_uncaged_4_class,20240509_Hs675Tfibroblasts_10x_caged_4_class,20250108_neuron-adhered_10x_uncaged_4_class"
20250227_preadipocytes-adhered_10x_caged_4_class,train_ds,0.502,lora_r32_0.5_20250108_neuron-adhered,"20240516_DC-adhered_10x_caged_4_class,20240422_neuron-adhered_10x_uncaged_4_class,20240703_neuron-adhered_10x_caged_4_class,20260316_a549-tomm20-gfp-adhered_10x_caged_at_4x_4_class,231212_imr90_multichannel_overlay_4_class,20250227_preadipocytes-adhered_10x_caged_4_class,20240624_mc38_10x_uncaged_4_class,20240509_Hs675Tfibroblasts_10x_caged_4_class,20250108_neuron-adhered_10x_uncaged_4_class"
20240624_mc38_10x_uncaged_4_class,train_ds,0.699,lora_r32_0.5_20250108_neuron-adhered,"20240516_DC-adhered_10x_caged_4_class,20240422_neuron-adhered_10x_uncaged_4_class,20240703_neuron-adhered_10x_caged_4_class,20260316_a549-tomm20-gfp-adhered_10x_caged_at_4x_4_class,231212_imr90_multichannel_overlay_4_class,20250227_preadipocytes-adhered_10x_caged_4_class,20240624_mc38_10x_uncaged_4_class,20240509_Hs675Tfibroblasts_10x_caged_4_class,20250108_neuron-adhered_10x_uncaged_4_class"
20240509_Hs675Tfibroblasts_10x_caged_4_class,train_ds,0.69,lora_r32_0.5_20250108_neuron-adhered,"20240516_DC-adhered_10x_caged_4_class,20240422_neuron-adhered_10x_uncaged_4_class,20240703_neuron-adhered_10x_caged_4_class,20260316_a549-tomm20-gfp-adhered_10x_caged_at_4x_4_class,231212_imr90_multichannel_overlay_4_class,20250227_preadipocytes-adhered_10x_caged_4_class,20240624_mc38_10x_uncaged_4_class,20240509_Hs675Tfibroblasts_10x_caged_4_class,20250108_neuron-adhered_10x_uncaged_4_class"
20250108_neuron-adhered_10x_uncaged_4_class,train_ds,0.57,lora_r32_0.5_20250108_neuron-adhered,"20240516_DC-adhered_10x_caged_4_class,20240422_neuron-adhered_10x_uncaged_4_class,20240703_neuron-adhered_10x_caged_4_class,20260316_a549-tomm20-gfp-adhered_10x_caged_at_4x_4_class,231212_imr90_multichannel_overlay_4_class,20250227_preadipocytes-adhered_10x_caged_4_class,20240624_mc38_10x_uncaged_4_class,20240509_Hs675Tfibroblasts_10x_caged_4_class,20250108_neuron-adhered_10x_uncaged_4_class"
20240422_neuron-adhered_10x_uncaged_4_class,test_ds,0.551,lora_r32_0.5_20250108_neuron-adhered,"20240516_DC-adhered_10x_caged_4_class,20240422_neuron-adhered_10x_uncaged_4_class,20240703_neuron-adhered_10x_caged_4_class,20260316_a549-tomm20-gfp-adhered_10x_caged_at_4x_4_class,231212_imr90_multichannel_overlay_4_class,20250227_preadipocytes-adhered_10x_caged_4_class,20240624_mc38_10x_uncaged_4_class,20240509_Hs675Tfibroblasts_10x_caged_4_class,20250108_neuron-adhered_10x_uncaged_4_class"
20240509_Hs675Tfibroblasts_10x_caged_4_class,test_ds,0.69,lora_r32_0.5_20250108_neuron-adhered,"20240516_DC-adhered_10x_caged_4_class,20240422_neuron-adhered_10x_uncaged_4_class,20240703_neuron-adhered_10x_caged_4_class,20260316_a549-tomm20-gfp-adhered_10x_caged_at_4x_4_class,231212_imr90_multichannel_overlay_4_class,20250227_preadipocytes-adhered_10x_caged_4_class,20240624_mc38_10x_uncaged_4_class,20240509_Hs675Tfibroblasts_10x_caged_4_class,20250108_neuron-adhered_10x_uncaged_4_class"
20240509_hela-adhered_10x_caged_4_class,test_ds,0.532,lora_r32_0.5_20250108_neuron-adhered,"20240516_DC-adhered_10x_caged_4_class,20240422_neuron-adhered_10x_uncaged_4_class,20240703_neuron-adhered_10x_caged_4_class,20260316_a549-tomm20-gfp-adhered_10x_caged_at_4x_4_class,231212_imr90_multichannel_overlay_4_class,20250227_preadipocytes-adhered_10x_caged_4_class,20240624_mc38_10x_uncaged_4_class,20240509_Hs675Tfibroblasts_10x_caged_4_class,20250108_neuron-adhered_10x_uncaged_4_class"
20240515_DC-adhered_10x_caged_4_class,test_ds,0.684,lora_r32_0.5_20250108_neuron-adhered,"20240516_DC-adhered_10x_caged_4_class,20240422_neuron-adhered_10x_uncaged_4_class,20240703_neuron-adhered_10x_caged_4_class,20260316_a549-tomm20-gfp-adhered_10x_caged_at_4x_4_class,231212_imr90_multichannel_overlay_4_class,20250227_preadipocytes-adhered_10x_caged_4_class,20240624_mc38_10x_uncaged_4_class,20240509_Hs675Tfibroblasts_10x_caged_4_class,20250108_neuron-adhered_10x_uncaged_4_class"
20240516_DC-adhered_10x_caged_4_class,test_ds,0.701,lora_r32_0.5_20250108_neuron-adhered,"20240516_DC-adhered_10x_caged_4_class,20240422_neuron-adhered_10x_uncaged_4_class,20240703_neuron-adhered_10x_caged_4_class,20260316_a549-tomm20-gfp-adhered_10x_caged_at_4x_4_class,231212_imr90_multichannel_overlay_4_class,20250227_preadipocytes-adhered_10x_caged_4_class,20240624_mc38_10x_uncaged_4_class,20240509_Hs675Tfibroblasts_10x_caged_4_class,20250108_neuron-adhered_10x_uncaged_4_class"
20240624_mc38_10x_caged_4_class,test_ds,0.558,lora_r32_0.5_20250108_neuron-adhered,"20240516_DC-adhered_10x_caged_4_class,20240422_neuron-adhered_10x_uncaged_4_class,20240703_neuron-adhered_10x_caged_4_class,20260316_a549-tomm20-gfp-adhered_10x_caged_at_4x_4_class,231212_imr90_multichannel_overlay_4_class,20250227_preadipocytes-adhered_10x_caged_4_class,20240624_mc38_10x_uncaged_4_class,20240509_Hs675Tfibroblasts_10x_caged_4_class,20250108_neuron-adhered_10x_uncaged_4_class"
20240624_mc38_10x_uncaged_4_class,test_ds,0.699,lora_r32_0.5_20250108_neuron-adhered,"20240516_DC-adhered_10x_caged_4_class,20240422_neuron-adhered_10x_uncaged_4_class,20240703_neuron-adhered_10x_caged_4_class,20260316_a549-tomm20-gfp-adhered_10x_caged_at_4x_4_class,231212_imr90_multichannel_overlay_4_class,20250227_preadipocytes-adhered_10x_caged_4_class,20240624_mc38_10x_uncaged_4_class,20240509_Hs675Tfibroblasts_10x_caged_4_class,20250108_neuron-adhered_10x_uncaged_4_class"
20240625_mc38_10x_caged_4_class,test_ds,0.571,lora_r32_0.5_20250108_neuron-adhered,"20240516_DC-adhered_10x_caged_4_class,20240422_neuron-adhered_10x_uncaged_4_class,20240703_neuron-adhered_10x_caged_4_class,20260316_a549-tomm20-gfp-adhered_10x_caged_at_4x_4_class,231212_imr90_multichannel_overlay_4_class,20250227_preadipocytes-adhered_10x_caged_4_class,20240624_mc38_10x_uncaged_4_class,20240509_Hs675Tfibroblasts_10x_caged_4_class,20250108_neuron-adhered_10x_uncaged_4_class"
20240703_neuron-adhered_10x_caged_4_class,test_ds,0.603,lora_r32_0.5_20250108_neuron-adhered,"20240516_DC-adhered_10x_caged_4_class,20240422_neuron-adhered_10x_uncaged_4_class,20240703_neuron-adhered_10x_caged_4_class,20260316_a549-tomm20-gfp-adhered_10x_caged_at_4x_4_class,231212_imr90_multichannel_overlay_4_class,20250227_preadipocytes-adhered_10x_caged_4_class,20240624_mc38_10x_uncaged_4_class,20240509_Hs675Tfibroblasts_10x_caged_4_class,20250108_neuron-adhered_10x_uncaged_4_class"
20240704_neuron-adhered_10x_caged_4_class,test_ds,0.578,lora_r32_0.5_20250108_neuron-adhered,"20240516_DC-adhered_10x_caged_4_class,20240422_neuron-adhered_10x_uncaged_4_class,20240703_neuron-adhered_10x_caged_4_class,20260316_a549-tomm20-gfp-adhered_10x_caged_at_4x_4_class,231212_imr90_multichannel_overlay_4_class,20250227_preadipocytes-adhered_10x_caged_4_class,20240624_mc38_10x_uncaged_4_class,20240509_Hs675Tfibroblasts_10x_caged_4_class,20250108_neuron-adhered_10x_uncaged_4_class"
20240905_u87-adhered_10x_caged_4_class,test_ds,0.512,lora_r32_0.5_20250108_neuron-adhered,"20240516_DC-adhered_10x_caged_4_class,20240422_neuron-adhered_10x_uncaged_4_class,20240703_neuron-adhered_10x_caged_4_class,20260316_a549-tomm20-gfp-adhered_10x_caged_at_4x_4_class,231212_imr90_multichannel_overlay_4_class,20250227_preadipocytes-adhered_10x_caged_4_class,20240624_mc38_10x_uncaged_4_class,20240509_Hs675Tfibroblasts_10x_caged_4_class,20250108_neuron-adhered_10x_uncaged_4_class"
20240924_enteric-glia-adhered_10x_uncaged_4_class,test_ds,0.649,lora_r32_0.5_20250108_neuron-adhered,"20240516_DC-adhered_10x_caged_4_class,20240422_neuron-adhered_10x_uncaged_4_class,20240703_neuron-adhered_10x_caged_4_class,20260316_a549-tomm20-gfp-adhered_10x_caged_at_4x_4_class,231212_imr90_multichannel_overlay_4_class,20250227_preadipocytes-adhered_10x_caged_4_class,20240624_mc38_10x_uncaged_4_class,20240509_Hs675Tfibroblasts_10x_caged_4_class,20250108_neuron-adhered_10x_uncaged_4_class"
20241212_preadipocytes-adhered_10x_uncaged_4_class,test_ds,0.369,lora_r32_0.5_20250108_neuron-adhered,"20240516_DC-adhered_10x_caged_4_class,20240422_neuron-adhered_10x_uncaged_4_class,20240703_neuron-adhered_10x_caged_4_class,20260316_a549-tomm20-gfp-adhered_10x_caged_at_4x_4_class,231212_imr90_multichannel_overlay_4_class,20250227_preadipocytes-adhered_10x_caged_4_class,20240624_mc38_10x_uncaged_4_class,20240509_Hs675Tfibroblasts_10x_caged_4_class,20250108_neuron-adhered_10x_uncaged_4_class"
20250108_neuron-adhered_10x_uncaged_4_class,test_ds,0.57,lora_r32_0.5_20250108_neuron-adhered,"20240516_DC-adhered_10x_caged_4_class,20240422_neuron-adhered_10x_uncaged_4_class,20240703_neuron-adhered_10x_caged_4_class,20260316_a549-tomm20-gfp-adhered_10x_caged_at_4x_4_class,231212_imr90_multichannel_overlay_4_class,20250227_preadipocytes-adhered_10x_caged_4_class,20240624_mc38_10x_uncaged_4_class,20240509_Hs675Tfibroblasts_10x_caged_4_class,20250108_neuron-adhered_10x_uncaged_4_class"
20250227_preadipocytes-adhered_10x_caged_4_class,test_ds,0.502,lora_r32_0.5_20250108_neuron-adhered,"20240516_DC-adhered_10x_caged_4_class,20240422_neuron-adhered_10x_uncaged_4_class,20240703_neuron-adhered_10x_caged_4_class,20260316_a549-tomm20-gfp-adhered_10x_caged_at_4x_4_class,231212_imr90_multichannel_overlay_4_class,20250227_preadipocytes-adhered_10x_caged_4_class,20240624_mc38_10x_uncaged_4_class,20240509_Hs675Tfibroblasts_10x_caged_4_class,20250108_neuron-adhered_10x_uncaged_4_class"
20250305_neuron-adhered_10x_uncaged_4_class,test_ds,0.396,lora_r32_0.5_20250108_neuron-adhered,"20240516_DC-adhered_10x_caged_4_class,20240422_neuron-adhered_10x_uncaged_4_class,20240703_neuron-adhered_10x_caged_4_class,20260316_a549-tomm20-gfp-adhered_10x_caged_at_4x_4_class,231212_imr90_multichannel_overlay_4_class,20250227_preadipocytes-adhered_10x_caged_4_class,20240624_mc38_10x_uncaged_4_class,20240509_Hs675Tfibroblasts_10x_caged_4_class,20250108_neuron-adhered_10x_uncaged_4_class"
20250820_c8d1a_astrocytes-adherent_10x_caged_4_class,test_ds,0.525,lora_r32_0.5_20250108_neuron-adhered,"20240516_DC-adhered_10x_caged_4_class,20240422_neuron-adhered_10x_uncaged_4_class,20240703_neuron-adhered_10x_caged_4_class,20260316_a549-tomm20-gfp-adhered_10x_caged_at_4x_4_class,231212_imr90_multichannel_overlay_4_class,20250227_preadipocytes-adhered_10x_caged_4_class,20240624_mc38_10x_uncaged_4_class,20240509_Hs675Tfibroblasts_10x_caged_4_class,20250108_neuron-adhered_10x_uncaged_4_class"
20250917_moc22-adhered_10x_caged_4_class,test_ds,0.54,lora_r32_0.5_20250108_neuron-adhered,"20240516_DC-adhered_10x_caged_4_class,20240422_neuron-adhered_10x_uncaged_4_class,20240703_neuron-adhered_10x_caged_4_class,20260316_a549-tomm20-gfp-adhered_10x_caged_at_4x_4_class,231212_imr90_multichannel_overlay_4_class,20250227_preadipocytes-adhered_10x_caged_4_class,20240624_mc38_10x_uncaged_4_class,20240509_Hs675Tfibroblasts_10x_caged_4_class,20250108_neuron-adhered_10x_uncaged_4_class"
20260316_a549-tomm20-gfp-adhered_10x_caged_at_4x_4_class,test_ds,0.723,lora_r32_0.5_20250108_neuron-adhered,"20240516_DC-adhered_10x_caged_4_class,20240422_neuron-adhered_10x_uncaged_4_class,20240703_neuron-adhered_10x_caged_4_class,20260316_a549-tomm20-gfp-adhered_10x_caged_at_4x_4_class,231212_imr90_multichannel_overlay_4_class,20250227_preadipocytes-adhered_10x_caged_4_class,20240624_mc38_10x_uncaged_4_class,20240509_Hs675Tfibroblasts_10x_caged_4_class,20250108_neuron-adhered_10x_uncaged_4_class"
231212_imr90_multichannel_overlay_4_class,test_ds,0.771,lora_r32_0.5_20250108_neuron-adhered,"20240516_DC-adhered_10x_caged_4_class,20240422_neuron-adhered_10x_uncaged_4_class,20240703_neuron-adhered_10x_caged_4_class,20260316_a549-tomm20-gfp-adhered_10x_caged_at_4x_4_class,231212_imr90_multichannel_overlay_4_class,20250227_preadipocytes-adhered_10x_caged_4_class,20240624_mc38_10x_uncaged_4_class,20240509_Hs675Tfibroblasts_10x_caged_4_class,20250108_neuron-adhered_10x_uncaged_4_class"
240213_imr90_multichannel_overlay_4_class,test_ds,0.555,lora_r32_0.5_20250108_neuron-adhered,"20240516_DC-adhered_10x_caged_4_class,20240422_neuron-adhered_10x_uncaged_4_class,20240703_neuron-adhered_10x_caged_4_class,20260316_a549-tomm20-gfp-adhered_10x_caged_at_4x_4_class,231212_imr90_multichannel_overlay_4_class,20250227_preadipocytes-adhered_10x_caged_4_class,20240624_mc38_10x_uncaged_4_class,20240509_Hs675Tfibroblasts_10x_caged_4_class,20250108_neuron-adhered_10x_uncaged_4_class"
20240516_DC-adhered_10x_caged_4_class,train_ds,0.709,lora_r64_0.01_20250108_neuron-adhered,"20240516_DC-adhered_10x_caged_4_class,20240422_neuron-adhered_10x_uncaged_4_class,20240703_neuron-adhered_10x_caged_4_class,20260316_a549-tomm20-gfp-adhered_10x_caged_at_4x_4_class,231212_imr90_multichannel_overlay_4_class,20250227_preadipocytes-adhered_10x_caged_4_class,20240624_mc38_10x_uncaged_4_class,20240509_Hs675Tfibroblasts_10x_caged_4_class,20250108_neuron-adhered_10x_uncaged_4_class"
20240422_neuron-adhered_10x_uncaged_4_class,train_ds,0.552,lora_r64_0.01_20250108_neuron-adhered,"20240516_DC-adhered_10x_caged_4_class,20240422_neuron-adhered_10x_uncaged_4_class,20240703_neuron-adhered_10x_caged_4_class,20260316_a549-tomm20-gfp-adhered_10x_caged_at_4x_4_class,231212_imr90_multichannel_overlay_4_class,20250227_preadipocytes-adhered_10x_caged_4_class,20240624_mc38_10x_uncaged_4_class,20240509_Hs675Tfibroblasts_10x_caged_4_class,20250108_neuron-adhered_10x_uncaged_4_class"
20240703_neuron-adhered_10x_caged_4_class,train_ds,0.622,lora_r64_0.01_20250108_neuron-adhered,"20240516_DC-adhered_10x_caged_4_class,20240422_neuron-adhered_10x_uncaged_4_class,20240703_neuron-adhered_10x_caged_4_class,20260316_a549-tomm20-gfp-adhered_10x_caged_at_4x_4_class,231212_imr90_multichannel_overlay_4_class,20250227_preadipocytes-adhered_10x_caged_4_class,20240624_mc38_10x_uncaged_4_class,20240509_Hs675Tfibroblasts_10x_caged_4_class,20250108_neuron-adhered_10x_uncaged_4_class"
20260316_a549-tomm20-gfp-adhered_10x_caged_at_4x_4_class,train_ds,0.727,lora_r64_0.01_20250108_neuron-adhered,"20240516_DC-adhered_10x_caged_4_class,20240422_neuron-adhered_10x_uncaged_4_class,20240703_neuron-adhered_10x_caged_4_class,20260316_a549-tomm20-gfp-adhered_10x_caged_at_4x_4_class,231212_imr90_multichannel_overlay_4_class,20250227_preadipocytes-adhered_10x_caged_4_class,20240624_mc38_10x_uncaged_4_class,20240509_Hs675Tfibroblasts_10x_caged_4_class,20250108_neuron-adhered_10x_uncaged_4_class"
231212_imr90_multichannel_overlay_4_class,train_ds,0.778,lora_r64_0.01_20250108_neuron-adhered,"20240516_DC-adhered_10x_caged_4_class,20240422_neuron-adhered_10x_uncaged_4_class,20240703_neuron-adhered_10x_caged_4_class,20260316_a549-tomm20-gfp-adhered_10x_caged_at_4x_4_class,231212_imr90_multichannel_overlay_4_class,20250227_preadipocytes-adhered_10x_caged_4_class,20240624_mc38_10x_uncaged_4_class,20240509_Hs675Tfibroblasts_10x_caged_4_class,20250108_neuron-adhered_10x_uncaged_4_class"
20250227_preadipocytes-adhered_10x_caged_4_class,train_ds,0.5,lora_r64_0.01_20250108_neuron-adhered,"20240516_DC-adhered_10x_caged_4_class,20240422_neuron-adhered_10x_uncaged_4_class,20240703_neuron-adhered_10x_caged_4_class,20260316_a549-tomm20-gfp-adhered_10x_caged_at_4x_4_class,231212_imr90_multichannel_overlay_4_class,20250227_preadipocytes-adhered_10x_caged_4_class,20240624_mc38_10x_uncaged_4_class,20240509_Hs675Tfibroblasts_10x_caged_4_class,20250108_neuron-adhered_10x_uncaged_4_class"
20240624_mc38_10x_uncaged_4_class,train_ds,0.718,lora_r64_0.01_20250108_neuron-adhered,"20240516_DC-adhered_10x_caged_4_class,20240422_neuron-adhered_10x_uncaged_4_class,20240703_neuron-adhered_10x_caged_4_class,20260316_a549-tomm20-gfp-adhered_10x_caged_at_4x_4_class,231212_imr90_multichannel_overlay_4_class,20250227_preadipocytes-adhered_10x_caged_4_class,20240624_mc38_10x_uncaged_4_class,20240509_Hs675Tfibroblasts_10x_caged_4_class,20250108_neuron-adhered_10x_uncaged_4_class"
20240509_Hs675Tfibroblasts_10x_caged_4_class,train_ds,0.699,lora_r64_0.01_20250108_neuron-adhered,"20240516_DC-adhered_10x_caged_4_class,20240422_neuron-adhered_10x_uncaged_4_class,20240703_neuron-adhered_10x_caged_4_class,20260316_a549-tomm20-gfp-adhered_10x_caged_at_4x_4_class,231212_imr90_multichannel_overlay_4_class,20250227_preadipocytes-adhered_10x_caged_4_class,20240624_mc38_10x_uncaged_4_class,20240509_Hs675Tfibroblasts_10x_caged_4_class,20250108_neuron-adhered_10x_uncaged_4_class"
20250108_neuron-adhered_10x_uncaged_4_class,train_ds,0.431,lora_r64_0.01_20250108_neuron-adhered,"20240516_DC-adhered_10x_caged_4_class,20240422_neuron-adhered_10x_uncaged_4_class,20240703_neuron-adhered_10x_caged_4_class,20260316_a549-tomm20-gfp-adhered_10x_caged_at_4x_4_class,231212_imr90_multichannel_overlay_4_class,20250227_preadipocytes-adhered_10x_caged_4_class,20240624_mc38_10x_uncaged_4_class,20240509_Hs675Tfibroblasts_10x_caged_4_class,20250108_neuron-adhered_10x_uncaged_4_class"
20240422_neuron-adhered_10x_uncaged_4_class,test_ds,0.552,lora_r64_0.01_20250108_neuron-adhered,"20240516_DC-adhered_10x_caged_4_class,20240422_neuron-adhered_10x_uncaged_4_class,20240703_neuron-adhered_10x_caged_4_class,20260316_a549-tomm20-gfp-adhered_10x_caged_at_4x_4_class,231212_imr90_multichannel_overlay_4_class,20250227_preadipocytes-adhered_10x_caged_4_class,20240624_mc38_10x_uncaged_4_class,20240509_Hs675Tfibroblasts_10x_caged_4_class,20250108_neuron-adhered_10x_uncaged_4_class"
20240509_Hs675Tfibroblasts_10x_caged_4_class,test_ds,0.699,lora_r64_0.01_20250108_neuron-adhered,"20240516_DC-adhered_10x_caged_4_class,20240422_neuron-adhered_10x_uncaged_4_class,20240703_neuron-adhered_10x_caged_4_class,20260316_a549-tomm20-gfp-adhered_10x_caged_at_4x_4_class,231212_imr90_multichannel_overlay_4_class,20250227_preadipocytes-adhered_10x_caged_4_class,20240624_mc38_10x_uncaged_4_class,20240509_Hs675Tfibroblasts_10x_caged_4_class,20250108_neuron-adhered_10x_uncaged_4_class"
20240509_hela-adhered_10x_caged_4_class,test_ds,0.556,lora_r64_0.01_20250108_neuron-adhered,"20240516_DC-adhered_10x_caged_4_class,20240422_neuron-adhered_10x_uncaged_4_class,20240703_neuron-adhered_10x_caged_4_class,20260316_a549-tomm20-gfp-adhered_10x_caged_at_4x_4_class,231212_imr90_multichannel_overlay_4_class,20250227_preadipocytes-adhered_10x_caged_4_class,20240624_mc38_10x_uncaged_4_class,20240509_Hs675Tfibroblasts_10x_caged_4_class,20250108_neuron-adhered_10x_uncaged_4_class"
20240515_DC-adhered_10x_caged_4_class,test_ds,0.688,lora_r64_0.01_20250108_neuron-adhered,"20240516_DC-adhered_10x_caged_4_class,20240422_neuron-adhered_10x_uncaged_4_class,20240703_neuron-adhered_10x_caged_4_class,20260316_a549-tomm20-gfp-adhered_10x_caged_at_4x_4_class,231212_imr90_multichannel_overlay_4_class,20250227_preadipocytes-adhered_10x_caged_4_class,20240624_mc38_10x_uncaged_4_class,20240509_Hs675Tfibroblasts_10x_caged_4_class,20250108_neuron-adhered_10x_uncaged_4_class"
20240516_DC-adhered_10x_caged_4_class,test_ds,0.709,lora_r64_0.01_20250108_neuron-adhered,"20240516_DC-adhered_10x_caged_4_class,20240422_neuron-adhered_10x_uncaged_4_class,20240703_neuron-adhered_10x_caged_4_class,20260316_a549-tomm20-gfp-adhered_10x_caged_at_4x_4_class,231212_imr90_multichannel_overlay_4_class,20250227_preadipocytes-adhered_10x_caged_4_class,20240624_mc38_10x_uncaged_4_class,20240509_Hs675Tfibroblasts_10x_caged_4_class,20250108_neuron-adhered_10x_uncaged_4_class"
20240624_mc38_10x_caged_4_class,test_ds,0.564,lora_r64_0.01_20250108_neuron-adhered,"20240516_DC-adhered_10x_caged_4_class,20240422_neuron-adhered_10x_uncaged_4_class,20240703_neuron-adhered_10x_caged_4_class,20260316_a549-tomm20-gfp-adhered_10x_caged_at_4x_4_class,231212_imr90_multichannel_overlay_4_class,20250227_preadipocytes-adhered_10x_caged_4_class,20240624_mc38_10x_uncaged_4_class,20240509_Hs675Tfibroblasts_10x_caged_4_class,20250108_neuron-adhered_10x_uncaged_4_class"
20240624_mc38_10x_uncaged_4_class,test_ds,0.718,lora_r64_0.01_20250108_neuron-adhered,"20240516_DC-adhered_10x_caged_4_class,20240422_neuron-adhered_10x_uncaged_4_class,20240703_neuron-adhered_10x_caged_4_class,20260316_a549-tomm20-gfp-adhered_10x_caged_at_4x_4_class,231212_imr90_multichannel_overlay_4_class,20250227_preadipocytes-adhered_10x_caged_4_class,20240624_mc38_10x_uncaged_4_class,20240509_Hs675Tfibroblasts_10x_caged_4_class,20250108_neuron-adhered_10x_uncaged_4_class"
20240625_mc38_10x_caged_4_class,test_ds,0.598,lora_r64_0.01_20250108_neuron-adhered,"20240516_DC-adhered_10x_caged_4_class,20240422_neuron-adhered_10x_uncaged_4_class,20240703_neuron-adhered_10x_caged_4_class,20260316_a549-tomm20-gfp-adhered_10x_caged_at_4x_4_class,231212_imr90_multichannel_overlay_4_class,20250227_preadipocytes-adhered_10x_caged_4_class,20240624_mc38_10x_uncaged_4_class,20240509_Hs675Tfibroblasts_10x_caged_4_class,20250108_neuron-adhered_10x_uncaged_4_class"
20240703_neuron-adhered_10x_caged_4_class,test_ds,0.622,lora_r64_0.01_20250108_neuron-adhered,"20240516_DC-adhered_10x_caged_4_class,20240422_neuron-adhered_10x_uncaged_4_class,20240703_neuron-adhered_10x_caged_4_class,20260316_a549-tomm20-gfp-adhered_10x_caged_at_4x_4_class,231212_imr90_multichannel_overlay_4_class,20250227_preadipocytes-adhered_10x_caged_4_class,20240624_mc38_10x_uncaged_4_class,20240509_Hs675Tfibroblasts_10x_caged_4_class,20250108_neuron-adhered_10x_uncaged_4_class"
20240704_neuron-adhered_10x_caged_4_class,test_ds,0.604,lora_r64_0.01_20250108_neuron-adhered,"20240516_DC-adhered_10x_caged_4_class,20240422_neuron-adhered_10x_uncaged_4_class,20240703_neuron-adhered_10x_caged_4_class,20260316_a549-tomm20-gfp-adhered_10x_caged_at_4x_4_class,231212_imr90_multichannel_overlay_4_class,20250227_preadipocytes-adhered_10x_caged_4_class,20240624_mc38_10x_uncaged_4_class,20240509_Hs675Tfibroblasts_10x_caged_4_class,20250108_neuron-adhered_10x_uncaged_4_class"
20240905_u87-adhered_10x_caged_4_class,test_ds,0.528,lora_r64_0.01_20250108_neuron-adhered,"20240516_DC-adhered_10x_caged_4_class,20240422_neuron-adhered_10x_uncaged_4_class,20240703_neuron-adhered_10x_caged_4_class,20260316_a549-tomm20-gfp-adhered_10x_caged_at_4x_4_class,231212_imr90_multichannel_overlay_4_class,20250227_preadipocytes-adhered_10x_caged_4_class,20240624_mc38_10x_uncaged_4_class,20240509_Hs675Tfibroblasts_10x_caged_4_class,20250108_neuron-adhered_10x_uncaged_4_class"
20240924_enteric-glia-adhered_10x_uncaged_4_class,test_ds,0.691,lora_r64_0.01_20250108_neuron-adhered,"20240516_DC-adhered_10x_caged_4_class,20240422_neuron-adhered_10x_uncaged_4_class,20240703_neuron-adhered_10x_caged_4_class,20260316_a549-tomm20-gfp-adhered_10x_caged_at_4x_4_class,231212_imr90_multichannel_overlay_4_class,20250227_preadipocytes-adhered_10x_caged_4_class,20240624_mc38_10x_uncaged_4_class,20240509_Hs675Tfibroblasts_10x_caged_4_class,20250108_neuron-adhered_10x_uncaged_4_class"
20241212_preadipocytes-adhered_10x_uncaged_4_class,test_ds,0.363,lora_r64_0.01_20250108_neuron-adhered,"20240516_DC-adhered_10x_caged_4_class,20240422_neuron-adhered_10x_uncaged_4_class,20240703_neuron-adhered_10x_caged_4_class,20260316_a549-tomm20-gfp-adhered_10x_caged_at_4x_4_class,231212_imr90_multichannel_overlay_4_class,20250227_preadipocytes-adhered_10x_caged_4_class,20240624_mc38_10x_uncaged_4_class,20240509_Hs675Tfibroblasts_10x_caged_4_class,20250108_neuron-adhered_10x_uncaged_4_class"
20250108_neuron-adhered_10x_uncaged_4_class,test_ds,0.431,lora_r64_0.01_20250108_neuron-adhered,"20240516_DC-adhered_10x_caged_4_class,20240422_neuron-adhered_10x_uncaged_4_class,20240703_neuron-adhered_10x_caged_4_class,20260316_a549-tomm20-gfp-adhered_10x_caged_at_4x_4_class,231212_imr90_multichannel_overlay_4_class,20250227_preadipocytes-adhered_10x_caged_4_class,20240624_mc38_10x_uncaged_4_class,20240509_Hs675Tfibroblasts_10x_caged_4_class,20250108_neuron-adhered_10x_uncaged_4_class"
20250227_preadipocytes-adhered_10x_caged_4_class,test_ds,0.5,lora_r64_0.01_20250108_neuron-adhered,"20240516_DC-adhered_10x_caged_4_class,20240422_neuron-adhered_10x_uncaged_4_class,20240703_neuron-adhered_10x_caged_4_class,20260316_a549-tomm20-gfp-adhered_10x_caged_at_4x_4_class,231212_imr90_multichannel_overlay_4_class,20250227_preadipocytes-adhered_10x_caged_4_class,20240624_mc38_10x_uncaged_4_class,20240509_Hs675Tfibroblasts_10x_caged_4_class,20250108_neuron-adhered_10x_uncaged_4_class"
20250305_neuron-adhered_10x_uncaged_4_class,test_ds,0.499,lora_r64_0.01_20250108_neuron-adhered,"20240516_DC-adhered_10x_caged_4_class,20240422_neuron-adhered_10x_uncaged_4_class,20240703_neuron-adhered_10x_caged_4_class,20260316_a549-tomm20-gfp-adhered_10x_caged_at_4x_4_class,231212_imr90_multichannel_overlay_4_class,20250227_preadipocytes-adhered_10x_caged_4_class,20240624_mc38_10x_uncaged_4_class,20240509_Hs675Tfibroblasts_10x_caged_4_class,20250108_neuron-adhered_10x_uncaged_4_class"
20250820_c8d1a_astrocytes-adherent_10x_caged_4_class,test_ds,0.531,lora_r64_0.01_20250108_neuron-adhered,"20240516_DC-adhered_10x_caged_4_class,20240422_neuron-adhered_10x_uncaged_4_class,20240703_neuron-adhered_10x_caged_4_class,20260316_a549-tomm20-gfp-adhered_10x_caged_at_4x_4_class,231212_imr90_multichannel_overlay_4_class,20250227_preadipocytes-adhered_10x_caged_4_class,20240624_mc38_10x_uncaged_4_class,20240509_Hs675Tfibroblasts_10x_caged_4_class,20250108_neuron-adhered_10x_uncaged_4_class"
20250917_moc22-adhered_10x_caged_4_class,test_ds,0.543,lora_r64_0.01_20250108_neuron-adhered,"20240516_DC-adhered_10x_caged_4_class,20240422_neuron-adhered_10x_uncaged_4_class,20240703_neuron-adhered_10x_caged_4_class,20260316_a549-tomm20-gfp-adhered_10x_caged_at_4x_4_class,231212_imr90_multichannel_overlay_4_class,20250227_preadipocytes-adhered_10x_caged_4_class,20240624_mc38_10x_uncaged_4_class,20240509_Hs675Tfibroblasts_10x_caged_4_class,20250108_neuron-adhered_10x_uncaged_4_class"
20260316_a549-tomm20-gfp-adhered_10x_caged_at_4x_4_class,test_ds,0.727,lora_r64_0.01_20250108_neuron-adhered,"20240516_DC-adhered_10x_caged_4_class,20240422_neuron-adhered_10x_uncaged_4_class,20240703_neuron-adhered_10x_caged_4_class,20260316_a549-tomm20-gfp-adhered_10x_caged_at_4x_4_class,231212_imr90_multichannel_overlay_4_class,20250227_preadipocytes-adhered_10x_caged_4_class,20240624_mc38_10x_uncaged_4_class,20240509_Hs675Tfibroblasts_10x_caged_4_class,20250108_neuron-adhered_10x_uncaged_4_class"
231212_imr90_multichannel_overlay_4_class,test_ds,0.778,lora_r64_0.01_20250108_neuron-adhered,"20240516_DC-adhered_10x_caged_4_class,20240422_neuron-adhered_10x_uncaged_4_class,20240703_neuron-adhered_10x_caged_4_class,20260316_a549-tomm20-gfp-adhered_10x_caged_at_4x_4_class,231212_imr90_multichannel_overlay_4_class,20250227_preadipocytes-adhered_10x_caged_4_class,20240624_mc38_10x_uncaged_4_class,20240509_Hs675Tfibroblasts_10x_caged_4_class,20250108_neuron-adhered_10x_uncaged_4_class"
240213_imr90_multichannel_overlay_4_class,test_ds,0.571,lora_r64_0.01_20250108_neuron-adhered,"20240516_DC-adhered_10x_caged_4_class,20240422_neuron-adhered_10x_uncaged_4_class,20240703_neuron-adhered_10x_caged_4_class,20260316_a549-tomm20-gfp-adhered_10x_caged_at_4x_4_class,231212_imr90_multichannel_overlay_4_class,20250227_preadipocytes-adhered_10x_caged_4_class,20240624_mc38_10x_uncaged_4_class,20240509_Hs675Tfibroblasts_10x_caged_4_class,20250108_neuron-adhered_10x_uncaged_4_class"
20240516_DC-adhered_10x_caged_4_class,train_ds,0.707,lora_r64_0.05_20250108_neuron-adhered,"20240516_DC-adhered_10x_caged_4_class,20240422_neuron-adhered_10x_uncaged_4_class,20240703_neuron-adhered_10x_caged_4_class,20260316_a549-tomm20-gfp-adhered_10x_caged_at_4x_4_class,231212_imr90_multichannel_overlay_4_class,20250227_preadipocytes-adhered_10x_caged_4_class,20240624_mc38_10x_uncaged_4_class,20240509_Hs675Tfibroblasts_10x_caged_4_class,20250108_neuron-adhered_10x_uncaged_4_class"
20240422_neuron-adhered_10x_uncaged_4_class,train_ds,0.553,lora_r64_0.05_20250108_neuron-adhered,"20240516_DC-adhered_10x_caged_4_class,20240422_neuron-adhered_10x_uncaged_4_class,20240703_neuron-adhered_10x_caged_4_class,20260316_a549-tomm20-gfp-adhered_10x_caged_at_4x_4_class,231212_imr90_multichannel_overlay_4_class,20250227_preadipocytes-adhered_10x_caged_4_class,20240624_mc38_10x_uncaged_4_class,20240509_Hs675Tfibroblasts_10x_caged_4_class,20250108_neuron-adhered_10x_uncaged_4_class"
20240703_neuron-adhered_10x_caged_4_class,train_ds,0.625,lora_r64_0.05_20250108_neuron-adhered,"20240516_DC-adhered_10x_caged_4_class,20240422_neuron-adhered_10x_uncaged_4_class,20240703_neuron-adhered_10x_caged_4_class,20260316_a549-tomm20-gfp-adhered_10x_caged_at_4x_4_class,231212_imr90_multichannel_overlay_4_class,20250227_preadipocytes-adhered_10x_caged_4_class,20240624_mc38_10x_uncaged_4_class,20240509_Hs675Tfibroblasts_10x_caged_4_class,20250108_neuron-adhered_10x_uncaged_4_class"
20260316_a549-tomm20-gfp-adhered_10x_caged_at_4x_4_class,train_ds,0.725,lora_r64_0.05_20250108_neuron-adhered,"20240516_DC-adhered_10x_caged_4_class,20240422_neuron-adhered_10x_uncaged_4_class,20240703_neuron-adhered_10x_caged_4_class,20260316_a549-tomm20-gfp-adhered_10x_caged_at_4x_4_class,231212_imr90_multichannel_overlay_4_class,20250227_preadipocytes-adhered_10x_caged_4_class,20240624_mc38_10x_uncaged_4_class,20240509_Hs675Tfibroblasts_10x_caged_4_class,20250108_neuron-adhered_10x_uncaged_4_class"
231212_imr90_multichannel_overlay_4_class,train_ds,0.775,lora_r64_0.05_20250108_neuron-adhered,"20240516_DC-adhered_10x_caged_4_class,20240422_neuron-adhered_10x_uncaged_4_class,20240703_neuron-adhered_10x_caged_4_class,20260316_a549-tomm20-gfp-adhered_10x_caged_at_4x_4_class,231212_imr90_multichannel_overlay_4_class,20250227_preadipocytes-adhered_10x_caged_4_class,20240624_mc38_10x_uncaged_4_class,20240509_Hs675Tfibroblasts_10x_caged_4_class,20250108_neuron-adhered_10x_uncaged_4_class"
20250227_preadipocytes-adhered_10x_caged_4_class,train_ds,0.501,lora_r64_0.05_20250108_neuron-adhered,"20240516_DC-adhered_10x_caged_4_class,20240422_neuron-adhered_10x_uncaged_4_class,20240703_neuron-adhered_10x_caged_4_class,20260316_a549-tomm20-gfp-adhered_10x_caged_at_4x_4_class,231212_imr90_multichannel_overlay_4_class,20250227_preadipocytes-adhered_10x_caged_4_class,20240624_mc38_10x_uncaged_4_class,20240509_Hs675Tfibroblasts_10x_caged_4_class,20250108_neuron-adhered_10x_uncaged_4_class"
20240624_mc38_10x_uncaged_4_class,train_ds,0.717,lora_r64_0.05_20250108_neuron-adhered,"20240516_DC-adhered_10x_caged_4_class,20240422_neuron-adhered_10x_uncaged_4_class,20240703_neuron-adhered_10x_caged_4_class,20260316_a549-tomm20-gfp-adhered_10x_caged_at_4x_4_class,231212_imr90_multichannel_overlay_4_class,20250227_preadipocytes-adhered_10x_caged_4_class,20240624_mc38_10x_uncaged_4_class,20240509_Hs675Tfibroblasts_10x_caged_4_class,20250108_neuron-adhered_10x_uncaged_4_class"
20240509_Hs675Tfibroblasts_10x_caged_4_class,train_ds,0.696,lora_r64_0.05_20250108_neuron-adhered,"20240516_DC-adhered_10x_caged_4_class,20240422_neuron-adhered_10x_uncaged_4_class,20240703_neuron-adhered_10x_caged_4_class,20260316_a549-tomm20-gfp-adhered_10x_caged_at_4x_4_class,231212_imr90_multichannel_overlay_4_class,20250227_preadipocytes-adhered_10x_caged_4_class,20240624_mc38_10x_uncaged_4_class,20240509_Hs675Tfibroblasts_10x_caged_4_class,20250108_neuron-adhered_10x_uncaged_4_class"
20250108_neuron-adhered_10x_uncaged_4_class,train_ds,0.476,lora_r64_0.05_20250108_neuron-adhered,"20240516_DC-adhered_10x_caged_4_class,20240422_neuron-adhered_10x_uncaged_4_class,20240703_neuron-adhered_10x_caged_4_class,20260316_a549-tomm20-gfp-adhered_10x_caged_at_4x_4_class,231212_imr90_multichannel_overlay_4_class,20250227_preadipocytes-adhered_10x_caged_4_class,20240624_mc38_10x_uncaged_4_class,20240509_Hs675Tfibroblasts_10x_caged_4_class,20250108_neuron-adhered_10x_uncaged_4_class"
20240422_neuron-adhered_10x_uncaged_4_class,test_ds,0.553,lora_r64_0.05_20250108_neuron-adhered,"20240516_DC-adhered_10x_caged_4_class,20240422_neuron-adhered_10x_uncaged_4_class,20240703_neuron-adhered_10x_caged_4_class,20260316_a549-tomm20-gfp-adhered_10x_caged_at_4x_4_class,231212_imr90_multichannel_overlay_4_class,20250227_preadipocytes-adhered_10x_caged_4_class,20240624_mc38_10x_uncaged_4_class,20240509_Hs675Tfibroblasts_10x_caged_4_class,20250108_neuron-adhered_10x_uncaged_4_class"
20240509_Hs675Tfibroblasts_10x_caged_4_class,test_ds,0.696,lora_r64_0.05_20250108_neuron-adhered,"20240516_DC-adhered_10x_caged_4_class,20240422_neuron-adhered_10x_uncaged_4_class,20240703_neuron-adhered_10x_caged_4_class,20260316_a549-tomm20-gfp-adhered_10x_caged_at_4x_4_class,231212_imr90_multichannel_overlay_4_class,20250227_preadipocytes-adhered_10x_caged_4_class,20240624_mc38_10x_uncaged_4_class,20240509_Hs675Tfibroblasts_10x_caged_4_class,20250108_neuron-adhered_10x_uncaged_4_class"
20240509_hela-adhered_10x_caged_4_class,test_ds,0.552,lora_r64_0.05_20250108_neuron-adhered,"20240516_DC-adhered_10x_caged_4_class,20240422_neuron-adhered_10x_uncaged_4_class,20240703_neuron-adhered_10x_caged_4_class,20260316_a549-tomm20-gfp-adhered_10x_caged_at_4x_4_class,231212_imr90_multichannel_overlay_4_class,20250227_preadipocytes-adhered_10x_caged_4_class,20240624_mc38_10x_uncaged_4_class,20240509_Hs675Tfibroblasts_10x_caged_4_class,20250108_neuron-adhered_10x_uncaged_4_class"
20240515_DC-adhered_10x_caged_4_class,test_ds,0.689,lora_r64_0.05_20250108_neuron-adhered,"20240516_DC-adhered_10x_caged_4_class,20240422_neuron-adhered_10x_uncaged_4_class,20240703_neuron-adhered_10x_caged_4_class,20260316_a549-tomm20-gfp-adhered_10x_caged_at_4x_4_class,231212_imr90_multichannel_overlay_4_class,20250227_preadipocytes-adhered_10x_caged_4_class,20240624_mc38_10x_uncaged_4_class,20240509_Hs675Tfibroblasts_10x_caged_4_class,20250108_neuron-adhered_10x_uncaged_4_class"
20240516_DC-adhered_10x_caged_4_class,test_ds,0.707,lora_r64_0.05_20250108_neuron-adhered,"20240516_DC-adhered_10x_caged_4_class,20240422_neuron-adhered_10x_uncaged_4_class,20240703_neuron-adhered_10x_caged_4_class,20260316_a549-tomm20-gfp-adhered_10x_caged_at_4x_4_class,231212_imr90_multichannel_overlay_4_class,20250227_preadipocytes-adhered_10x_caged_4_class,20240624_mc38_10x_uncaged_4_class,20240509_Hs675Tfibroblasts_10x_caged_4_class,20250108_neuron-adhered_10x_uncaged_4_class"
20240624_mc38_10x_caged_4_class,test_ds,0.571,lora_r64_0.05_20250108_neuron-adhered,"20240516_DC-adhered_10x_caged_4_class,20240422_neuron-adhered_10x_uncaged_4_class,20240703_neuron-adhered_10x_caged_4_class,20260316_a549-tomm20-gfp-adhered_10x_caged_at_4x_4_class,231212_imr90_multichannel_overlay_4_class,20250227_preadipocytes-adhered_10x_caged_4_class,20240624_mc38_10x_uncaged_4_class,20240509_Hs675Tfibroblasts_10x_caged_4_class,20250108_neuron-adhered_10x_uncaged_4_class"
20240624_mc38_10x_uncaged_4_class,test_ds,0.717,lora_r64_0.05_20250108_neuron-adhered,"20240516_DC-adhered_10x_caged_4_class,20240422_neuron-adhered_10x_uncaged_4_class,20240703_neuron-adhered_10x_caged_4_class,20260316_a549-tomm20-gfp-adhered_10x_caged_at_4x_4_class,231212_imr90_multichannel_overlay_4_class,20250227_preadipocytes-adhered_10x_caged_4_class,20240624_mc38_10x_uncaged_4_class,20240509_Hs675Tfibroblasts_10x_caged_4_class,20250108_neuron-adhered_10x_uncaged_4_class"
20240625_mc38_10x_caged_4_class,test_ds,0.577,lora_r64_0.05_20250108_neuron-adhered,"20240516_DC-adhered_10x_caged_4_class,20240422_neuron-adhered_10x_uncaged_4_class,20240703_neuron-adhered_10x_caged_4_class,20260316_a549-tomm20-gfp-adhered_10x_caged_at_4x_4_class,231212_imr90_multichannel_overlay_4_class,20250227_preadipocytes-adhered_10x_caged_4_class,20240624_mc38_10x_uncaged_4_class,20240509_Hs675Tfibroblasts_10x_caged_4_class,20250108_neuron-adhered_10x_uncaged_4_class"
20240703_neuron-adhered_10x_caged_4_class,test_ds,0.625,lora_r64_0.05_20250108_neuron-adhered,"20240516_DC-adhered_10x_caged_4_class,20240422_neuron-adhered_10x_uncaged_4_class,20240703_neuron-adhered_10x_caged_4_class,20260316_a549-tomm20-gfp-adhered_10x_caged_at_4x_4_class,231212_imr90_multichannel_overlay_4_class,20250227_preadipocytes-adhered_10x_caged_4_class,20240624_mc38_10x_uncaged_4_class,20240509_Hs675Tfibroblasts_10x_caged_4_class,20250108_neuron-adhered_10x_uncaged_4_class"
20240704_neuron-adhered_10x_caged_4_class,test_ds,0.605,lora_r64_0.05_20250108_neuron-adhered,"20240516_DC-adhered_10x_caged_4_class,20240422_neuron-adhered_10x_uncaged_4_class,20240703_neuron-adhered_10x_caged_4_class,20260316_a549-tomm20-gfp-adhered_10x_caged_at_4x_4_class,231212_imr90_multichannel_overlay_4_class,20250227_preadipocytes-adhered_10x_caged_4_class,20240624_mc38_10x_uncaged_4_class,20240509_Hs675Tfibroblasts_10x_caged_4_class,20250108_neuron-adhered_10x_uncaged_4_class"
20240905_u87-adhered_10x_caged_4_class,test_ds,0.52,lora_r64_0.05_20250108_neuron-adhered,"20240516_DC-adhered_10x_caged_4_class,20240422_neuron-adhered_10x_uncaged_4_class,20240703_neuron-adhered_10x_caged_4_class,20260316_a549-tomm20-gfp-adhered_10x_caged_at_4x_4_class,231212_imr90_multichannel_overlay_4_class,20250227_preadipocytes-adhered_10x_caged_4_class,20240624_mc38_10x_uncaged_4_class,20240509_Hs675Tfibroblasts_10x_caged_4_class,20250108_neuron-adhered_10x_uncaged_4_class"
20240924_enteric-glia-adhered_10x_uncaged_4_class,test_ds,0.658,lora_r64_0.05_20250108_neuron-adhered,"20240516_DC-adhered_10x_caged_4_class,20240422_neuron-adhered_10x_uncaged_4_class,20240703_neuron-adhered_10x_caged_4_class,20260316_a549-tomm20-gfp-adhered_10x_caged_at_4x_4_class,231212_imr90_multichannel_overlay_4_class,20250227_preadipocytes-adhered_10x_caged_4_class,20240624_mc38_10x_uncaged_4_class,20240509_Hs675Tfibroblasts_10x_caged_4_class,20250108_neuron-adhered_10x_uncaged_4_class"
20241212_preadipocytes-adhered_10x_uncaged_4_class,test_ds,0.358,lora_r64_0.05_20250108_neuron-adhered,"20240516_DC-adhered_10x_caged_4_class,20240422_neuron-adhered_10x_uncaged_4_class,20240703_neuron-adhered_10x_caged_4_class,20260316_a549-tomm20-gfp-adhered_10x_caged_at_4x_4_class,231212_imr90_multichannel_overlay_4_class,20250227_preadipocytes-adhered_10x_caged_4_class,20240624_mc38_10x_uncaged_4_class,20240509_Hs675Tfibroblasts_10x_caged_4_class,20250108_neuron-adhered_10x_uncaged_4_class"
20250108_neuron-adhered_10x_uncaged_4_class,test_ds,0.476,lora_r64_0.05_20250108_neuron-adhered,"20240516_DC-adhered_10x_caged_4_class,20240422_neuron-adhered_10x_uncaged_4_class,20240703_neuron-adhered_10x_caged_4_class,20260316_a549-tomm20-gfp-adhered_10x_caged_at_4x_4_class,231212_imr90_multichannel_overlay_4_class,20250227_preadipocytes-adhered_10x_caged_4_class,20240624_mc38_10x_uncaged_4_class,20240509_Hs675Tfibroblasts_10x_caged_4_class,20250108_neuron-adhered_10x_uncaged_4_class"
20250227_preadipocytes-adhered_10x_caged_4_class,test_ds,0.501,lora_r64_0.05_20250108_neuron-adhered,"20240516_DC-adhered_10x_caged_4_class,20240422_neuron-adhered_10x_uncaged_4_class,20240703_neuron-adhered_10x_caged_4_class,20260316_a549-tomm20-gfp-adhered_10x_caged_at_4x_4_class,231212_imr90_multichannel_overlay_4_class,20250227_preadipocytes-adhered_10x_caged_4_class,20240624_mc38_10x_uncaged_4_class,20240509_Hs675Tfibroblasts_10x_caged_4_class,20250108_neuron-adhered_10x_uncaged_4_class"
20250305_neuron-adhered_10x_uncaged_4_class,test_ds,0.461,lora_r64_0.05_20250108_neuron-adhered,"20240516_DC-adhered_10x_caged_4_class,20240422_neuron-adhered_10x_uncaged_4_class,20240703_neuron-adhered_10x_caged_4_class,20260316_a549-tomm20-gfp-adhered_10x_caged_at_4x_4_class,231212_imr90_multichannel_overlay_4_class,20250227_preadipocytes-adhered_10x_caged_4_class,20240624_mc38_10x_uncaged_4_class,20240509_Hs675Tfibroblasts_10x_caged_4_class,20250108_neuron-adhered_10x_uncaged_4_class"
20250820_c8d1a_astrocytes-adherent_10x_caged_4_class,test_ds,0.525,lora_r64_0.05_20250108_neuron-adhered,"20240516_DC-adhered_10x_caged_4_class,20240422_neuron-adhered_10x_uncaged_4_class,20240703_neuron-adhered_10x_caged_4_class,20260316_a549-tomm20-gfp-adhered_10x_caged_at_4x_4_class,231212_imr90_multichannel_overlay_4_class,20250227_preadipocytes-adhered_10x_caged_4_class,20240624_mc38_10x_uncaged_4_class,20240509_Hs675Tfibroblasts_10x_caged_4_class,20250108_neuron-adhered_10x_uncaged_4_class"
20250917_moc22-adhered_10x_caged_4_class,test_ds,0.531,lora_r64_0.05_20250108_neuron-adhered,"20240516_DC-adhered_10x_caged_4_class,20240422_neuron-adhered_10x_uncaged_4_class,20240703_neuron-adhered_10x_caged_4_class,20260316_a549-tomm20-gfp-adhered_10x_caged_at_4x_4_class,231212_imr90_multichannel_overlay_4_class,20250227_preadipocytes-adhered_10x_caged_4_class,20240624_mc38_10x_uncaged_4_class,20240509_Hs675Tfibroblasts_10x_caged_4_class,20250108_neuron-adhered_10x_uncaged_4_class"
20260316_a549-tomm20-gfp-adhered_10x_caged_at_4x_4_class,test_ds,0.725,lora_r64_0.05_20250108_neuron-adhered,"20240516_DC-adhered_10x_caged_4_class,20240422_neuron-adhered_10x_uncaged_4_class,20240703_neuron-adhered_10x_caged_4_class,20260316_a549-tomm20-gfp-adhered_10x_caged_at_4x_4_class,231212_imr90_multichannel_overlay_4_class,20250227_preadipocytes-adhered_10x_caged_4_class,20240624_mc38_10x_uncaged_4_class,20240509_Hs675Tfibroblasts_10x_caged_4_class,20250108_neuron-adhered_10x_uncaged_4_class"
231212_imr90_multichannel_overlay_4_class,test_ds,0.775,lora_r64_0.05_20250108_neuron-adhered,"20240516_DC-adhered_10x_caged_4_class,20240422_neuron-adhered_10x_uncaged_4_class,20240703_neuron-adhered_10x_caged_4_class,20260316_a549-tomm20-gfp-adhered_10x_caged_at_4x_4_class,231212_imr90_multichannel_overlay_4_class,20250227_preadipocytes-adhered_10x_caged_4_class,20240624_mc38_10x_uncaged_4_class,20240509_Hs675Tfibroblasts_10x_caged_4_class,20250108_neuron-adhered_10x_uncaged_4_class"
240213_imr90_multichannel_overlay_4_class,test_ds,0.542,lora_r64_0.05_20250108_neuron-adhered,"20240516_DC-adhered_10x_caged_4_class,20240422_neuron-adhered_10x_uncaged_4_class,20240703_neuron-adhered_10x_caged_4_class,20260316_a549-tomm20-gfp-adhered_10x_caged_at_4x_4_class,231212_imr90_multichannel_overlay_4_class,20250227_preadipocytes-adhered_10x_caged_4_class,20240624_mc38_10x_uncaged_4_class,20240509_Hs675Tfibroblasts_10x_caged_4_class,20250108_neuron-adhered_10x_uncaged_4_class"
20240516_DC-adhered_10x_caged_4_class,train_ds,0.706,lora_r64_0.1_20250108_neuron-adhered,"20240516_DC-adhered_10x_caged_4_class,20240422_neuron-adhered_10x_uncaged_4_class,20240703_neuron-adhered_10x_caged_4_class,20260316_a549-tomm20-gfp-adhered_10x_caged_at_4x_4_class,231212_imr90_multichannel_overlay_4_class,20250227_preadipocytes-adhered_10x_caged_4_class,20240624_mc38_10x_uncaged_4_class,20240509_Hs675Tfibroblasts_10x_caged_4_class,20250108_neuron-adhered_10x_uncaged_4_class"
20240422_neuron-adhered_10x_uncaged_4_class,train_ds,0.552,lora_r64_0.1_20250108_neuron-adhered,"20240516_DC-adhered_10x_caged_4_class,20240422_neuron-adhered_10x_uncaged_4_class,20240703_neuron-adhered_10x_caged_4_class,20260316_a549-tomm20-gfp-adhered_10x_caged_at_4x_4_class,231212_imr90_multichannel_overlay_4_class,20250227_preadipocytes-adhered_10x_caged_4_class,20240624_mc38_10x_uncaged_4_class,20240509_Hs675Tfibroblasts_10x_caged_4_class,20250108_neuron-adhered_10x_uncaged_4_class"
20240703_neuron-adhered_10x_caged_4_class,train_ds,0.619,lora_r64_0.1_20250108_neuron-adhered,"20240516_DC-adhered_10x_caged_4_class,20240422_neuron-adhered_10x_uncaged_4_class,20240703_neuron-adhered_10x_caged_4_class,20260316_a549-tomm20-gfp-adhered_10x_caged_at_4x_4_class,231212_imr90_multichannel_overlay_4_class,20250227_preadipocytes-adhered_10x_caged_4_class,20240624_mc38_10x_uncaged_4_class,20240509_Hs675Tfibroblasts_10x_caged_4_class,20250108_neuron-adhered_10x_uncaged_4_class"
20260316_a549-tomm20-gfp-adhered_10x_caged_at_4x_4_class,train_ds,0.725,lora_r64_0.1_20250108_neuron-adhered,"20240516_DC-adhered_10x_caged_4_class,20240422_neuron-adhered_10x_uncaged_4_class,20240703_neuron-adhered_10x_caged_4_class,20260316_a549-tomm20-gfp-adhered_10x_caged_at_4x_4_class,231212_imr90_multichannel_overlay_4_class,20250227_preadipocytes-adhered_10x_caged_4_class,20240624_mc38_10x_uncaged_4_class,20240509_Hs675Tfibroblasts_10x_caged_4_class,20250108_neuron-adhered_10x_uncaged_4_class"
231212_imr90_multichannel_overlay_4_class,train_ds,0.776,lora_r64_0.1_20250108_neuron-adhered,"20240516_DC-adhered_10x_caged_4_class,20240422_neuron-adhered_10x_uncaged_4_class,20240703_neuron-adhered_10x_caged_4_class,20260316_a549-tomm20-gfp-adhered_10x_caged_at_4x_4_class,231212_imr90_multichannel_overlay_4_class,20250227_preadipocytes-adhered_10x_caged_4_class,20240624_mc38_10x_uncaged_4_class,20240509_Hs675Tfibroblasts_10x_caged_4_class,20250108_neuron-adhered_10x_uncaged_4_class"
20250227_preadipocytes-adhered_10x_caged_4_class,train_ds,0.497,lora_r64_0.1_20250108_neuron-adhered,"20240516_DC-adhered_10x_caged_4_class,20240422_neuron-adhered_10x_uncaged_4_class,20240703_neuron-adhered_10x_caged_4_class,20260316_a549-tomm20-gfp-adhered_10x_caged_at_4x_4_class,231212_imr90_multichannel_overlay_4_class,20250227_preadipocytes-adhered_10x_caged_4_class,20240624_mc38_10x_uncaged_4_class,20240509_Hs675Tfibroblasts_10x_caged_4_class,20250108_neuron-adhered_10x_uncaged_4_class"
20240624_mc38_10x_uncaged_4_class,train_ds,0.715,lora_r64_0.1_20250108_neuron-adhered,"20240516_DC-adhered_10x_caged_4_class,20240422_neuron-adhered_10x_uncaged_4_class,20240703_neuron-adhered_10x_caged_4_class,20260316_a549-tomm20-gfp-adhered_10x_caged_at_4x_4_class,231212_imr90_multichannel_overlay_4_class,20250227_preadipocytes-adhered_10x_caged_4_class,20240624_mc38_10x_uncaged_4_class,20240509_Hs675Tfibroblasts_10x_caged_4_class,20250108_neuron-adhered_10x_uncaged_4_class"
20240509_Hs675Tfibroblasts_10x_caged_4_class,train_ds,0.697,lora_r64_0.1_20250108_neuron-adhered,"20240516_DC-adhered_10x_caged_4_class,20240422_neuron-adhered_10x_uncaged_4_class,20240703_neuron-adhered_10x_caged_4_class,20260316_a549-tomm20-gfp-adhered_10x_caged_at_4x_4_class,231212_imr90_multichannel_overlay_4_class,20250227_preadipocytes-adhered_10x_caged_4_class,20240624_mc38_10x_uncaged_4_class,20240509_Hs675Tfibroblasts_10x_caged_4_class,20250108_neuron-adhered_10x_uncaged_4_class"
20250108_neuron-adhered_10x_uncaged_4_class,train_ds,0.485,lora_r64_0.1_20250108_neuron-adhered,"20240516_DC-adhered_10x_caged_4_class,20240422_neuron-adhered_10x_uncaged_4_class,20240703_neuron-adhered_10x_caged_4_class,20260316_a549-tomm20-gfp-adhered_10x_caged_at_4x_4_class,231212_imr90_multichannel_overlay_4_class,20250227_preadipocytes-adhered_10x_caged_4_class,20240624_mc38_10x_uncaged_4_class,20240509_Hs675Tfibroblasts_10x_caged_4_class,20250108_neuron-adhered_10x_uncaged_4_class"
20240422_neuron-adhered_10x_uncaged_4_class,test_ds,0.552,lora_r64_0.1_20250108_neuron-adhered,"20240516_DC-adhered_10x_caged_4_class,20240422_neuron-adhered_10x_uncaged_4_class,20240703_neuron-adhered_10x_caged_4_class,20260316_a549-tomm20-gfp-adhered_10x_caged_at_4x_4_class,231212_imr90_multichannel_overlay_4_class,20250227_preadipocytes-adhered_10x_caged_4_class,20240624_mc38_10x_uncaged_4_class,20240509_Hs675Tfibroblasts_10x_caged_4_class,20250108_neuron-adhered_10x_uncaged_4_class"
20240509_Hs675Tfibroblasts_10x_caged_4_class,test_ds,0.697,lora_r64_0.1_20250108_neuron-adhered,"20240516_DC-adhered_10x_caged_4_class,20240422_neuron-adhered_10x_uncaged_4_class,20240703_neuron-adhered_10x_caged_4_class,20260316_a549-tomm20-gfp-adhered_10x_caged_at_4x_4_class,231212_imr90_multichannel_overlay_4_class,20250227_preadipocytes-adhered_10x_caged_4_class,20240624_mc38_10x_uncaged_4_class,20240509_Hs675Tfibroblasts_10x_caged_4_class,20250108_neuron-adhered_10x_uncaged_4_class"
20240509_hela-adhered_10x_caged_4_class,test_ds,0.548,lora_r64_0.1_20250108_neuron-adhered,"20240516_DC-adhered_10x_caged_4_class,20240422_neuron-adhered_10x_uncaged_4_class,20240703_neuron-adhered_10x_caged_4_class,20260316_a549-tomm20-gfp-adhered_10x_caged_at_4x_4_class,231212_imr90_multichannel_overlay_4_class,20250227_preadipocytes-adhered_10x_caged_4_class,20240624_mc38_10x_uncaged_4_class,20240509_Hs675Tfibroblasts_10x_caged_4_class,20250108_neuron-adhered_10x_uncaged_4_class"
20240515_DC-adhered_10x_caged_4_class,test_ds,0.685,lora_r64_0.1_20250108_neuron-adhered,"20240516_DC-adhered_10x_caged_4_class,20240422_neuron-adhered_10x_uncaged_4_class,20240703_neuron-adhered_10x_caged_4_class,20260316_a549-tomm20-gfp-adhered_10x_caged_at_4x_4_class,231212_imr90_multichannel_overlay_4_class,20250227_preadipocytes-adhered_10x_caged_4_class,20240624_mc38_10x_uncaged_4_class,20240509_Hs675Tfibroblasts_10x_caged_4_class,20250108_neuron-adhered_10x_uncaged_4_class"
20240516_DC-adhered_10x_caged_4_class,test_ds,0.706,lora_r64_0.1_20250108_neuron-adhered,"20240516_DC-adhered_10x_caged_4_class,20240422_neuron-adhered_10x_uncaged_4_class,20240703_neuron-adhered_10x_caged_4_class,20260316_a549-tomm20-gfp-adhered_10x_caged_at_4x_4_class,231212_imr90_multichannel_overlay_4_class,20250227_preadipocytes-adhered_10x_caged_4_class,20240624_mc38_10x_uncaged_4_class,20240509_Hs675Tfibroblasts_10x_caged_4_class,20250108_neuron-adhered_10x_uncaged_4_class"
20240624_mc38_10x_caged_4_class,test_ds,0.552,lora_r64_0.1_20250108_neuron-adhered,"20240516_DC-adhered_10x_caged_4_class,20240422_neuron-adhered_10x_uncaged_4_class,20240703_neuron-adhered_10x_caged_4_class,20260316_a549-tomm20-gfp-adhered_10x_caged_at_4x_4_class,231212_imr90_multichannel_overlay_4_class,20250227_preadipocytes-adhered_10x_caged_4_class,20240624_mc38_10x_uncaged_4_class,20240509_Hs675Tfibroblasts_10x_caged_4_class,20250108_neuron-adhered_10x_uncaged_4_class"
20240624_mc38_10x_uncaged_4_class,test_ds,0.715,lora_r64_0.1_20250108_neuron-adhered,"20240516_DC-adhered_10x_caged_4_class,20240422_neuron-adhered_10x_uncaged_4_class,20240703_neuron-adhered_10x_caged_4_class,20260316_a549-tomm20-gfp-adhered_10x_caged_at_4x_4_class,231212_imr90_multichannel_overlay_4_class,20250227_preadipocytes-adhered_10x_caged_4_class,20240624_mc38_10x_uncaged_4_class,20240509_Hs675Tfibroblasts_10x_caged_4_class,20250108_neuron-adhered_10x_uncaged_4_class"
20240625_mc38_10x_caged_4_class,test_ds,0.591,lora_r64_0.1_20250108_neuron-adhered,"20240516_DC-adhered_10x_caged_4_class,20240422_neuron-adhered_10x_uncaged_4_class,20240703_neuron-adhered_10x_caged_4_class,20260316_a549-tomm20-gfp-adhered_10x_caged_at_4x_4_class,231212_imr90_multichannel_overlay_4_class,20250227_preadipocytes-adhered_10x_caged_4_class,20240624_mc38_10x_uncaged_4_class,20240509_Hs675Tfibroblasts_10x_caged_4_class,20250108_neuron-adhered_10x_uncaged_4_class"
20240703_neuron-adhered_10x_caged_4_class,test_ds,0.619,lora_r64_0.1_20250108_neuron-adhered,"20240516_DC-adhered_10x_caged_4_class,20240422_neuron-adhered_10x_uncaged_4_class,20240703_neuron-adhered_10x_caged_4_class,20260316_a549-tomm20-gfp-adhered_10x_caged_at_4x_4_class,231212_imr90_multichannel_overlay_4_class,20250227_preadipocytes-adhered_10x_caged_4_class,20240624_mc38_10x_uncaged_4_class,20240509_Hs675Tfibroblasts_10x_caged_4_class,20250108_neuron-adhered_10x_uncaged_4_class"
20240704_neuron-adhered_10x_caged_4_class,test_ds,0.602,lora_r64_0.1_20250108_neuron-adhered,"20240516_DC-adhered_10x_caged_4_class,20240422_neuron-adhered_10x_uncaged_4_class,20240703_neuron-adhered_10x_caged_4_class,20260316_a549-tomm20-gfp-adhered_10x_caged_at_4x_4_class,231212_imr90_multichannel_overlay_4_class,20250227_preadipocytes-adhered_10x_caged_4_class,20240624_mc38_10x_uncaged_4_class,20240509_Hs675Tfibroblasts_10x_caged_4_class,20250108_neuron-adhered_10x_uncaged_4_class"
20240905_u87-adhered_10x_caged_4_class,test_ds,0.519,lora_r64_0.1_20250108_neuron-adhered,"20240516_DC-adhered_10x_caged_4_class,20240422_neuron-adhered_10x_uncaged_4_class,20240703_neuron-adhered_10x_caged_4_class,20260316_a549-tomm20-gfp-adhered_10x_caged_at_4x_4_class,231212_imr90_multichannel_overlay_4_class,20250227_preadipocytes-adhered_10x_caged_4_class,20240624_mc38_10x_uncaged_4_class,20240509_Hs675Tfibroblasts_10x_caged_4_class,20250108_neuron-adhered_10x_uncaged_4_class"
20240924_enteric-glia-adhered_10x_uncaged_4_class,test_ds,0.682,lora_r64_0.1_20250108_neuron-adhered,"20240516_DC-adhered_10x_caged_4_class,20240422_neuron-adhered_10x_uncaged_4_class,20240703_neuron-adhered_10x_caged_4_class,20260316_a549-tomm20-gfp-adhered_10x_caged_at_4x_4_class,231212_imr90_multichannel_overlay_4_class,20250227_preadipocytes-adhered_10x_caged_4_class,20240624_mc38_10x_uncaged_4_class,20240509_Hs675Tfibroblasts_10x_caged_4_class,20250108_neuron-adhered_10x_uncaged_4_class"
20241212_preadipocytes-adhered_10x_uncaged_4_class,test_ds,0.363,lora_r64_0.1_20250108_neuron-adhered,"20240516_DC-adhered_10x_caged_4_class,20240422_neuron-adhered_10x_uncaged_4_class,20240703_neuron-adhered_10x_caged_4_class,20260316_a549-tomm20-gfp-adhered_10x_caged_at_4x_4_class,231212_imr90_multichannel_overlay_4_class,20250227_preadipocytes-adhered_10x_caged_4_class,20240624_mc38_10x_uncaged_4_class,20240509_Hs675Tfibroblasts_10x_caged_4_class,20250108_neuron-adhered_10x_uncaged_4_class"
20250108_neuron-adhered_10x_uncaged_4_class,test_ds,0.485,lora_r64_0.1_20250108_neuron-adhered,"20240516_DC-adhered_10x_caged_4_class,20240422_neuron-adhered_10x_uncaged_4_class,20240703_neuron-adhered_10x_caged_4_class,20260316_a549-tomm20-gfp-adhered_10x_caged_at_4x_4_class,231212_imr90_multichannel_overlay_4_class,20250227_preadipocytes-adhered_10x_caged_4_class,20240624_mc38_10x_uncaged_4_class,20240509_Hs675Tfibroblasts_10x_caged_4_class,20250108_neuron-adhered_10x_uncaged_4_class"
20250227_preadipocytes-adhered_10x_caged_4_class,test_ds,0.497,lora_r64_0.1_20250108_neuron-adhered,"20240516_DC-adhered_10x_caged_4_class,20240422_neuron-adhered_10x_uncaged_4_class,20240703_neuron-adhered_10x_caged_4_class,20260316_a549-tomm20-gfp-adhered_10x_caged_at_4x_4_class,231212_imr90_multichannel_overlay_4_class,20250227_preadipocytes-adhered_10x_caged_4_class,20240624_mc38_10x_uncaged_4_class,20240509_Hs675Tfibroblasts_10x_caged_4_class,20250108_neuron-adhered_10x_uncaged_4_class"
20250305_neuron-adhered_10x_uncaged_4_class,test_ds,0.498,lora_r64_0.1_20250108_neuron-adhered,"20240516_DC-adhered_10x_caged_4_class,20240422_neuron-adhered_10x_uncaged_4_class,20240703_neuron-adhered_10x_caged_4_class,20260316_a549-tomm20-gfp-adhered_10x_caged_at_4x_4_class,231212_imr90_multichannel_overlay_4_class,20250227_preadipocytes-adhered_10x_caged_4_class,20240624_mc38_10x_uncaged_4_class,20240509_Hs675Tfibroblasts_10x_caged_4_class,20250108_neuron-adhered_10x_uncaged_4_class"
20250820_c8d1a_astrocytes-adherent_10x_caged_4_class,test_ds,0.53,lora_r64_0.1_20250108_neuron-adhered,"20240516_DC-adhered_10x_caged_4_class,20240422_neuron-adhered_10x_uncaged_4_class,20240703_neuron-adhered_10x_caged_4_class,20260316_a549-tomm20-gfp-adhered_10x_caged_at_4x_4_class,231212_imr90_multichannel_overlay_4_class,20250227_preadipocytes-adhered_10x_caged_4_class,20240624_mc38_10x_uncaged_4_class,20240509_Hs675Tfibroblasts_10x_caged_4_class,20250108_neuron-adhered_10x_uncaged_4_class"
20250917_moc22-adhered_10x_caged_4_class,test_ds,0.541,lora_r64_0.1_20250108_neuron-adhered,"20240516_DC-adhered_10x_caged_4_class,20240422_neuron-adhered_10x_uncaged_4_class,20240703_neuron-adhered_10x_caged_4_class,20260316_a549-tomm20-gfp-adhered_10x_caged_at_4x_4_class,231212_imr90_multichannel_overlay_4_class,20250227_preadipocytes-adhered_10x_caged_4_class,20240624_mc38_10x_uncaged_4_class,20240509_Hs675Tfibroblasts_10x_caged_4_class,20250108_neuron-adhered_10x_uncaged_4_class"
20260316_a549-tomm20-gfp-adhered_10x_caged_at_4x_4_class,test_ds,0.725,lora_r64_0.1_20250108_neuron-adhered,"20240516_DC-adhered_10x_caged_4_class,20240422_neuron-adhered_10x_uncaged_4_class,20240703_neuron-adhered_10x_caged_4_class,20260316_a549-tomm20-gfp-adhered_10x_caged_at_4x_4_class,231212_imr90_multichannel_overlay_4_class,20250227_preadipocytes-adhered_10x_caged_4_class,20240624_mc38_10x_uncaged_4_class,20240509_Hs675Tfibroblasts_10x_caged_4_class,20250108_neuron-adhered_10x_uncaged_4_class"
231212_imr90_multichannel_overlay_4_class,test_ds,0.776,lora_r64_0.1_20250108_neuron-adhered,"20240516_DC-adhered_10x_caged_4_class,20240422_neuron-adhered_10x_uncaged_4_class,20240703_neuron-adhered_10x_caged_4_class,20260316_a549-tomm20-gfp-adhered_10x_caged_at_4x_4_class,231212_imr90_multichannel_overlay_4_class,20250227_preadipocytes-adhered_10x_caged_4_class,20240624_mc38_10x_uncaged_4_class,20240509_Hs675Tfibroblasts_10x_caged_4_class,20250108_neuron-adhered_10x_uncaged_4_class"
240213_imr90_multichannel_overlay_4_class,test_ds,0.57,lora_r64_0.1_20250108_neuron-adhered,"20240516_DC-adhered_10x_caged_4_class,20240422_neuron-adhered_10x_uncaged_4_class,20240703_neuron-adhered_10x_caged_4_class,20260316_a549-tomm20-gfp-adhered_10x_caged_at_4x_4_class,231212_imr90_multichannel_overlay_4_class,20250227_preadipocytes-adhered_10x_caged_4_class,20240624_mc38_10x_uncaged_4_class,20240509_Hs675Tfibroblasts_10x_caged_4_class,20250108_neuron-adhered_10x_uncaged_4_class"
20240516_DC-adhered_10x_caged_4_class,train_ds,0.699,lora_r64_0.25_20250108_neuron-adhered,"20240516_DC-adhered_10x_caged_4_class,20240422_neuron-adhered_10x_uncaged_4_class,20240703_neuron-adhered_10x_caged_4_class,20260316_a549-tomm20-gfp-adhered_10x_caged_at_4x_4_class,231212_imr90_multichannel_overlay_4_class,20250227_preadipocytes-adhered_10x_caged_4_class,20240624_mc38_10x_uncaged_4_class,20240509_Hs675Tfibroblasts_10x_caged_4_class,20250108_neuron-adhered_10x_uncaged_4_class"
20240422_neuron-adhered_10x_uncaged_4_class,train_ds,0.542,lora_r64_0.25_20250108_neuron-adhered,"20240516_DC-adhered_10x_caged_4_class,20240422_neuron-adhered_10x_uncaged_4_class,20240703_neuron-adhered_10x_caged_4_class,20260316_a549-tomm20-gfp-adhered_10x_caged_at_4x_4_class,231212_imr90_multichannel_overlay_4_class,20250227_preadipocytes-adhered_10x_caged_4_class,20240624_mc38_10x_uncaged_4_class,20240509_Hs675Tfibroblasts_10x_caged_4_class,20250108_neuron-adhered_10x_uncaged_4_class"
20240703_neuron-adhered_10x_caged_4_class,train_ds,0.615,lora_r64_0.25_20250108_neuron-adhered,"20240516_DC-adhered_10x_caged_4_class,20240422_neuron-adhered_10x_uncaged_4_class,20240703_neuron-adhered_10x_caged_4_class,20260316_a549-tomm20-gfp-adhered_10x_caged_at_4x_4_class,231212_imr90_multichannel_overlay_4_class,20250227_preadipocytes-adhered_10x_caged_4_class,20240624_mc38_10x_uncaged_4_class,20240509_Hs675Tfibroblasts_10x_caged_4_class,20250108_neuron-adhered_10x_uncaged_4_class"
20260316_a549-tomm20-gfp-adhered_10x_caged_at_4x_4_class,train_ds,0.723,lora_r64_0.25_20250108_neuron-adhered,"20240516_DC-adhered_10x_caged_4_class,20240422_neuron-adhered_10x_uncaged_4_class,20240703_neuron-adhered_10x_caged_4_class,20260316_a549-tomm20-gfp-adhered_10x_caged_at_4x_4_class,231212_imr90_multichannel_overlay_4_class,20250227_preadipocytes-adhered_10x_caged_4_class,20240624_mc38_10x_uncaged_4_class,20240509_Hs675Tfibroblasts_10x_caged_4_class,20250108_neuron-adhered_10x_uncaged_4_class"
231212_imr90_multichannel_overlay_4_class,train_ds,0.777,lora_r64_0.25_20250108_neuron-adhered,"20240516_DC-adhered_10x_caged_4_class,20240422_neuron-adhered_10x_uncaged_4_class,20240703_neuron-adhered_10x_caged_4_class,20260316_a549-tomm20-gfp-adhered_10x_caged_at_4x_4_class,231212_imr90_multichannel_overlay_4_class,20250227_preadipocytes-adhered_10x_caged_4_class,20240624_mc38_10x_uncaged_4_class,20240509_Hs675Tfibroblasts_10x_caged_4_class,20250108_neuron-adhered_10x_uncaged_4_class"
20250227_preadipocytes-adhered_10x_caged_4_class,train_ds,0.493,lora_r64_0.25_20250108_neuron-adhered,"20240516_DC-adhered_10x_caged_4_class,20240422_neuron-adhered_10x_uncaged_4_class,20240703_neuron-adhered_10x_caged_4_class,20260316_a549-tomm20-gfp-adhered_10x_caged_at_4x_4_class,231212_imr90_multichannel_overlay_4_class,20250227_preadipocytes-adhered_10x_caged_4_class,20240624_mc38_10x_uncaged_4_class,20240509_Hs675Tfibroblasts_10x_caged_4_class,20250108_neuron-adhered_10x_uncaged_4_class"
20240624_mc38_10x_uncaged_4_class,train_ds,0.712,lora_r64_0.25_20250108_neuron-adhered,"20240516_DC-adhered_10x_caged_4_class,20240422_neuron-adhered_10x_uncaged_4_class,20240703_neuron-adhered_10x_caged_4_class,20260316_a549-tomm20-gfp-adhered_10x_caged_at_4x_4_class,231212_imr90_multichannel_overlay_4_class,20250227_preadipocytes-adhered_10x_caged_4_class,20240624_mc38_10x_uncaged_4_class,20240509_Hs675Tfibroblasts_10x_caged_4_class,20250108_neuron-adhered_10x_uncaged_4_class"
20240509_Hs675Tfibroblasts_10x_caged_4_class,train_ds,0.691,lora_r64_0.25_20250108_neuron-adhered,"20240516_DC-adhered_10x_caged_4_class,20240422_neuron-adhered_10x_uncaged_4_class,20240703_neuron-adhered_10x_caged_4_class,20260316_a549-tomm20-gfp-adhered_10x_caged_at_4x_4_class,231212_imr90_multichannel_overlay_4_class,20250227_preadipocytes-adhered_10x_caged_4_class,20240624_mc38_10x_uncaged_4_class,20240509_Hs675Tfibroblasts_10x_caged_4_class,20250108_neuron-adhered_10x_uncaged_4_class"
20250108_neuron-adhered_10x_uncaged_4_class,train_ds,0.495,lora_r64_0.25_20250108_neuron-adhered,"20240516_DC-adhered_10x_caged_4_class,20240422_neuron-adhered_10x_uncaged_4_class,20240703_neuron-adhered_10x_caged_4_class,20260316_a549-tomm20-gfp-adhered_10x_caged_at_4x_4_class,231212_imr90_multichannel_overlay_4_class,20250227_preadipocytes-adhered_10x_caged_4_class,20240624_mc38_10x_uncaged_4_class,20240509_Hs675Tfibroblasts_10x_caged_4_class,20250108_neuron-adhered_10x_uncaged_4_class"
20240422_neuron-adhered_10x_uncaged_4_class,test_ds,0.542,lora_r64_0.25_20250108_neuron-adhered,"20240516_DC-adhered_10x_caged_4_class,20240422_neuron-adhered_10x_uncaged_4_class,20240703_neuron-adhered_10x_caged_4_class,20260316_a549-tomm20-gfp-adhered_10x_caged_at_4x_4_class,231212_imr90_multichannel_overlay_4_class,20250227_preadipocytes-adhered_10x_caged_4_class,20240624_mc38_10x_uncaged_4_class,20240509_Hs675Tfibroblasts_10x_caged_4_class,20250108_neuron-adhered_10x_uncaged_4_class"
20240509_Hs675Tfibroblasts_10x_caged_4_class,test_ds,0.691,lora_r64_0.25_20250108_neuron-adhered,"20240516_DC-adhered_10x_caged_4_class,20240422_neuron-adhered_10x_uncaged_4_class,20240703_neuron-adhered_10x_caged_4_class,20260316_a549-tomm20-gfp-adhered_10x_caged_at_4x_4_class,231212_imr90_multichannel_overlay_4_class,20250227_preadipocytes-adhered_10x_caged_4_class,20240624_mc38_10x_uncaged_4_class,20240509_Hs675Tfibroblasts_10x_caged_4_class,20250108_neuron-adhered_10x_uncaged_4_class"
20240509_hela-adhered_10x_caged_4_class,test_ds,0.552,lora_r64_0.25_20250108_neuron-adhered,"20240516_DC-adhered_10x_caged_4_class,20240422_neuron-adhered_10x_uncaged_4_class,20240703_neuron-adhered_10x_caged_4_class,20260316_a549-tomm20-gfp-adhered_10x_caged_at_4x_4_class,231212_imr90_multichannel_overlay_4_class,20250227_preadipocytes-adhered_10x_caged_4_class,20240624_mc38_10x_uncaged_4_class,20240509_Hs675Tfibroblasts_10x_caged_4_class,20250108_neuron-adhered_10x_uncaged_4_class"
20240515_DC-adhered_10x_caged_4_class,test_ds,0.68,lora_r64_0.25_20250108_neuron-adhered,"20240516_DC-adhered_10x_caged_4_class,20240422_neuron-adhered_10x_uncaged_4_class,20240703_neuron-adhered_10x_caged_4_class,20260316_a549-tomm20-gfp-adhered_10x_caged_at_4x_4_class,231212_imr90_multichannel_overlay_4_class,20250227_preadipocytes-adhered_10x_caged_4_class,20240624_mc38_10x_uncaged_4_class,20240509_Hs675Tfibroblasts_10x_caged_4_class,20250108_neuron-adhered_10x_uncaged_4_class"
20240516_DC-adhered_10x_caged_4_class,test_ds,0.699,lora_r64_0.25_20250108_neuron-adhered,"20240516_DC-adhered_10x_caged_4_class,20240422_neuron-adhered_10x_uncaged_4_class,20240703_neuron-adhered_10x_caged_4_class,20260316_a549-tomm20-gfp-adhered_10x_caged_at_4x_4_class,231212_imr90_multichannel_overlay_4_class,20250227_preadipocytes-adhered_10x_caged_4_class,20240624_mc38_10x_uncaged_4_class,20240509_Hs675Tfibroblasts_10x_caged_4_class,20250108_neuron-adhered_10x_uncaged_4_class"
20240624_mc38_10x_caged_4_class,test_ds,0.566,lora_r64_0.25_20250108_neuron-adhered,"20240516_DC-adhered_10x_caged_4_class,20240422_neuron-adhered_10x_uncaged_4_class,20240703_neuron-adhered_10x_caged_4_class,20260316_a549-tomm20-gfp-adhered_10x_caged_at_4x_4_class,231212_imr90_multichannel_overlay_4_class,20250227_preadipocytes-adhered_10x_caged_4_class,20240624_mc38_10x_uncaged_4_class,20240509_Hs675Tfibroblasts_10x_caged_4_class,20250108_neuron-adhered_10x_uncaged_4_class"
20240624_mc38_10x_uncaged_4_class,test_ds,0.712,lora_r64_0.25_20250108_neuron-adhered,"20240516_DC-adhered_10x_caged_4_class,20240422_neuron-adhered_10x_uncaged_4_class,20240703_neuron-adhered_10x_caged_4_class,20260316_a549-tomm20-gfp-adhered_10x_caged_at_4x_4_class,231212_imr90_multichannel_overlay_4_class,20250227_preadipocytes-adhered_10x_caged_4_class,20240624_mc38_10x_uncaged_4_class,20240509_Hs675Tfibroblasts_10x_caged_4_class,20250108_neuron-adhered_10x_uncaged_4_class"
20240625_mc38_10x_caged_4_class,test_ds,0.579,lora_r64_0.25_20250108_neuron-adhered,"20240516_DC-adhered_10x_caged_4_class,20240422_neuron-adhered_10x_uncaged_4_class,20240703_neuron-adhered_10x_caged_4_class,20260316_a549-tomm20-gfp-adhered_10x_caged_at_4x_4_class,231212_imr90_multichannel_overlay_4_class,20250227_preadipocytes-adhered_10x_caged_4_class,20240624_mc38_10x_uncaged_4_class,20240509_Hs675Tfibroblasts_10x_caged_4_class,20250108_neuron-adhered_10x_uncaged_4_class"
20240703_neuron-adhered_10x_caged_4_class,test_ds,0.615,lora_r64_0.25_20250108_neuron-adhered,"20240516_DC-adhered_10x_caged_4_class,20240422_neuron-adhered_10x_uncaged_4_class,20240703_neuron-adhered_10x_caged_4_class,20260316_a549-tomm20-gfp-adhered_10x_caged_at_4x_4_class,231212_imr90_multichannel_overlay_4_class,20250227_preadipocytes-adhered_10x_caged_4_class,20240624_mc38_10x_uncaged_4_class,20240509_Hs675Tfibroblasts_10x_caged_4_class,20250108_neuron-adhered_10x_uncaged_4_class"
20240704_neuron-adhered_10x_caged_4_class,test_ds,0.592,lora_r64_0.25_20250108_neuron-adhered,"20240516_DC-adhered_10x_caged_4_class,20240422_neuron-adhered_10x_uncaged_4_class,20240703_neuron-adhered_10x_caged_4_class,20260316_a549-tomm20-gfp-adhered_10x_caged_at_4x_4_class,231212_imr90_multichannel_overlay_4_class,20250227_preadipocytes-adhered_10x_caged_4_class,20240624_mc38_10x_uncaged_4_class,20240509_Hs675Tfibroblasts_10x_caged_4_class,20250108_neuron-adhered_10x_uncaged_4_class"
20240905_u87-adhered_10x_caged_4_class,test_ds,0.522,lora_r64_0.25_20250108_neuron-adhered,"20240516_DC-adhered_10x_caged_4_class,20240422_neuron-adhered_10x_uncaged_4_class,20240703_neuron-adhered_10x_caged_4_class,20260316_a549-tomm20-gfp-adhered_10x_caged_at_4x_4_class,231212_imr90_multichannel_overlay_4_class,20250227_preadipocytes-adhered_10x_caged_4_class,20240624_mc38_10x_uncaged_4_class,20240509_Hs675Tfibroblasts_10x_caged_4_class,20250108_neuron-adhered_10x_uncaged_4_class"
20240924_enteric-glia-adhered_10x_uncaged_4_class,test_ds,0.658,lora_r64_0.25_20250108_neuron-adhered,"20240516_DC-adhered_10x_caged_4_class,20240422_neuron-adhered_10x_uncaged_4_class,20240703_neuron-adhered_10x_caged_4_class,20260316_a549-tomm20-gfp-adhered_10x_caged_at_4x_4_class,231212_imr90_multichannel_overlay_4_class,20250227_preadipocytes-adhered_10x_caged_4_class,20240624_mc38_10x_uncaged_4_class,20240509_Hs675Tfibroblasts_10x_caged_4_class,20250108_neuron-adhered_10x_uncaged_4_class"
20241212_preadipocytes-adhered_10x_uncaged_4_class,test_ds,0.36,lora_r64_0.25_20250108_neuron-adhered,"20240516_DC-adhered_10x_caged_4_class,20240422_neuron-adhered_10x_uncaged_4_class,20240703_neuron-adhered_10x_caged_4_class,20260316_a549-tomm20-gfp-adhered_10x_caged_at_4x_4_class,231212_imr90_multichannel_overlay_4_class,20250227_preadipocytes-adhered_10x_caged_4_class,20240624_mc38_10x_uncaged_4_class,20240509_Hs675Tfibroblasts_10x_caged_4_class,20250108_neuron-adhered_10x_uncaged_4_class"
20250108_neuron-adhered_10x_uncaged_4_class,test_ds,0.495,lora_r64_0.25_20250108_neuron-adhered,"20240516_DC-adhered_10x_caged_4_class,20240422_neuron-adhered_10x_uncaged_4_class,20240703_neuron-adhered_10x_caged_4_class,20260316_a549-tomm20-gfp-adhered_10x_caged_at_4x_4_class,231212_imr90_multichannel_overlay_4_class,20250227_preadipocytes-adhered_10x_caged_4_class,20240624_mc38_10x_uncaged_4_class,20240509_Hs675Tfibroblasts_10x_caged_4_class,20250108_neuron-adhered_10x_uncaged_4_class"
20250227_preadipocytes-adhered_10x_caged_4_class,test_ds,0.493,lora_r64_0.25_20250108_neuron-adhered,"20240516_DC-adhered_10x_caged_4_class,20240422_neuron-adhered_10x_uncaged_4_class,20240703_neuron-adhered_10x_caged_4_class,20260316_a549-tomm20-gfp-adhered_10x_caged_at_4x_4_class,231212_imr90_multichannel_overlay_4_class,20250227_preadipocytes-adhered_10x_caged_4_class,20240624_mc38_10x_uncaged_4_class,20240509_Hs675Tfibroblasts_10x_caged_4_class,20250108_neuron-adhered_10x_uncaged_4_class"
20250305_neuron-adhered_10x_uncaged_4_class,test_ds,0.442,lora_r64_0.25_20250108_neuron-adhered,"20240516_DC-adhered_10x_caged_4_class,20240422_neuron-adhered_10x_uncaged_4_class,20240703_neuron-adhered_10x_caged_4_class,20260316_a549-tomm20-gfp-adhered_10x_caged_at_4x_4_class,231212_imr90_multichannel_overlay_4_class,20250227_preadipocytes-adhered_10x_caged_4_class,20240624_mc38_10x_uncaged_4_class,20240509_Hs675Tfibroblasts_10x_caged_4_class,20250108_neuron-adhered_10x_uncaged_4_class"
20250820_c8d1a_astrocytes-adherent_10x_caged_4_class,test_ds,0.52,lora_r64_0.25_20250108_neuron-adhered,"20240516_DC-adhered_10x_caged_4_class,20240422_neuron-adhered_10x_uncaged_4_class,20240703_neuron-adhered_10x_caged_4_class,20260316_a549-tomm20-gfp-adhered_10x_caged_at_4x_4_class,231212_imr90_multichannel_overlay_4_class,20250227_preadipocytes-adhered_10x_caged_4_class,20240624_mc38_10x_uncaged_4_class,20240509_Hs675Tfibroblasts_10x_caged_4_class,20250108_neuron-adhered_10x_uncaged_4_class"
20250917_moc22-adhered_10x_caged_4_class,test_ds,0.523,lora_r64_0.25_20250108_neuron-adhered,"20240516_DC-adhered_10x_caged_4_class,20240422_neuron-adhered_10x_uncaged_4_class,20240703_neuron-adhered_10x_caged_4_class,20260316_a549-tomm20-gfp-adhered_10x_caged_at_4x_4_class,231212_imr90_multichannel_overlay_4_class,20250227_preadipocytes-adhered_10x_caged_4_class,20240624_mc38_10x_uncaged_4_class,20240509_Hs675Tfibroblasts_10x_caged_4_class,20250108_neuron-adhered_10x_uncaged_4_class"
20260316_a549-tomm20-gfp-adhered_10x_caged_at_4x_4_class,test_ds,0.723,lora_r64_0.25_20250108_neuron-adhered,"20240516_DC-adhered_10x_caged_4_class,20240422_neuron-adhered_10x_uncaged_4_class,20240703_neuron-adhered_10x_caged_4_class,20260316_a549-tomm20-gfp-adhered_10x_caged_at_4x_4_class,231212_imr90_multichannel_overlay_4_class,20250227_preadipocytes-adhered_10x_caged_4_class,20240624_mc38_10x_uncaged_4_class,20240509_Hs675Tfibroblasts_10x_caged_4_class,20250108_neuron-adhered_10x_uncaged_4_class"
231212_imr90_multichannel_overlay_4_class,test_ds,0.777,lora_r64_0.25_20250108_neuron-adhered,"20240516_DC-adhered_10x_caged_4_class,20240422_neuron-adhered_10x_uncaged_4_class,20240703_neuron-adhered_10x_caged_4_class,20260316_a549-tomm20-gfp-adhered_10x_caged_at_4x_4_class,231212_imr90_multichannel_overlay_4_class,20250227_preadipocytes-adhered_10x_caged_4_class,20240624_mc38_10x_uncaged_4_class,20240509_Hs675Tfibroblasts_10x_caged_4_class,20250108_neuron-adhered_10x_uncaged_4_class"
240213_imr90_multichannel_overlay_4_class,test_ds,0.539,lora_r64_0.25_20250108_neuron-adhered,"20240516_DC-adhered_10x_caged_4_class,20240422_neuron-adhered_10x_uncaged_4_class,20240703_neuron-adhered_10x_caged_4_class,20260316_a549-tomm20-gfp-adhered_10x_caged_at_4x_4_class,231212_imr90_multichannel_overlay_4_class,20250227_preadipocytes-adhered_10x_caged_4_class,20240624_mc38_10x_uncaged_4_class,20240509_Hs675Tfibroblasts_10x_caged_4_class,20250108_neuron-adhered_10x_uncaged_4_class"
20240516_DC-adhered_10x_caged_4_class,train_ds,0.701,lora_r64_0.5_20250108_neuron-adhered,"20240516_DC-adhered_10x_caged_4_class,20240422_neuron-adhered_10x_uncaged_4_class,20240703_neuron-adhered_10x_caged_4_class,20260316_a549-tomm20-gfp-adhered_10x_caged_at_4x_4_class,231212_imr90_multichannel_overlay_4_class,20250227_preadipocytes-adhered_10x_caged_4_class,20240624_mc38_10x_uncaged_4_class,20240509_Hs675Tfibroblasts_10x_caged_4_class,20250108_neuron-adhered_10x_uncaged_4_class"
20240422_neuron-adhered_10x_uncaged_4_class,train_ds,0.554,lora_r64_0.5_20250108_neuron-adhered,"20240516_DC-adhered_10x_caged_4_class,20240422_neuron-adhered_10x_uncaged_4_class,20240703_neuron-adhered_10x_caged_4_class,20260316_a549-tomm20-gfp-adhered_10x_caged_at_4x_4_class,231212_imr90_multichannel_overlay_4_class,20250227_preadipocytes-adhered_10x_caged_4_class,20240624_mc38_10x_uncaged_4_class,20240509_Hs675Tfibroblasts_10x_caged_4_class,20250108_neuron-adhered_10x_uncaged_4_class"
20240703_neuron-adhered_10x_caged_4_class,train_ds,0.606,lora_r64_0.5_20250108_neuron-adhered,"20240516_DC-adhered_10x_caged_4_class,20240422_neuron-adhered_10x_uncaged_4_class,20240703_neuron-adhered_10x_caged_4_class,20260316_a549-tomm20-gfp-adhered_10x_caged_at_4x_4_class,231212_imr90_multichannel_overlay_4_class,20250227_preadipocytes-adhered_10x_caged_4_class,20240624_mc38_10x_uncaged_4_class,20240509_Hs675Tfibroblasts_10x_caged_4_class,20250108_neuron-adhered_10x_uncaged_4_class"
20260316_a549-tomm20-gfp-adhered_10x_caged_at_4x_4_class,train_ds,0.723,lora_r64_0.5_20250108_neuron-adhered,"20240516_DC-adhered_10x_caged_4_class,20240422_neuron-adhered_10x_uncaged_4_class,20240703_neuron-adhered_10x_caged_4_class,20260316_a549-tomm20-gfp-adhered_10x_caged_at_4x_4_class,231212_imr90_multichannel_overlay_4_class,20250227_preadipocytes-adhered_10x_caged_4_class,20240624_mc38_10x_uncaged_4_class,20240509_Hs675Tfibroblasts_10x_caged_4_class,20250108_neuron-adhered_10x_uncaged_4_class"
231212_imr90_multichannel_overlay_4_class,train_ds,0.768,lora_r64_0.5_20250108_neuron-adhered,"20240516_DC-adhered_10x_caged_4_class,20240422_neuron-adhered_10x_uncaged_4_class,20240703_neuron-adhered_10x_caged_4_class,20260316_a549-tomm20-gfp-adhered_10x_caged_at_4x_4_class,231212_imr90_multichannel_overlay_4_class,20250227_preadipocytes-adhered_10x_caged_4_class,20240624_mc38_10x_uncaged_4_class,20240509_Hs675Tfibroblasts_10x_caged_4_class,20250108_neuron-adhered_10x_uncaged_4_class"
20250227_preadipocytes-adhered_10x_caged_4_class,train_ds,0.504,lora_r64_0.5_20250108_neuron-adhered,"20240516_DC-adhered_10x_caged_4_class,20240422_neuron-adhered_10x_uncaged_4_class,20240703_neuron-adhered_10x_caged_4_class,20260316_a549-tomm20-gfp-adhered_10x_caged_at_4x_4_class,231212_imr90_multichannel_overlay_4_class,20250227_preadipocytes-adhered_10x_caged_4_class,20240624_mc38_10x_uncaged_4_class,20240509_Hs675Tfibroblasts_10x_caged_4_class,20250108_neuron-adhered_10x_uncaged_4_class"
20240624_mc38_10x_uncaged_4_class,train_ds,0.703,lora_r64_0.5_20250108_neuron-adhered,"20240516_DC-adhered_10x_caged_4_class,20240422_neuron-adhered_10x_uncaged_4_class,20240703_neuron-adhered_10x_caged_4_class,20260316_a549-tomm20-gfp-adhered_10x_caged_at_4x_4_class,231212_imr90_multichannel_overlay_4_class,20250227_preadipocytes-adhered_10x_caged_4_class,20240624_mc38_10x_uncaged_4_class,20240509_Hs675Tfibroblasts_10x_caged_4_class,20250108_neuron-adhered_10x_uncaged_4_class"
20240509_Hs675Tfibroblasts_10x_caged_4_class,train_ds,0.69,lora_r64_0.5_20250108_neuron-adhered,"20240516_DC-adhered_10x_caged_4_class,20240422_neuron-adhered_10x_uncaged_4_class,20240703_neuron-adhered_10x_caged_4_class,20260316_a549-tomm20-gfp-adhered_10x_caged_at_4x_4_class,231212_imr90_multichannel_overlay_4_class,20250227_preadipocytes-adhered_10x_caged_4_class,20240624_mc38_10x_uncaged_4_class,20240509_Hs675Tfibroblasts_10x_caged_4_class,20250108_neuron-adhered_10x_uncaged_4_class"
20250108_neuron-adhered_10x_uncaged_4_class,train_ds,0.571,lora_r64_0.5_20250108_neuron-adhered,"20240516_DC-adhered_10x_caged_4_class,20240422_neuron-adhered_10x_uncaged_4_class,20240703_neuron-adhered_10x_caged_4_class,20260316_a549-tomm20-gfp-adhered_10x_caged_at_4x_4_class,231212_imr90_multichannel_overlay_4_class,20250227_preadipocytes-adhered_10x_caged_4_class,20240624_mc38_10x_uncaged_4_class,20240509_Hs675Tfibroblasts_10x_caged_4_class,20250108_neuron-adhered_10x_uncaged_4_class"
20240422_neuron-adhered_10x_uncaged_4_class,test_ds,0.554,lora_r64_0.5_20250108_neuron-adhered,"20240516_DC-adhered_10x_caged_4_class,20240422_neuron-adhered_10x_uncaged_4_class,20240703_neuron-adhered_10x_caged_4_class,20260316_a549-tomm20-gfp-adhered_10x_caged_at_4x_4_class,231212_imr90_multichannel_overlay_4_class,20250227_preadipocytes-adhered_10x_caged_4_class,20240624_mc38_10x_uncaged_4_class,20240509_Hs675Tfibroblasts_10x_caged_4_class,20250108_neuron-adhered_10x_uncaged_4_class"
20240509_Hs675Tfibroblasts_10x_caged_4_class,test_ds,0.69,lora_r64_0.5_20250108_neuron-adhered,"20240516_DC-adhered_10x_caged_4_class,20240422_neuron-adhered_10x_uncaged_4_class,20240703_neuron-adhered_10x_caged_4_class,20260316_a549-tomm20-gfp-adhered_10x_caged_at_4x_4_class,231212_imr90_multichannel_overlay_4_class,20250227_preadipocytes-adhered_10x_caged_4_class,20240624_mc38_10x_uncaged_4_class,20240509_Hs675Tfibroblasts_10x_caged_4_class,20250108_neuron-adhered_10x_uncaged_4_class"
20240509_hela-adhered_10x_caged_4_class,test_ds,0.531,lora_r64_0.5_20250108_neuron-adhered,"20240516_DC-adhered_10x_caged_4_class,20240422_neuron-adhered_10x_uncaged_4_class,20240703_neuron-adhered_10x_caged_4_class,20260316_a549-tomm20-gfp-adhered_10x_caged_at_4x_4_class,231212_imr90_multichannel_overlay_4_class,20250227_preadipocytes-adhered_10x_caged_4_class,20240624_mc38_10x_uncaged_4_class,20240509_Hs675Tfibroblasts_10x_caged_4_class,20250108_neuron-adhered_10x_uncaged_4_class"
20240515_DC-adhered_10x_caged_4_class,test_ds,0.684,lora_r64_0.5_20250108_neuron-adhered,"20240516_DC-adhered_10x_caged_4_class,20240422_neuron-adhered_10x_uncaged_4_class,20240703_neuron-adhered_10x_caged_4_class,20260316_a549-tomm20-gfp-adhered_10x_caged_at_4x_4_class,231212_imr90_multichannel_overlay_4_class,20250227_preadipocytes-adhered_10x_caged_4_class,20240624_mc38_10x_uncaged_4_class,20240509_Hs675Tfibroblasts_10x_caged_4_class,20250108_neuron-adhered_10x_uncaged_4_class"
20240516_DC-adhered_10x_caged_4_class,test_ds,0.701,lora_r64_0.5_20250108_neuron-adhered,"20240516_DC-adhered_10x_caged_4_class,20240422_neuron-adhered_10x_uncaged_4_class,20240703_neuron-adhered_10x_caged_4_class,20260316_a549-tomm20-gfp-adhered_10x_caged_at_4x_4_class,231212_imr90_multichannel_overlay_4_class,20250227_preadipocytes-adhered_10x_caged_4_class,20240624_mc38_10x_uncaged_4_class,20240509_Hs675Tfibroblasts_10x_caged_4_class,20250108_neuron-adhered_10x_uncaged_4_class"
20240624_mc38_10x_caged_4_class,test_ds,0.566,lora_r64_0.5_20250108_neuron-adhered,"20240516_DC-adhered_10x_caged_4_class,20240422_neuron-adhered_10x_uncaged_4_class,20240703_neuron-adhered_10x_caged_4_class,20260316_a549-tomm20-gfp-adhered_10x_caged_at_4x_4_class,231212_imr90_multichannel_overlay_4_class,20250227_preadipocytes-adhered_10x_caged_4_class,20240624_mc38_10x_uncaged_4_class,20240509_Hs675Tfibroblasts_10x_caged_4_class,20250108_neuron-adhered_10x_uncaged_4_class"
20240624_mc38_10x_uncaged_4_class,test_ds,0.703,lora_r64_0.5_20250108_neuron-adhered,"20240516_DC-adhered_10x_caged_4_class,20240422_neuron-adhered_10x_uncaged_4_class,20240703_neuron-adhered_10x_caged_4_class,20260316_a549-tomm20-gfp-adhered_10x_caged_at_4x_4_class,231212_imr90_multichannel_overlay_4_class,20250227_preadipocytes-adhered_10x_caged_4_class,20240624_mc38_10x_uncaged_4_class,20240509_Hs675Tfibroblasts_10x_caged_4_class,20250108_neuron-adhered_10x_uncaged_4_class"
20240625_mc38_10x_caged_4_class,test_ds,0.577,lora_r64_0.5_20250108_neuron-adhered,"20240516_DC-adhered_10x_caged_4_class,20240422_neuron-adhered_10x_uncaged_4_class,20240703_neuron-adhered_10x_caged_4_class,20260316_a549-tomm20-gfp-adhered_10x_caged_at_4x_4_class,231212_imr90_multichannel_overlay_4_class,20250227_preadipocytes-adhered_10x_caged_4_class,20240624_mc38_10x_uncaged_4_class,20240509_Hs675Tfibroblasts_10x_caged_4_class,20250108_neuron-adhered_10x_uncaged_4_class"
20240703_neuron-adhered_10x_caged_4_class,test_ds,0.606,lora_r64_0.5_20250108_neuron-adhered,"20240516_DC-adhered_10x_caged_4_class,20240422_neuron-adhered_10x_uncaged_4_class,20240703_neuron-adhered_10x_caged_4_class,20260316_a549-tomm20-gfp-adhered_10x_caged_at_4x_4_class,231212_imr90_multichannel_overlay_4_class,20250227_preadipocytes-adhered_10x_caged_4_class,20240624_mc38_10x_uncaged_4_class,20240509_Hs675Tfibroblasts_10x_caged_4_class,20250108_neuron-adhered_10x_uncaged_4_class"
20240704_neuron-adhered_10x_caged_4_class,test_ds,0.584,lora_r64_0.5_20250108_neuron-adhered,"20240516_DC-adhered_10x_caged_4_class,20240422_neuron-adhered_10x_uncaged_4_class,20240703_neuron-adhered_10x_caged_4_class,20260316_a549-tomm20-gfp-adhered_10x_caged_at_4x_4_class,231212_imr90_multichannel_overlay_4_class,20250227_preadipocytes-adhered_10x_caged_4_class,20240624_mc38_10x_uncaged_4_class,20240509_Hs675Tfibroblasts_10x_caged_4_class,20250108_neuron-adhered_10x_uncaged_4_class"
20240905_u87-adhered_10x_caged_4_class,test_ds,0.519,lora_r64_0.5_20250108_neuron-adhered,"20240516_DC-adhered_10x_caged_4_class,20240422_neuron-adhered_10x_uncaged_4_class,20240703_neuron-adhered_10x_caged_4_class,20260316_a549-tomm20-gfp-adhered_10x_caged_at_4x_4_class,231212_imr90_multichannel_overlay_4_class,20250227_preadipocytes-adhered_10x_caged_4_class,20240624_mc38_10x_uncaged_4_class,20240509_Hs675Tfibroblasts_10x_caged_4_class,20250108_neuron-adhered_10x_uncaged_4_class"
20240924_enteric-glia-adhered_10x_uncaged_4_class,test_ds,0.656,lora_r64_0.5_20250108_neuron-adhered,"20240516_DC-adhered_10x_caged_4_class,20240422_neuron-adhered_10x_uncaged_4_class,20240703_neuron-adhered_10x_caged_4_class,20260316_a549-tomm20-gfp-adhered_10x_caged_at_4x_4_class,231212_imr90_multichannel_overlay_4_class,20250227_preadipocytes-adhered_10x_caged_4_class,20240624_mc38_10x_uncaged_4_class,20240509_Hs675Tfibroblasts_10x_caged_4_class,20250108_neuron-adhered_10x_uncaged_4_class"
20241212_preadipocytes-adhered_10x_uncaged_4_class,test_ds,0.371,lora_r64_0.5_20250108_neuron-adhered,"20240516_DC-adhered_10x_caged_4_class,20240422_neuron-adhered_10x_uncaged_4_class,20240703_neuron-adhered_10x_caged_4_class,20260316_a549-tomm20-gfp-adhered_10x_caged_at_4x_4_class,231212_imr90_multichannel_overlay_4_class,20250227_preadipocytes-adhered_10x_caged_4_class,20240624_mc38_10x_uncaged_4_class,20240509_Hs675Tfibroblasts_10x_caged_4_class,20250108_neuron-adhered_10x_uncaged_4_class"
20250108_neuron-adhered_10x_uncaged_4_class,test_ds,0.571,lora_r64_0.5_20250108_neuron-adhered,"20240516_DC-adhered_10x_caged_4_class,20240422_neuron-adhered_10x_uncaged_4_class,20240703_neuron-adhered_10x_caged_4_class,20260316_a549-tomm20-gfp-adhered_10x_caged_at_4x_4_class,231212_imr90_multichannel_overlay_4_class,20250227_preadipocytes-adhered_10x_caged_4_class,20240624_mc38_10x_uncaged_4_class,20240509_Hs675Tfibroblasts_10x_caged_4_class,20250108_neuron-adhered_10x_uncaged_4_class"
20250227_preadipocytes-adhered_10x_caged_4_class,test_ds,0.504,lora_r64_0.5_20250108_neuron-adhered,"20240516_DC-adhered_10x_caged_4_class,20240422_neuron-adhered_10x_uncaged_4_class,20240703_neuron-adhered_10x_caged_4_class,20260316_a549-tomm20-gfp-adhered_10x_caged_at_4x_4_class,231212_imr90_multichannel_overlay_4_class,20250227_preadipocytes-adhered_10x_caged_4_class,20240624_mc38_10x_uncaged_4_class,20240509_Hs675Tfibroblasts_10x_caged_4_class,20250108_neuron-adhered_10x_uncaged_4_class"
20250305_neuron-adhered_10x_uncaged_4_class,test_ds,0.411,lora_r64_0.5_20250108_neuron-adhered,"20240516_DC-adhered_10x_caged_4_class,20240422_neuron-adhered_10x_uncaged_4_class,20240703_neuron-adhered_10x_caged_4_class,20260316_a549-tomm20-gfp-adhered_10x_caged_at_4x_4_class,231212_imr90_multichannel_overlay_4_class,20250227_preadipocytes-adhered_10x_caged_4_class,20240624_mc38_10x_uncaged_4_class,20240509_Hs675Tfibroblasts_10x_caged_4_class,20250108_neuron-adhered_10x_uncaged_4_class"
20250820_c8d1a_astrocytes-adherent_10x_caged_4_class,test_ds,0.528,lora_r64_0.5_20250108_neuron-adhered,"20240516_DC-adhered_10x_caged_4_class,20240422_neuron-adhered_10x_uncaged_4_class,20240703_neuron-adhered_10x_caged_4_class,20260316_a549-tomm20-gfp-adhered_10x_caged_at_4x_4_class,231212_imr90_multichannel_overlay_4_class,20250227_preadipocytes-adhered_10x_caged_4_class,20240624_mc38_10x_uncaged_4_class,20240509_Hs675Tfibroblasts_10x_caged_4_class,20250108_neuron-adhered_10x_uncaged_4_class"
20250917_moc22-adhered_10x_caged_4_class,test_ds,0.543,lora_r64_0.5_20250108_neuron-adhered,"20240516_DC-adhered_10x_caged_4_class,20240422_neuron-adhered_10x_uncaged_4_class,20240703_neuron-adhered_10x_caged_4_class,20260316_a549-tomm20-gfp-adhered_10x_caged_at_4x_4_class,231212_imr90_multichannel_overlay_4_class,20250227_preadipocytes-adhered_10x_caged_4_class,20240624_mc38_10x_uncaged_4_class,20240509_Hs675Tfibroblasts_10x_caged_4_class,20250108_neuron-adhered_10x_uncaged_4_class"
20260316_a549-tomm20-gfp-adhered_10x_caged_at_4x_4_class,test_ds,0.723,lora_r64_0.5_20250108_neuron-adhered,"20240516_DC-adhered_10x_caged_4_class,20240422_neuron-adhered_10x_uncaged_4_class,20240703_neuron-adhered_10x_caged_4_class,20260316_a549-tomm20-gfp-adhered_10x_caged_at_4x_4_class,231212_imr90_multichannel_overlay_4_class,20250227_preadipocytes-adhered_10x_caged_4_class,20240624_mc38_10x_uncaged_4_class,20240509_Hs675Tfibroblasts_10x_caged_4_class,20250108_neuron-adhered_10x_uncaged_4_class"
231212_imr90_multichannel_overlay_4_class,test_ds,0.768,lora_r64_0.5_20250108_neuron-adhered,"20240516_DC-adhered_10x_caged_4_class,20240422_neuron-adhered_10x_uncaged_4_class,20240703_neuron-adhered_10x_caged_4_class,20260316_a549-tomm20-gfp-adhered_10x_caged_at_4x_4_class,231212_imr90_multichannel_overlay_4_class,20250227_preadipocytes-adhered_10x_caged_4_class,20240624_mc38_10x_uncaged_4_class,20240509_Hs675Tfibroblasts_10x_caged_4_class,20250108_neuron-adhered_10x_uncaged_4_class"
240213_imr90_multichannel_overlay_4_class,test_ds,0.558,lora_r64_0.5_20250108_neuron-adhered,"20240516_DC-adhered_10x_caged_4_class,20240422_neuron-adhered_10x_uncaged_4_class,20240703_neuron-adhered_10x_caged_4_class,20260316_a549-tomm20-gfp-adhered_10x_caged_at_4x_4_class,231212_imr90_multichannel_overlay_4_class,20250227_preadipocytes-adhered_10x_caged_4_class,20240624_mc38_10x_uncaged_4_class,20240509_Hs675Tfibroblasts_10x_caged_4_class,20250108_neuron-adhered_10x_uncaged_4_class"
20240516_DC-adhered_10x_caged_4_class,train_ds,0.7,lora_r64_0.01_2025-neuron-adhered,"20240516_DC-adhered_10x_caged_4_class,20240422_neuron-adhered_10x_uncaged_4_class,20240703_neuron-adhered_10x_caged_4_class,20260316_a549-tomm20-gfp-adhered_10x_caged_at_4x_4_class,231212_imr90_multichannel_overlay_4_class,20250227_preadipocytes-adhered_10x_caged_4_class,20240624_mc38_10x_uncaged_4_class,20240509_Hs675Tfibroblasts_10x_caged_4_class,20250108_neuron-adhered_10x_uncaged_4_class,20250305_neuron-adhered_10x_uncaged_4_class"
20240422_neuron-adhered_10x_uncaged_4_class,train_ds,0.552,lora_r64_0.01_2025-neuron-adhered,"20240516_DC-adhered_10x_caged_4_class,20240422_neuron-adhered_10x_uncaged_4_class,20240703_neuron-adhered_10x_caged_4_class,20260316_a549-tomm20-gfp-adhered_10x_caged_at_4x_4_class,231212_imr90_multichannel_overlay_4_class,20250227_preadipocytes-adhered_10x_caged_4_class,20240624_mc38_10x_uncaged_4_class,20240509_Hs675Tfibroblasts_10x_caged_4_class,20250108_neuron-adhered_10x_uncaged_4_class,20250305_neuron-adhered_10x_uncaged_4_class"
20240703_neuron-adhered_10x_caged_4_class,train_ds,0.59,lora_r64_0.01_2025-neuron-adhered,"20240516_DC-adhered_10x_caged_4_class,20240422_neuron-adhered_10x_uncaged_4_class,20240703_neuron-adhered_10x_caged_4_class,20260316_a549-tomm20-gfp-adhered_10x_caged_at_4x_4_class,231212_imr90_multichannel_overlay_4_class,20250227_preadipocytes-adhered_10x_caged_4_class,20240624_mc38_10x_uncaged_4_class,20240509_Hs675Tfibroblasts_10x_caged_4_class,20250108_neuron-adhered_10x_uncaged_4_class,20250305_neuron-adhered_10x_uncaged_4_class"
20260316_a549-tomm20-gfp-adhered_10x_caged_at_4x_4_class,train_ds,0.723,lora_r64_0.01_2025-neuron-adhered,"20240516_DC-adhered_10x_caged_4_class,20240422_neuron-adhered_10x_uncaged_4_class,20240703_neuron-adhered_10x_caged_4_class,20260316_a549-tomm20-gfp-adhered_10x_caged_at_4x_4_class,231212_imr90_multichannel_overlay_4_class,20250227_preadipocytes-adhered_10x_caged_4_class,20240624_mc38_10x_uncaged_4_class,20240509_Hs675Tfibroblasts_10x_caged_4_class,20250108_neuron-adhered_10x_uncaged_4_class,20250305_neuron-adhered_10x_uncaged_4_class"
231212_imr90_multichannel_overlay_4_class,train_ds,0.773,lora_r64_0.01_2025-neuron-adhered,"20240516_DC-adhered_10x_caged_4_class,20240422_neuron-adhered_10x_uncaged_4_class,20240703_neuron-adhered_10x_caged_4_class,20260316_a549-tomm20-gfp-adhered_10x_caged_at_4x_4_class,231212_imr90_multichannel_overlay_4_class,20250227_preadipocytes-adhered_10x_caged_4_class,20240624_mc38_10x_uncaged_4_class,20240509_Hs675Tfibroblasts_10x_caged_4_class,20250108_neuron-adhered_10x_uncaged_4_class,20250305_neuron-adhered_10x_uncaged_4_class"
20250227_preadipocytes-adhered_10x_caged_4_class,train_ds,0.501,lora_r64_0.01_2025-neuron-adhered,"20240516_DC-adhered_10x_caged_4_class,20240422_neuron-adhered_10x_uncaged_4_class,20240703_neuron-adhered_10x_caged_4_class,20260316_a549-tomm20-gfp-adhered_10x_caged_at_4x_4_class,231212_imr90_multichannel_overlay_4_class,20250227_preadipocytes-adhered_10x_caged_4_class,20240624_mc38_10x_uncaged_4_class,20240509_Hs675Tfibroblasts_10x_caged_4_class,20250108_neuron-adhered_10x_uncaged_4_class,20250305_neuron-adhered_10x_uncaged_4_class"
20240624_mc38_10x_uncaged_4_class,train_ds,0.718,lora_r64_0.01_2025-neuron-adhered,"20240516_DC-adhered_10x_caged_4_class,20240422_neuron-adhered_10x_uncaged_4_class,20240703_neuron-adhered_10x_caged_4_class,20260316_a549-tomm20-gfp-adhered_10x_caged_at_4x_4_class,231212_imr90_multichannel_overlay_4_class,20250227_preadipocytes-adhered_10x_caged_4_class,20240624_mc38_10x_uncaged_4_class,20240509_Hs675Tfibroblasts_10x_caged_4_class,20250108_neuron-adhered_10x_uncaged_4_class,20250305_neuron-adhered_10x_uncaged_4_class"
20240509_Hs675Tfibroblasts_10x_caged_4_class,train_ds,0.69,lora_r64_0.01_2025-neuron-adhered,"20240516_DC-adhered_10x_caged_4_class,20240422_neuron-adhered_10x_uncaged_4_class,20240703_neuron-adhered_10x_caged_4_class,20260316_a549-tomm20-gfp-adhered_10x_caged_at_4x_4_class,231212_imr90_multichannel_overlay_4_class,20250227_preadipocytes-adhered_10x_caged_4_class,20240624_mc38_10x_uncaged_4_class,20240509_Hs675Tfibroblasts_10x_caged_4_class,20250108_neuron-adhered_10x_uncaged_4_class,20250305_neuron-adhered_10x_uncaged_4_class"
20250108_neuron-adhered_10x_uncaged_4_class,train_ds,0.413,lora_r64_0.01_2025-neuron-adhered,"20240516_DC-adhered_10x_caged_4_class,20240422_neuron-adhered_10x_uncaged_4_class,20240703_neuron-adhered_10x_caged_4_class,20260316_a549-tomm20-gfp-adhered_10x_caged_at_4x_4_class,231212_imr90_multichannel_overlay_4_class,20250227_preadipocytes-adhered_10x_caged_4_class,20240624_mc38_10x_uncaged_4_class,20240509_Hs675Tfibroblasts_10x_caged_4_class,20250108_neuron-adhered_10x_uncaged_4_class,20250305_neuron-adhered_10x_uncaged_4_class"
20250305_neuron-adhered_10x_uncaged_4_class,train_ds,0.637,lora_r64_0.01_2025-neuron-adhered,"20240516_DC-adhered_10x_caged_4_class,20240422_neuron-adhered_10x_uncaged_4_class,20240703_neuron-adhered_10x_caged_4_class,20260316_a549-tomm20-gfp-adhered_10x_caged_at_4x_4_class,231212_imr90_multichannel_overlay_4_class,20250227_preadipocytes-adhered_10x_caged_4_class,20240624_mc38_10x_uncaged_4_class,20240509_Hs675Tfibroblasts_10x_caged_4_class,20250108_neuron-adhered_10x_uncaged_4_class,20250305_neuron-adhered_10x_uncaged_4_class"
20240422_neuron-adhered_10x_uncaged_4_class,test_ds,0.552,lora_r64_0.01_2025-neuron-adhered,"20240516_DC-adhered_10x_caged_4_class,20240422_neuron-adhered_10x_uncaged_4_class,20240703_neuron-adhered_10x_caged_4_class,20260316_a549-tomm20-gfp-adhered_10x_caged_at_4x_4_class,231212_imr90_multichannel_overlay_4_class,20250227_preadipocytes-adhered_10x_caged_4_class,20240624_mc38_10x_uncaged_4_class,20240509_Hs675Tfibroblasts_10x_caged_4_class,20250108_neuron-adhered_10x_uncaged_4_class,20250305_neuron-adhered_10x_uncaged_4_class"
20240509_Hs675Tfibroblasts_10x_caged_4_class,test_ds,0.69,lora_r64_0.01_2025-neuron-adhered,"20240516_DC-adhered_10x_caged_4_class,20240422_neuron-adhered_10x_uncaged_4_class,20240703_neuron-adhered_10x_caged_4_class,20260316_a549-tomm20-gfp-adhered_10x_caged_at_4x_4_class,231212_imr90_multichannel_overlay_4_class,20250227_preadipocytes-adhered_10x_caged_4_class,20240624_mc38_10x_uncaged_4_class,20240509_Hs675Tfibroblasts_10x_caged_4_class,20250108_neuron-adhered_10x_uncaged_4_class,20250305_neuron-adhered_10x_uncaged_4_class"
20240509_hela-adhered_10x_caged_4_class,test_ds,0.556,lora_r64_0.01_2025-neuron-adhered,"20240516_DC-adhered_10x_caged_4_class,20240422_neuron-adhered_10x_uncaged_4_class,20240703_neuron-adhered_10x_caged_4_class,20260316_a549-tomm20-gfp-adhered_10x_caged_at_4x_4_class,231212_imr90_multichannel_overlay_4_class,20250227_preadipocytes-adhered_10x_caged_4_class,20240624_mc38_10x_uncaged_4_class,20240509_Hs675Tfibroblasts_10x_caged_4_class,20250108_neuron-adhered_10x_uncaged_4_class,20250305_neuron-adhered_10x_uncaged_4_class"
20240515_DC-adhered_10x_caged_4_class,test_ds,0.687,lora_r64_0.01_2025-neuron-adhered,"20240516_DC-adhered_10x_caged_4_class,20240422_neuron-adhered_10x_uncaged_4_class,20240703_neuron-adhered_10x_caged_4_class,20260316_a549-tomm20-gfp-adhered_10x_caged_at_4x_4_class,231212_imr90_multichannel_overlay_4_class,20250227_preadipocytes-adhered_10x_caged_4_class,20240624_mc38_10x_uncaged_4_class,20240509_Hs675Tfibroblasts_10x_caged_4_class,20250108_neuron-adhered_10x_uncaged_4_class,20250305_neuron-adhered_10x_uncaged_4_class"
20240516_DC-adhered_10x_caged_4_class,test_ds,0.7,lora_r64_0.01_2025-neuron-adhered,"20240516_DC-adhered_10x_caged_4_class,20240422_neuron-adhered_10x_uncaged_4_class,20240703_neuron-adhered_10x_caged_4_class,20260316_a549-tomm20-gfp-adhered_10x_caged_at_4x_4_class,231212_imr90_multichannel_overlay_4_class,20250227_preadipocytes-adhered_10x_caged_4_class,20240624_mc38_10x_uncaged_4_class,20240509_Hs675Tfibroblasts_10x_caged_4_class,20250108_neuron-adhered_10x_uncaged_4_class,20250305_neuron-adhered_10x_uncaged_4_class"
20240624_mc38_10x_caged_4_class,test_ds,0.59,lora_r64_0.01_2025-neuron-adhered,"20240516_DC-adhered_10x_caged_4_class,20240422_neuron-adhered_10x_uncaged_4_class,20240703_neuron-adhered_10x_caged_4_class,20260316_a549-tomm20-gfp-adhered_10x_caged_at_4x_4_class,231212_imr90_multichannel_overlay_4_class,20250227_preadipocytes-adhered_10x_caged_4_class,20240624_mc38_10x_uncaged_4_class,20240509_Hs675Tfibroblasts_10x_caged_4_class,20250108_neuron-adhered_10x_uncaged_4_class,20250305_neuron-adhered_10x_uncaged_4_class"
20240624_mc38_10x_uncaged_4_class,test_ds,0.718,lora_r64_0.01_2025-neuron-adhered,"20240516_DC-adhered_10x_caged_4_class,20240422_neuron-adhered_10x_uncaged_4_class,20240703_neuron-adhered_10x_caged_4_class,20260316_a549-tomm20-gfp-adhered_10x_caged_at_4x_4_class,231212_imr90_multichannel_overlay_4_class,20250227_preadipocytes-adhered_10x_caged_4_class,20240624_mc38_10x_uncaged_4_class,20240509_Hs675Tfibroblasts_10x_caged_4_class,20250108_neuron-adhered_10x_uncaged_4_class,20250305_neuron-adhered_10x_uncaged_4_class"
20240625_mc38_10x_caged_4_class,test_ds,0.583,lora_r64_0.01_2025-neuron-adhered,"20240516_DC-adhered_10x_caged_4_class,20240422_neuron-adhered_10x_uncaged_4_class,20240703_neuron-adhered_10x_caged_4_class,20260316_a549-tomm20-gfp-adhered_10x_caged_at_4x_4_class,231212_imr90_multichannel_overlay_4_class,20250227_preadipocytes-adhered_10x_caged_4_class,20240624_mc38_10x_uncaged_4_class,20240509_Hs675Tfibroblasts_10x_caged_4_class,20250108_neuron-adhered_10x_uncaged_4_class,20250305_neuron-adhered_10x_uncaged_4_class"
20240703_neuron-adhered_10x_caged_4_class,test_ds,0.59,lora_r64_0.01_2025-neuron-adhered,"20240516_DC-adhered_10x_caged_4_class,20240422_neuron-adhered_10x_uncaged_4_class,20240703_neuron-adhered_10x_caged_4_class,20260316_a549-tomm20-gfp-adhered_10x_caged_at_4x_4_class,231212_imr90_multichannel_overlay_4_class,20250227_preadipocytes-adhered_10x_caged_4_class,20240624_mc38_10x_uncaged_4_class,20240509_Hs675Tfibroblasts_10x_caged_4_class,20250108_neuron-adhered_10x_uncaged_4_class,20250305_neuron-adhered_10x_uncaged_4_class"
20240704_neuron-adhered_10x_caged_4_class,test_ds,0.596,lora_r64_0.01_2025-neuron-adhered,"20240516_DC-adhered_10x_caged_4_class,20240422_neuron-adhered_10x_uncaged_4_class,20240703_neuron-adhered_10x_caged_4_class,20260316_a549-tomm20-gfp-adhered_10x_caged_at_4x_4_class,231212_imr90_multichannel_overlay_4_class,20250227_preadipocytes-adhered_10x_caged_4_class,20240624_mc38_10x_uncaged_4_class,20240509_Hs675Tfibroblasts_10x_caged_4_class,20250108_neuron-adhered_10x_uncaged_4_class,20250305_neuron-adhered_10x_uncaged_4_class"
20240905_u87-adhered_10x_caged_4_class,test_ds,0.548,lora_r64_0.01_2025-neuron-adhered,"20240516_DC-adhered_10x_caged_4_class,20240422_neuron-adhered_10x_uncaged_4_class,20240703_neuron-adhered_10x_caged_4_class,20260316_a549-tomm20-gfp-adhered_10x_caged_at_4x_4_class,231212_imr90_multichannel_overlay_4_class,20250227_preadipocytes-adhered_10x_caged_4_class,20240624_mc38_10x_uncaged_4_class,20240509_Hs675Tfibroblasts_10x_caged_4_class,20250108_neuron-adhered_10x_uncaged_4_class,20250305_neuron-adhered_10x_uncaged_4_class"
20240924_enteric-glia-adhered_10x_uncaged_4_class,test_ds,0.679,lora_r64_0.01_2025-neuron-adhered,"20240516_DC-adhered_10x_caged_4_class,20240422_neuron-adhered_10x_uncaged_4_class,20240703_neuron-adhered_10x_caged_4_class,20260316_a549-tomm20-gfp-adhered_10x_caged_at_4x_4_class,231212_imr90_multichannel_overlay_4_class,20250227_preadipocytes-adhered_10x_caged_4_class,20240624_mc38_10x_uncaged_4_class,20240509_Hs675Tfibroblasts_10x_caged_4_class,20250108_neuron-adhered_10x_uncaged_4_class,20250305_neuron-adhered_10x_uncaged_4_class"
20241212_preadipocytes-adhered_10x_uncaged_4_class,test_ds,0.354,lora_r64_0.01_2025-neuron-adhered,"20240516_DC-adhered_10x_caged_4_class,20240422_neuron-adhered_10x_uncaged_4_class,20240703_neuron-adhered_10x_caged_4_class,20260316_a549-tomm20-gfp-adhered_10x_caged_at_4x_4_class,231212_imr90_multichannel_overlay_4_class,20250227_preadipocytes-adhered_10x_caged_4_class,20240624_mc38_10x_uncaged_4_class,20240509_Hs675Tfibroblasts_10x_caged_4_class,20250108_neuron-adhered_10x_uncaged_4_class,20250305_neuron-adhered_10x_uncaged_4_class"
20250108_neuron-adhered_10x_uncaged_4_class,test_ds,0.413,lora_r64_0.01_2025-neuron-adhered,"20240516_DC-adhered_10x_caged_4_class,20240422_neuron-adhered_10x_uncaged_4_class,20240703_neuron-adhered_10x_caged_4_class,20260316_a549-tomm20-gfp-adhered_10x_caged_at_4x_4_class,231212_imr90_multichannel_overlay_4_class,20250227_preadipocytes-adhered_10x_caged_4_class,20240624_mc38_10x_uncaged_4_class,20240509_Hs675Tfibroblasts_10x_caged_4_class,20250108_neuron-adhered_10x_uncaged_4_class,20250305_neuron-adhered_10x_uncaged_4_class"
20250227_preadipocytes-adhered_10x_caged_4_class,test_ds,0.501,lora_r64_0.01_2025-neuron-adhered,"20240516_DC-adhered_10x_caged_4_class,20240422_neuron-adhered_10x_uncaged_4_class,20240703_neuron-adhered_10x_caged_4_class,20260316_a549-tomm20-gfp-adhered_10x_caged_at_4x_4_class,231212_imr90_multichannel_overlay_4_class,20250227_preadipocytes-adhered_10x_caged_4_class,20240624_mc38_10x_uncaged_4_class,20240509_Hs675Tfibroblasts_10x_caged_4_class,20250108_neuron-adhered_10x_uncaged_4_class,20250305_neuron-adhered_10x_uncaged_4_class"
20250305_neuron-adhered_10x_uncaged_4_class,test_ds,0.637,lora_r64_0.01_2025-neuron-adhered,"20240516_DC-adhered_10x_caged_4_class,20240422_neuron-adhered_10x_uncaged_4_class,20240703_neuron-adhered_10x_caged_4_class,20260316_a549-tomm20-gfp-adhered_10x_caged_at_4x_4_class,231212_imr90_multichannel_overlay_4_class,20250227_preadipocytes-adhered_10x_caged_4_class,20240624_mc38_10x_uncaged_4_class,20240509_Hs675Tfibroblasts_10x_caged_4_class,20250108_neuron-adhered_10x_uncaged_4_class,20250305_neuron-adhered_10x_uncaged_4_class"
20250820_c8d1a_astrocytes-adherent_10x_caged_4_class,test_ds,0.519,lora_r64_0.01_2025-neuron-adhered,"20240516_DC-adhered_10x_caged_4_class,20240422_neuron-adhered_10x_uncaged_4_class,20240703_neuron-adhered_10x_caged_4_class,20260316_a549-tomm20-gfp-adhered_10x_caged_at_4x_4_class,231212_imr90_multichannel_overlay_4_class,20250227_preadipocytes-adhered_10x_caged_4_class,20240624_mc38_10x_uncaged_4_class,20240509_Hs675Tfibroblasts_10x_caged_4_class,20250108_neuron-adhered_10x_uncaged_4_class,20250305_neuron-adhered_10x_uncaged_4_class"
20250917_moc22-adhered_10x_caged_4_class,test_ds,0.533,lora_r64_0.01_2025-neuron-adhered,"20240516_DC-adhered_10x_caged_4_class,20240422_neuron-adhered_10x_uncaged_4_class,20240703_neuron-adhered_10x_caged_4_class,20260316_a549-tomm20-gfp-adhered_10x_caged_at_4x_4_class,231212_imr90_multichannel_overlay_4_class,20250227_preadipocytes-adhered_10x_caged_4_class,20240624_mc38_10x_uncaged_4_class,20240509_Hs675Tfibroblasts_10x_caged_4_class,20250108_neuron-adhered_10x_uncaged_4_class,20250305_neuron-adhered_10x_uncaged_4_class"
20260316_a549-tomm20-gfp-adhered_10x_caged_at_4x_4_class,test_ds,0.723,lora_r64_0.01_2025-neuron-adhered,"20240516_DC-adhered_10x_caged_4_class,20240422_neuron-adhered_10x_uncaged_4_class,20240703_neuron-adhered_10x_caged_4_class,20260316_a549-tomm20-gfp-adhered_10x_caged_at_4x_4_class,231212_imr90_multichannel_overlay_4_class,20250227_preadipocytes-adhered_10x_caged_4_class,20240624_mc38_10x_uncaged_4_class,20240509_Hs675Tfibroblasts_10x_caged_4_class,20250108_neuron-adhered_10x_uncaged_4_class,20250305_neuron-adhered_10x_uncaged_4_class"
231212_imr90_multichannel_overlay_4_class,test_ds,0.773,lora_r64_0.01_2025-neuron-adhered,"20240516_DC-adhered_10x_caged_4_class,20240422_neuron-adhered_10x_uncaged_4_class,20240703_neuron-adhered_10x_caged_4_class,20260316_a549-tomm20-gfp-adhered_10x_caged_at_4x_4_class,231212_imr90_multichannel_overlay_4_class,20250227_preadipocytes-adhered_10x_caged_4_class,20240624_mc38_10x_uncaged_4_class,20240509_Hs675Tfibroblasts_10x_caged_4_class,20250108_neuron-adhered_10x_uncaged_4_class,20250305_neuron-adhered_10x_uncaged_4_class"
240213_imr90_multichannel_overlay_4_class,test_ds,0.559,lora_r64_0.01_2025-neuron-adhered,"20240516_DC-adhered_10x_caged_4_class,20240422_neuron-adhered_10x_uncaged_4_class,20240703_neuron-adhered_10x_caged_4_class,20260316_a549-tomm20-gfp-adhered_10x_caged_at_4x_4_class,231212_imr90_multichannel_overlay_4_class,20250227_preadipocytes-adhered_10x_caged_4_class,20240624_mc38_10x_uncaged_4_class,20240509_Hs675Tfibroblasts_10x_caged_4_class,20250108_neuron-adhered_10x_uncaged_4_class,20250305_neuron-adhered_10x_uncaged_4_class"
20240516_DC-adhered_10x_caged_4_class,train_ds,0.686,lora_r64_0.05_2025-neuron-adhered,"20240516_DC-adhered_10x_caged_4_class,20240422_neuron-adhered_10x_uncaged_4_class,20240703_neuron-adhered_10x_caged_4_class,20260316_a549-tomm20-gfp-adhered_10x_caged_at_4x_4_class,231212_imr90_multichannel_overlay_4_class,20250227_preadipocytes-adhered_10x_caged_4_class,20240624_mc38_10x_uncaged_4_class,20240509_Hs675Tfibroblasts_10x_caged_4_class,20250108_neuron-adhered_10x_uncaged_4_class,20250305_neuron-adhered_10x_uncaged_4_class"
20240422_neuron-adhered_10x_uncaged_4_class,train_ds,0.551,lora_r64_0.05_2025-neuron-adhered,"20240516_DC-adhered_10x_caged_4_class,20240422_neuron-adhered_10x_uncaged_4_class,20240703_neuron-adhered_10x_caged_4_class,20260316_a549-tomm20-gfp-adhered_10x_caged_at_4x_4_class,231212_imr90_multichannel_overlay_4_class,20250227_preadipocytes-adhered_10x_caged_4_class,20240624_mc38_10x_uncaged_4_class,20240509_Hs675Tfibroblasts_10x_caged_4_class,20250108_neuron-adhered_10x_uncaged_4_class,20250305_neuron-adhered_10x_uncaged_4_class"
20240703_neuron-adhered_10x_caged_4_class,train_ds,0.525,lora_r64_0.05_2025-neuron-adhered,"20240516_DC-adhered_10x_caged_4_class,20240422_neuron-adhered_10x_uncaged_4_class,20240703_neuron-adhered_10x_caged_4_class,20260316_a549-tomm20-gfp-adhered_10x_caged_at_4x_4_class,231212_imr90_multichannel_overlay_4_class,20250227_preadipocytes-adhered_10x_caged_4_class,20240624_mc38_10x_uncaged_4_class,20240509_Hs675Tfibroblasts_10x_caged_4_class,20250108_neuron-adhered_10x_uncaged_4_class,20250305_neuron-adhered_10x_uncaged_4_class"
20260316_a549-tomm20-gfp-adhered_10x_caged_at_4x_4_class,train_ds,0.719,lora_r64_0.05_2025-neuron-adhered,"20240516_DC-adhered_10x_caged_4_class,20240422_neuron-adhered_10x_uncaged_4_class,20240703_neuron-adhered_10x_caged_4_class,20260316_a549-tomm20-gfp-adhered_10x_caged_at_4x_4_class,231212_imr90_multichannel_overlay_4_class,20250227_preadipocytes-adhered_10x_caged_4_class,20240624_mc38_10x_uncaged_4_class,20240509_Hs675Tfibroblasts_10x_caged_4_class,20250108_neuron-adhered_10x_uncaged_4_class,20250305_neuron-adhered_10x_uncaged_4_class"
231212_imr90_multichannel_overlay_4_class,train_ds,0.764,lora_r64_0.05_2025-neuron-adhered,"20240516_DC-adhered_10x_caged_4_class,20240422_neuron-adhered_10x_uncaged_4_class,20240703_neuron-adhered_10x_caged_4_class,20260316_a549-tomm20-gfp-adhered_10x_caged_at_4x_4_class,231212_imr90_multichannel_overlay_4_class,20250227_preadipocytes-adhered_10x_caged_4_class,20240624_mc38_10x_uncaged_4_class,20240509_Hs675Tfibroblasts_10x_caged_4_class,20250108_neuron-adhered_10x_uncaged_4_class,20250305_neuron-adhered_10x_uncaged_4_class"
20250227_preadipocytes-adhered_10x_caged_4_class,train_ds,0.493,lora_r64_0.05_2025-neuron-adhered,"20240516_DC-adhered_10x_caged_4_class,20240422_neuron-adhered_10x_uncaged_4_class,20240703_neuron-adhered_10x_caged_4_class,20260316_a549-tomm20-gfp-adhered_10x_caged_at_4x_4_class,231212_imr90_multichannel_overlay_4_class,20250227_preadipocytes-adhered_10x_caged_4_class,20240624_mc38_10x_uncaged_4_class,20240509_Hs675Tfibroblasts_10x_caged_4_class,20250108_neuron-adhered_10x_uncaged_4_class,20250305_neuron-adhered_10x_uncaged_4_class"
20240624_mc38_10x_uncaged_4_class,train_ds,0.711,lora_r64_0.05_2025-neuron-adhered,"20240516_DC-adhered_10x_caged_4_class,20240422_neuron-adhered_10x_uncaged_4_class,20240703_neuron-adhered_10x_caged_4_class,20260316_a549-tomm20-gfp-adhered_10x_caged_at_4x_4_class,231212_imr90_multichannel_overlay_4_class,20250227_preadipocytes-adhered_10x_caged_4_class,20240624_mc38_10x_uncaged_4_class,20240509_Hs675Tfibroblasts_10x_caged_4_class,20250108_neuron-adhered_10x_uncaged_4_class,20250305_neuron-adhered_10x_uncaged_4_class"
20240509_Hs675Tfibroblasts_10x_caged_4_class,train_ds,0.68,lora_r64_0.05_2025-neuron-adhered,"20240516_DC-adhered_10x_caged_4_class,20240422_neuron-adhered_10x_uncaged_4_class,20240703_neuron-adhered_10x_caged_4_class,20260316_a549-tomm20-gfp-adhered_10x_caged_at_4x_4_class,231212_imr90_multichannel_overlay_4_class,20250227_preadipocytes-adhered_10x_caged_4_class,20240624_mc38_10x_uncaged_4_class,20240509_Hs675Tfibroblasts_10x_caged_4_class,20250108_neuron-adhered_10x_uncaged_4_class,20250305_neuron-adhered_10x_uncaged_4_class"
20250108_neuron-adhered_10x_uncaged_4_class,train_ds,0.458,lora_r64_0.05_2025-neuron-adhered,"20240516_DC-adhered_10x_caged_4_class,20240422_neuron-adhered_10x_uncaged_4_class,20240703_neuron-adhered_10x_caged_4_class,20260316_a549-tomm20-gfp-adhered_10x_caged_at_4x_4_class,231212_imr90_multichannel_overlay_4_class,20250227_preadipocytes-adhered_10x_caged_4_class,20240624_mc38_10x_uncaged_4_class,20240509_Hs675Tfibroblasts_10x_caged_4_class,20250108_neuron-adhered_10x_uncaged_4_class,20250305_neuron-adhered_10x_uncaged_4_class"
20250305_neuron-adhered_10x_uncaged_4_class,train_ds,0.671,lora_r64_0.05_2025-neuron-adhered,"20240516_DC-adhered_10x_caged_4_class,20240422_neuron-adhered_10x_uncaged_4_class,20240703_neuron-adhered_10x_caged_4_class,20260316_a549-tomm20-gfp-adhered_10x_caged_at_4x_4_class,231212_imr90_multichannel_overlay_4_class,20250227_preadipocytes-adhered_10x_caged_4_class,20240624_mc38_10x_uncaged_4_class,20240509_Hs675Tfibroblasts_10x_caged_4_class,20250108_neuron-adhered_10x_uncaged_4_class,20250305_neuron-adhered_10x_uncaged_4_class"
20240422_neuron-adhered_10x_uncaged_4_class,test_ds,0.551,lora_r64_0.05_2025-neuron-adhered,"20240516_DC-adhered_10x_caged_4_class,20240422_neuron-adhered_10x_uncaged_4_class,20240703_neuron-adhered_10x_caged_4_class,20260316_a549-tomm20-gfp-adhered_10x_caged_at_4x_4_class,231212_imr90_multichannel_overlay_4_class,20250227_preadipocytes-adhered_10x_caged_4_class,20240624_mc38_10x_uncaged_4_class,20240509_Hs675Tfibroblasts_10x_caged_4_class,20250108_neuron-adhered_10x_uncaged_4_class,20250305_neuron-adhered_10x_uncaged_4_class"
20240509_Hs675Tfibroblasts_10x_caged_4_class,test_ds,0.68,lora_r64_0.05_2025-neuron-adhered,"20240516_DC-adhered_10x_caged_4_class,20240422_neuron-adhered_10x_uncaged_4_class,20240703_neuron-adhered_10x_caged_4_class,20260316_a549-tomm20-gfp-adhered_10x_caged_at_4x_4_class,231212_imr90_multichannel_overlay_4_class,20250227_preadipocytes-adhered_10x_caged_4_class,20240624_mc38_10x_uncaged_4_class,20240509_Hs675Tfibroblasts_10x_caged_4_class,20250108_neuron-adhered_10x_uncaged_4_class,20250305_neuron-adhered_10x_uncaged_4_class"
20240509_hela-adhered_10x_caged_4_class,test_ds,0.546,lora_r64_0.05_2025-neuron-adhered,"20240516_DC-adhered_10x_caged_4_class,20240422_neuron-adhered_10x_uncaged_4_class,20240703_neuron-adhered_10x_caged_4_class,20260316_a549-tomm20-gfp-adhered_10x_caged_at_4x_4_class,231212_imr90_multichannel_overlay_4_class,20250227_preadipocytes-adhered_10x_caged_4_class,20240624_mc38_10x_uncaged_4_class,20240509_Hs675Tfibroblasts_10x_caged_4_class,20250108_neuron-adhered_10x_uncaged_4_class,20250305_neuron-adhered_10x_uncaged_4_class"
20240515_DC-adhered_10x_caged_4_class,test_ds,0.678,lora_r64_0.05_2025-neuron-adhered,"20240516_DC-adhered_10x_caged_4_class,20240422_neuron-adhered_10x_uncaged_4_class,20240703_neuron-adhered_10x_caged_4_class,20260316_a549-tomm20-gfp-adhered_10x_caged_at_4x_4_class,231212_imr90_multichannel_overlay_4_class,20250227_preadipocytes-adhered_10x_caged_4_class,20240624_mc38_10x_uncaged_4_class,20240509_Hs675Tfibroblasts_10x_caged_4_class,20250108_neuron-adhered_10x_uncaged_4_class,20250305_neuron-adhered_10x_uncaged_4_class"
20240516_DC-adhered_10x_caged_4_class,test_ds,0.686,lora_r64_0.05_2025-neuron-adhered,"20240516_DC-adhered_10x_caged_4_class,20240422_neuron-adhered_10x_uncaged_4_class,20240703_neuron-adhered_10x_caged_4_class,20260316_a549-tomm20-gfp-adhered_10x_caged_at_4x_4_class,231212_imr90_multichannel_overlay_4_class,20250227_preadipocytes-adhered_10x_caged_4_class,20240624_mc38_10x_uncaged_4_class,20240509_Hs675Tfibroblasts_10x_caged_4_class,20250108_neuron-adhered_10x_uncaged_4_class,20250305_neuron-adhered_10x_uncaged_4_class"
20240624_mc38_10x_caged_4_class,test_ds,0.581,lora_r64_0.05_2025-neuron-adhered,"20240516_DC-adhered_10x_caged_4_class,20240422_neuron-adhered_10x_uncaged_4_class,20240703_neuron-adhered_10x_caged_4_class,20260316_a549-tomm20-gfp-adhered_10x_caged_at_4x_4_class,231212_imr90_multichannel_overlay_4_class,20250227_preadipocytes-adhered_10x_caged_4_class,20240624_mc38_10x_uncaged_4_class,20240509_Hs675Tfibroblasts_10x_caged_4_class,20250108_neuron-adhered_10x_uncaged_4_class,20250305_neuron-adhered_10x_uncaged_4_class"
20240624_mc38_10x_uncaged_4_class,test_ds,0.711,lora_r64_0.05_2025-neuron-adhered,"20240516_DC-adhered_10x_caged_4_class,20240422_neuron-adhered_10x_uncaged_4_class,20240703_neuron-adhered_10x_caged_4_class,20260316_a549-tomm20-gfp-adhered_10x_caged_at_4x_4_class,231212_imr90_multichannel_overlay_4_class,20250227_preadipocytes-adhered_10x_caged_4_class,20240624_mc38_10x_uncaged_4_class,20240509_Hs675Tfibroblasts_10x_caged_4_class,20250108_neuron-adhered_10x_uncaged_4_class,20250305_neuron-adhered_10x_uncaged_4_class"
20240625_mc38_10x_caged_4_class,test_ds,0.561,lora_r64_0.05_2025-neuron-adhered,"20240516_DC-adhered_10x_caged_4_class,20240422_neuron-adhered_10x_uncaged_4_class,20240703_neuron-adhered_10x_caged_4_class,20260316_a549-tomm20-gfp-adhered_10x_caged_at_4x_4_class,231212_imr90_multichannel_overlay_4_class,20250227_preadipocytes-adhered_10x_caged_4_class,20240624_mc38_10x_uncaged_4_class,20240509_Hs675Tfibroblasts_10x_caged_4_class,20250108_neuron-adhered_10x_uncaged_4_class,20250305_neuron-adhered_10x_uncaged_4_class"
20240703_neuron-adhered_10x_caged_4_class,test_ds,0.525,lora_r64_0.05_2025-neuron-adhered,"20240516_DC-adhered_10x_caged_4_class,20240422_neuron-adhered_10x_uncaged_4_class,20240703_neuron-adhered_10x_caged_4_class,20260316_a549-tomm20-gfp-adhered_10x_caged_at_4x_4_class,231212_imr90_multichannel_overlay_4_class,20250227_preadipocytes-adhered_10x_caged_4_class,20240624_mc38_10x_uncaged_4_class,20240509_Hs675Tfibroblasts_10x_caged_4_class,20250108_neuron-adhered_10x_uncaged_4_class,20250305_neuron-adhered_10x_uncaged_4_class"
20240704_neuron-adhered_10x_caged_4_class,test_ds,0.549,lora_r64_0.05_2025-neuron-adhered,"20240516_DC-adhered_10x_caged_4_class,20240422_neuron-adhered_10x_uncaged_4_class,20240703_neuron-adhered_10x_caged_4_class,20260316_a549-tomm20-gfp-adhered_10x_caged_at_4x_4_class,231212_imr90_multichannel_overlay_4_class,20250227_preadipocytes-adhered_10x_caged_4_class,20240624_mc38_10x_uncaged_4_class,20240509_Hs675Tfibroblasts_10x_caged_4_class,20250108_neuron-adhered_10x_uncaged_4_class,20250305_neuron-adhered_10x_uncaged_4_class"
20240905_u87-adhered_10x_caged_4_class,test_ds,0.534,lora_r64_0.05_2025-neuron-adhered,"20240516_DC-adhered_10x_caged_4_class,20240422_neuron-adhered_10x_uncaged_4_class,20240703_neuron-adhered_10x_caged_4_class,20260316_a549-tomm20-gfp-adhered_10x_caged_at_4x_4_class,231212_imr90_multichannel_overlay_4_class,20250227_preadipocytes-adhered_10x_caged_4_class,20240624_mc38_10x_uncaged_4_class,20240509_Hs675Tfibroblasts_10x_caged_4_class,20250108_neuron-adhered_10x_uncaged_4_class,20250305_neuron-adhered_10x_uncaged_4_class"
20240924_enteric-glia-adhered_10x_uncaged_4_class,test_ds,0.668,lora_r64_0.05_2025-neuron-adhered,"20240516_DC-adhered_10x_caged_4_class,20240422_neuron-adhered_10x_uncaged_4_class,20240703_neuron-adhered_10x_caged_4_class,20260316_a549-tomm20-gfp-adhered_10x_caged_at_4x_4_class,231212_imr90_multichannel_overlay_4_class,20250227_preadipocytes-adhered_10x_caged_4_class,20240624_mc38_10x_uncaged_4_class,20240509_Hs675Tfibroblasts_10x_caged_4_class,20250108_neuron-adhered_10x_uncaged_4_class,20250305_neuron-adhered_10x_uncaged_4_class"
20241212_preadipocytes-adhered_10x_uncaged_4_class,test_ds,0.35,lora_r64_0.05_2025-neuron-adhered,"20240516_DC-adhered_10x_caged_4_class,20240422_neuron-adhered_10x_uncaged_4_class,20240703_neuron-adhered_10x_caged_4_class,20260316_a549-tomm20-gfp-adhered_10x_caged_at_4x_4_class,231212_imr90_multichannel_overlay_4_class,20250227_preadipocytes-adhered_10x_caged_4_class,20240624_mc38_10x_uncaged_4_class,20240509_Hs675Tfibroblasts_10x_caged_4_class,20250108_neuron-adhered_10x_uncaged_4_class,20250305_neuron-adhered_10x_uncaged_4_class"
20250108_neuron-adhered_10x_uncaged_4_class,test_ds,0.458,lora_r64_0.05_2025-neuron-adhered,"20240516_DC-adhered_10x_caged_4_class,20240422_neuron-adhered_10x_uncaged_4_class,20240703_neuron-adhered_10x_caged_4_class,20260316_a549-tomm20-gfp-adhered_10x_caged_at_4x_4_class,231212_imr90_multichannel_overlay_4_class,20250227_preadipocytes-adhered_10x_caged_4_class,20240624_mc38_10x_uncaged_4_class,20240509_Hs675Tfibroblasts_10x_caged_4_class,20250108_neuron-adhered_10x_uncaged_4_class,20250305_neuron-adhered_10x_uncaged_4_class"
20250227_preadipocytes-adhered_10x_caged_4_class,test_ds,0.493,lora_r64_0.05_2025-neuron-adhered,"20240516_DC-adhered_10x_caged_4_class,20240422_neuron-adhered_10x_uncaged_4_class,20240703_neuron-adhered_10x_caged_4_class,20260316_a549-tomm20-gfp-adhered_10x_caged_at_4x_4_class,231212_imr90_multichannel_overlay_4_class,20250227_preadipocytes-adhered_10x_caged_4_class,20240624_mc38_10x_uncaged_4_class,20240509_Hs675Tfibroblasts_10x_caged_4_class,20250108_neuron-adhered_10x_uncaged_4_class,20250305_neuron-adhered_10x_uncaged_4_class"
20250305_neuron-adhered_10x_uncaged_4_class,test_ds,0.671,lora_r64_0.05_2025-neuron-adhered,"20240516_DC-adhered_10x_caged_4_class,20240422_neuron-adhered_10x_uncaged_4_class,20240703_neuron-adhered_10x_caged_4_class,20260316_a549-tomm20-gfp-adhered_10x_caged_at_4x_4_class,231212_imr90_multichannel_overlay_4_class,20250227_preadipocytes-adhered_10x_caged_4_class,20240624_mc38_10x_uncaged_4_class,20240509_Hs675Tfibroblasts_10x_caged_4_class,20250108_neuron-adhered_10x_uncaged_4_class,20250305_neuron-adhered_10x_uncaged_4_class"
20250820_c8d1a_astrocytes-adherent_10x_caged_4_class,test_ds,0.507,lora_r64_0.05_2025-neuron-adhered,"20240516_DC-adhered_10x_caged_4_class,20240422_neuron-adhered_10x_uncaged_4_class,20240703_neuron-adhered_10x_caged_4_class,20260316_a549-tomm20-gfp-adhered_10x_caged_at_4x_4_class,231212_imr90_multichannel_overlay_4_class,20250227_preadipocytes-adhered_10x_caged_4_class,20240624_mc38_10x_uncaged_4_class,20240509_Hs675Tfibroblasts_10x_caged_4_class,20250108_neuron-adhered_10x_uncaged_4_class,20250305_neuron-adhered_10x_uncaged_4_class"
20250917_moc22-adhered_10x_caged_4_class,test_ds,0.51,lora_r64_0.05_2025-neuron-adhered,"20240516_DC-adhered_10x_caged_4_class,20240422_neuron-adhered_10x_uncaged_4_class,20240703_neuron-adhered_10x_caged_4_class,20260316_a549-tomm20-gfp-adhered_10x_caged_at_4x_4_class,231212_imr90_multichannel_overlay_4_class,20250227_preadipocytes-adhered_10x_caged_4_class,20240624_mc38_10x_uncaged_4_class,20240509_Hs675Tfibroblasts_10x_caged_4_class,20250108_neuron-adhered_10x_uncaged_4_class,20250305_neuron-adhered_10x_uncaged_4_class"
20260316_a549-tomm20-gfp-adhered_10x_caged_at_4x_4_class,test_ds,0.719,lora_r64_0.05_2025-neuron-adhered,"20240516_DC-adhered_10x_caged_4_class,20240422_neuron-adhered_10x_uncaged_4_class,20240703_neuron-adhered_10x_caged_4_class,20260316_a549-tomm20-gfp-adhered_10x_caged_at_4x_4_class,231212_imr90_multichannel_overlay_4_class,20250227_preadipocytes-adhered_10x_caged_4_class,20240624_mc38_10x_uncaged_4_class,20240509_Hs675Tfibroblasts_10x_caged_4_class,20250108_neuron-adhered_10x_uncaged_4_class,20250305_neuron-adhered_10x_uncaged_4_class"
231212_imr90_multichannel_overlay_4_class,test_ds,0.764,lora_r64_0.05_2025-neuron-adhered,"20240516_DC-adhered_10x_caged_4_class,20240422_neuron-adhered_10x_uncaged_4_class,20240703_neuron-adhered_10x_caged_4_class,20260316_a549-tomm20-gfp-adhered_10x_caged_at_4x_4_class,231212_imr90_multichannel_overlay_4_class,20250227_preadipocytes-adhered_10x_caged_4_class,20240624_mc38_10x_uncaged_4_class,20240509_Hs675Tfibroblasts_10x_caged_4_class,20250108_neuron-adhered_10x_uncaged_4_class,20250305_neuron-adhered_10x_uncaged_4_class"
240213_imr90_multichannel_overlay_4_class,test_ds,0.544,lora_r64_0.05_2025-neuron-adhered,"20240516_DC-adhered_10x_caged_4_class,20240422_neuron-adhered_10x_uncaged_4_class,20240703_neuron-adhered_10x_caged_4_class,20260316_a549-tomm20-gfp-adhered_10x_caged_at_4x_4_class,231212_imr90_multichannel_overlay_4_class,20250227_preadipocytes-adhered_10x_caged_4_class,20240624_mc38_10x_uncaged_4_class,20240509_Hs675Tfibroblasts_10x_caged_4_class,20250108_neuron-adhered_10x_uncaged_4_class,20250305_neuron-adhered_10x_uncaged_4_class"
20240516_DC-adhered_10x_caged_4_class,train_ds,0.675,lora_r64_0.1_2025-neuron-adhered,"20240516_DC-adhered_10x_caged_4_class,20240422_neuron-adhered_10x_uncaged_4_class,20240703_neuron-adhered_10x_caged_4_class,20260316_a549-tomm20-gfp-adhered_10x_caged_at_4x_4_class,231212_imr90_multichannel_overlay_4_class,20250227_preadipocytes-adhered_10x_caged_4_class,20240624_mc38_10x_uncaged_4_class,20240509_Hs675Tfibroblasts_10x_caged_4_class,20250108_neuron-adhered_10x_uncaged_4_class,20250305_neuron-adhered_10x_uncaged_4_class"
20240422_neuron-adhered_10x_uncaged_4_class,train_ds,0.552,lora_r64_0.1_2025-neuron-adhered,"20240516_DC-adhered_10x_caged_4_class,20240422_neuron-adhered_10x_uncaged_4_class,20240703_neuron-adhered_10x_caged_4_class,20260316_a549-tomm20-gfp-adhered_10x_caged_at_4x_4_class,231212_imr90_multichannel_overlay_4_class,20250227_preadipocytes-adhered_10x_caged_4_class,20240624_mc38_10x_uncaged_4_class,20240509_Hs675Tfibroblasts_10x_caged_4_class,20250108_neuron-adhered_10x_uncaged_4_class,20250305_neuron-adhered_10x_uncaged_4_class"
20240703_neuron-adhered_10x_caged_4_class,train_ds,0.484,lora_r64_0.1_2025-neuron-adhered,"20240516_DC-adhered_10x_caged_4_class,20240422_neuron-adhered_10x_uncaged_4_class,20240703_neuron-adhered_10x_caged_4_class,20260316_a549-tomm20-gfp-adhered_10x_caged_at_4x_4_class,231212_imr90_multichannel_overlay_4_class,20250227_preadipocytes-adhered_10x_caged_4_class,20240624_mc38_10x_uncaged_4_class,20240509_Hs675Tfibroblasts_10x_caged_4_class,20250108_neuron-adhered_10x_uncaged_4_class,20250305_neuron-adhered_10x_uncaged_4_class"
20260316_a549-tomm20-gfp-adhered_10x_caged_at_4x_4_class,train_ds,0.717,lora_r64_0.1_2025-neuron-adhered,"20240516_DC-adhered_10x_caged_4_class,20240422_neuron-adhered_10x_uncaged_4_class,20240703_neuron-adhered_10x_caged_4_class,20260316_a549-tomm20-gfp-adhered_10x_caged_at_4x_4_class,231212_imr90_multichannel_overlay_4_class,20250227_preadipocytes-adhered_10x_caged_4_class,20240624_mc38_10x_uncaged_4_class,20240509_Hs675Tfibroblasts_10x_caged_4_class,20250108_neuron-adhered_10x_uncaged_4_class,20250305_neuron-adhered_10x_uncaged_4_class"
231212_imr90_multichannel_overlay_4_class,train_ds,0.762,lora_r64_0.1_2025-neuron-adhered,"20240516_DC-adhered_10x_caged_4_class,20240422_neuron-adhered_10x_uncaged_4_class,20240703_neuron-adhered_10x_caged_4_class,20260316_a549-tomm20-gfp-adhered_10x_caged_at_4x_4_class,231212_imr90_multichannel_overlay_4_class,20250227_preadipocytes-adhered_10x_caged_4_class,20240624_mc38_10x_uncaged_4_class,20240509_Hs675Tfibroblasts_10x_caged_4_class,20250108_neuron-adhered_10x_uncaged_4_class,20250305_neuron-adhered_10x_uncaged_4_class"
20250227_preadipocytes-adhered_10x_caged_4_class,train_ds,0.49,lora_r64_0.1_2025-neuron-adhered,"20240516_DC-adhered_10x_caged_4_class,20240422_neuron-adhered_10x_uncaged_4_class,20240703_neuron-adhered_10x_caged_4_class,20260316_a549-tomm20-gfp-adhered_10x_caged_at_4x_4_class,231212_imr90_multichannel_overlay_4_class,20250227_preadipocytes-adhered_10x_caged_4_class,20240624_mc38_10x_uncaged_4_class,20240509_Hs675Tfibroblasts_10x_caged_4_class,20250108_neuron-adhered_10x_uncaged_4_class,20250305_neuron-adhered_10x_uncaged_4_class"
20240624_mc38_10x_uncaged_4_class,train_ds,0.704,lora_r64_0.1_2025-neuron-adhered,"20240516_DC-adhered_10x_caged_4_class,20240422_neuron-adhered_10x_uncaged_4_class,20240703_neuron-adhered_10x_caged_4_class,20260316_a549-tomm20-gfp-adhered_10x_caged_at_4x_4_class,231212_imr90_multichannel_overlay_4_class,20250227_preadipocytes-adhered_10x_caged_4_class,20240624_mc38_10x_uncaged_4_class,20240509_Hs675Tfibroblasts_10x_caged_4_class,20250108_neuron-adhered_10x_uncaged_4_class,20250305_neuron-adhered_10x_uncaged_4_class"
20240509_Hs675Tfibroblasts_10x_caged_4_class,train_ds,0.676,lora_r64_0.1_2025-neuron-adhered,"20240516_DC-adhered_10x_caged_4_class,20240422_neuron-adhered_10x_uncaged_4_class,20240703_neuron-adhered_10x_caged_4_class,20260316_a549-tomm20-gfp-adhered_10x_caged_at_4x_4_class,231212_imr90_multichannel_overlay_4_class,20250227_preadipocytes-adhered_10x_caged_4_class,20240624_mc38_10x_uncaged_4_class,20240509_Hs675Tfibroblasts_10x_caged_4_class,20250108_neuron-adhered_10x_uncaged_4_class,20250305_neuron-adhered_10x_uncaged_4_class"
20250108_neuron-adhered_10x_uncaged_4_class,train_ds,0.469,lora_r64_0.1_2025-neuron-adhered,"20240516_DC-adhered_10x_caged_4_class,20240422_neuron-adhered_10x_uncaged_4_class,20240703_neuron-adhered_10x_caged_4_class,20260316_a549-tomm20-gfp-adhered_10x_caged_at_4x_4_class,231212_imr90_multichannel_overlay_4_class,20250227_preadipocytes-adhered_10x_caged_4_class,20240624_mc38_10x_uncaged_4_class,20240509_Hs675Tfibroblasts_10x_caged_4_class,20250108_neuron-adhered_10x_uncaged_4_class,20250305_neuron-adhered_10x_uncaged_4_class"
20250305_neuron-adhered_10x_uncaged_4_class,train_ds,0.683,lora_r64_0.1_2025-neuron-adhered,"20240516_DC-adhered_10x_caged_4_class,20240422_neuron-adhered_10x_uncaged_4_class,20240703_neuron-adhered_10x_caged_4_class,20260316_a549-tomm20-gfp-adhered_10x_caged_at_4x_4_class,231212_imr90_multichannel_overlay_4_class,20250227_preadipocytes-adhered_10x_caged_4_class,20240624_mc38_10x_uncaged_4_class,20240509_Hs675Tfibroblasts_10x_caged_4_class,20250108_neuron-adhered_10x_uncaged_4_class,20250305_neuron-adhered_10x_uncaged_4_class"
20240422_neuron-adhered_10x_uncaged_4_class,test_ds,0.552,lora_r64_0.1_2025-neuron-adhered,"20240516_DC-adhered_10x_caged_4_class,20240422_neuron-adhered_10x_uncaged_4_class,20240703_neuron-adhered_10x_caged_4_class,20260316_a549-tomm20-gfp-adhered_10x_caged_at_4x_4_class,231212_imr90_multichannel_overlay_4_class,20250227_preadipocytes-adhered_10x_caged_4_class,20240624_mc38_10x_uncaged_4_class,20240509_Hs675Tfibroblasts_10x_caged_4_class,20250108_neuron-adhered_10x_uncaged_4_class,20250305_neuron-adhered_10x_uncaged_4_class"
20240509_Hs675Tfibroblasts_10x_caged_4_class,test_ds,0.676,lora_r64_0.1_2025-neuron-adhered,"20240516_DC-adhered_10x_caged_4_class,20240422_neuron-adhered_10x_uncaged_4_class,20240703_neuron-adhered_10x_caged_4_class,20260316_a549-tomm20-gfp-adhered_10x_caged_at_4x_4_class,231212_imr90_multichannel_overlay_4_class,20250227_preadipocytes-adhered_10x_caged_4_class,20240624_mc38_10x_uncaged_4_class,20240509_Hs675Tfibroblasts_10x_caged_4_class,20250108_neuron-adhered_10x_uncaged_4_class,20250305_neuron-adhered_10x_uncaged_4_class"
20240509_hela-adhered_10x_caged_4_class,test_ds,0.54,lora_r64_0.1_2025-neuron-adhered,"20240516_DC-adhered_10x_caged_4_class,20240422_neuron-adhered_10x_uncaged_4_class,20240703_neuron-adhered_10x_caged_4_class,20260316_a549-tomm20-gfp-adhered_10x_caged_at_4x_4_class,231212_imr90_multichannel_overlay_4_class,20250227_preadipocytes-adhered_10x_caged_4_class,20240624_mc38_10x_uncaged_4_class,20240509_Hs675Tfibroblasts_10x_caged_4_class,20250108_neuron-adhered_10x_uncaged_4_class,20250305_neuron-adhered_10x_uncaged_4_class"
20240515_DC-adhered_10x_caged_4_class,test_ds,0.669,lora_r64_0.1_2025-neuron-adhered,"20240516_DC-adhered_10x_caged_4_class,20240422_neuron-adhered_10x_uncaged_4_class,20240703_neuron-adhered_10x_caged_4_class,20260316_a549-tomm20-gfp-adhered_10x_caged_at_4x_4_class,231212_imr90_multichannel_overlay_4_class,20250227_preadipocytes-adhered_10x_caged_4_class,20240624_mc38_10x_uncaged_4_class,20240509_Hs675Tfibroblasts_10x_caged_4_class,20250108_neuron-adhered_10x_uncaged_4_class,20250305_neuron-adhered_10x_uncaged_4_class"
20240516_DC-adhered_10x_caged_4_class,test_ds,0.675,lora_r64_0.1_2025-neuron-adhered,"20240516_DC-adhered_10x_caged_4_class,20240422_neuron-adhered_10x_uncaged_4_class,20240703_neuron-adhered_10x_caged_4_class,20260316_a549-tomm20-gfp-adhered_10x_caged_at_4x_4_class,231212_imr90_multichannel_overlay_4_class,20250227_preadipocytes-adhered_10x_caged_4_class,20240624_mc38_10x_uncaged_4_class,20240509_Hs675Tfibroblasts_10x_caged_4_class,20250108_neuron-adhered_10x_uncaged_4_class,20250305_neuron-adhered_10x_uncaged_4_class"
20240624_mc38_10x_caged_4_class,test_ds,0.572,lora_r64_0.1_2025-neuron-adhered,"20240516_DC-adhered_10x_caged_4_class,20240422_neuron-adhered_10x_uncaged_4_class,20240703_neuron-adhered_10x_caged_4_class,20260316_a549-tomm20-gfp-adhered_10x_caged_at_4x_4_class,231212_imr90_multichannel_overlay_4_class,20250227_preadipocytes-adhered_10x_caged_4_class,20240624_mc38_10x_uncaged_4_class,20240509_Hs675Tfibroblasts_10x_caged_4_class,20250108_neuron-adhered_10x_uncaged_4_class,20250305_neuron-adhered_10x_uncaged_4_class"
20240624_mc38_10x_uncaged_4_class,test_ds,0.704,lora_r64_0.1_2025-neuron-adhered,"20240516_DC-adhered_10x_caged_4_class,20240422_neuron-adhered_10x_uncaged_4_class,20240703_neuron-adhered_10x_caged_4_class,20260316_a549-tomm20-gfp-adhered_10x_caged_at_4x_4_class,231212_imr90_multichannel_overlay_4_class,20250227_preadipocytes-adhered_10x_caged_4_class,20240624_mc38_10x_uncaged_4_class,20240509_Hs675Tfibroblasts_10x_caged_4_class,20250108_neuron-adhered_10x_uncaged_4_class,20250305_neuron-adhered_10x_uncaged_4_class"
20240625_mc38_10x_caged_4_class,test_ds,0.548,lora_r64_0.1_2025-neuron-adhered,"20240516_DC-adhered_10x_caged_4_class,20240422_neuron-adhered_10x_uncaged_4_class,20240703_neuron-adhered_10x_caged_4_class,20260316_a549-tomm20-gfp-adhered_10x_caged_at_4x_4_class,231212_imr90_multichannel_overlay_4_class,20250227_preadipocytes-adhered_10x_caged_4_class,20240624_mc38_10x_uncaged_4_class,20240509_Hs675Tfibroblasts_10x_caged_4_class,20250108_neuron-adhered_10x_uncaged_4_class,20250305_neuron-adhered_10x_uncaged_4_class"
20240703_neuron-adhered_10x_caged_4_class,test_ds,0.484,lora_r64_0.1_2025-neuron-adhered,"20240516_DC-adhered_10x_caged_4_class,20240422_neuron-adhered_10x_uncaged_4_class,20240703_neuron-adhered_10x_caged_4_class,20260316_a549-tomm20-gfp-adhered_10x_caged_at_4x_4_class,231212_imr90_multichannel_overlay_4_class,20250227_preadipocytes-adhered_10x_caged_4_class,20240624_mc38_10x_uncaged_4_class,20240509_Hs675Tfibroblasts_10x_caged_4_class,20250108_neuron-adhered_10x_uncaged_4_class,20250305_neuron-adhered_10x_uncaged_4_class"
20240704_neuron-adhered_10x_caged_4_class,test_ds,0.514,lora_r64_0.1_2025-neuron-adhered,"20240516_DC-adhered_10x_caged_4_class,20240422_neuron-adhered_10x_uncaged_4_class,20240703_neuron-adhered_10x_caged_4_class,20260316_a549-tomm20-gfp-adhered_10x_caged_at_4x_4_class,231212_imr90_multichannel_overlay_4_class,20250227_preadipocytes-adhered_10x_caged_4_class,20240624_mc38_10x_uncaged_4_class,20240509_Hs675Tfibroblasts_10x_caged_4_class,20250108_neuron-adhered_10x_uncaged_4_class,20250305_neuron-adhered_10x_uncaged_4_class"
20240905_u87-adhered_10x_caged_4_class,test_ds,0.523,lora_r64_0.1_2025-neuron-adhered,"20240516_DC-adhered_10x_caged_4_class,20240422_neuron-adhered_10x_uncaged_4_class,20240703_neuron-adhered_10x_caged_4_class,20260316_a549-tomm20-gfp-adhered_10x_caged_at_4x_4_class,231212_imr90_multichannel_overlay_4_class,20250227_preadipocytes-adhered_10x_caged_4_class,20240624_mc38_10x_uncaged_4_class,20240509_Hs675Tfibroblasts_10x_caged_4_class,20250108_neuron-adhered_10x_uncaged_4_class,20250305_neuron-adhered_10x_uncaged_4_class"
20240924_enteric-glia-adhered_10x_uncaged_4_class,test_ds,0.66,lora_r64_0.1_2025-neuron-adhered,"20240516_DC-adhered_10x_caged_4_class,20240422_neuron-adhered_10x_uncaged_4_class,20240703_neuron-adhered_10x_caged_4_class,20260316_a549-tomm20-gfp-adhered_10x_caged_at_4x_4_class,231212_imr90_multichannel_overlay_4_class,20250227_preadipocytes-adhered_10x_caged_4_class,20240624_mc38_10x_uncaged_4_class,20240509_Hs675Tfibroblasts_10x_caged_4_class,20250108_neuron-adhered_10x_uncaged_4_class,20250305_neuron-adhered_10x_uncaged_4_class"
20241212_preadipocytes-adhered_10x_uncaged_4_class,test_ds,0.347,lora_r64_0.1_2025-neuron-adhered,"20240516_DC-adhered_10x_caged_4_class,20240422_neuron-adhered_10x_uncaged_4_class,20240703_neuron-adhered_10x_caged_4_class,20260316_a549-tomm20-gfp-adhered_10x_caged_at_4x_4_class,231212_imr90_multichannel_overlay_4_class,20250227_preadipocytes-adhered_10x_caged_4_class,20240624_mc38_10x_uncaged_4_class,20240509_Hs675Tfibroblasts_10x_caged_4_class,20250108_neuron-adhered_10x_uncaged_4_class,20250305_neuron-adhered_10x_uncaged_4_class"
20250108_neuron-adhered_10x_uncaged_4_class,test_ds,0.469,lora_r64_0.1_2025-neuron-adhered,"20240516_DC-adhered_10x_caged_4_class,20240422_neuron-adhered_10x_uncaged_4_class,20240703_neuron-adhered_10x_caged_4_class,20260316_a549-tomm20-gfp-adhered_10x_caged_at_4x_4_class,231212_imr90_multichannel_overlay_4_class,20250227_preadipocytes-adhered_10x_caged_4_class,20240624_mc38_10x_uncaged_4_class,20240509_Hs675Tfibroblasts_10x_caged_4_class,20250108_neuron-adhered_10x_uncaged_4_class,20250305_neuron-adhered_10x_uncaged_4_class"
20250227_preadipocytes-adhered_10x_caged_4_class,test_ds,0.49,lora_r64_0.1_2025-neuron-adhered,"20240516_DC-adhered_10x_caged_4_class,20240422_neuron-adhered_10x_uncaged_4_class,20240703_neuron-adhered_10x_caged_4_class,20260316_a549-tomm20-gfp-adhered_10x_caged_at_4x_4_class,231212_imr90_multichannel_overlay_4_class,20250227_preadipocytes-adhered_10x_caged_4_class,20240624_mc38_10x_uncaged_4_class,20240509_Hs675Tfibroblasts_10x_caged_4_class,20250108_neuron-adhered_10x_uncaged_4_class,20250305_neuron-adhered_10x_uncaged_4_class"
20250305_neuron-adhered_10x_uncaged_4_class,test_ds,0.683,lora_r64_0.1_2025-neuron-adhered,"20240516_DC-adhered_10x_caged_4_class,20240422_neuron-adhered_10x_uncaged_4_class,20240703_neuron-adhered_10x_caged_4_class,20260316_a549-tomm20-gfp-adhered_10x_caged_at_4x_4_class,231212_imr90_multichannel_overlay_4_class,20250227_preadipocytes-adhered_10x_caged_4_class,20240624_mc38_10x_uncaged_4_class,20240509_Hs675Tfibroblasts_10x_caged_4_class,20250108_neuron-adhered_10x_uncaged_4_class,20250305_neuron-adhered_10x_uncaged_4_class"
20250820_c8d1a_astrocytes-adherent_10x_caged_4_class,test_ds,0.506,lora_r64_0.1_2025-neuron-adhered,"20240516_DC-adhered_10x_caged_4_class,20240422_neuron-adhered_10x_uncaged_4_class,20240703_neuron-adhered_10x_caged_4_class,20260316_a549-tomm20-gfp-adhered_10x_caged_at_4x_4_class,231212_imr90_multichannel_overlay_4_class,20250227_preadipocytes-adhered_10x_caged_4_class,20240624_mc38_10x_uncaged_4_class,20240509_Hs675Tfibroblasts_10x_caged_4_class,20250108_neuron-adhered_10x_uncaged_4_class,20250305_neuron-adhered_10x_uncaged_4_class"
20250917_moc22-adhered_10x_caged_4_class,test_ds,0.499,lora_r64_0.1_2025-neuron-adhered,"20240516_DC-adhered_10x_caged_4_class,20240422_neuron-adhered_10x_uncaged_4_class,20240703_neuron-adhered_10x_caged_4_class,20260316_a549-tomm20-gfp-adhered_10x_caged_at_4x_4_class,231212_imr90_multichannel_overlay_4_class,20250227_preadipocytes-adhered_10x_caged_4_class,20240624_mc38_10x_uncaged_4_class,20240509_Hs675Tfibroblasts_10x_caged_4_class,20250108_neuron-adhered_10x_uncaged_4_class,20250305_neuron-adhered_10x_uncaged_4_class"
20260316_a549-tomm20-gfp-adhered_10x_caged_at_4x_4_class,test_ds,0.717,lora_r64_0.1_2025-neuron-adhered,"20240516_DC-adhered_10x_caged_4_class,20240422_neuron-adhered_10x_uncaged_4_class,20240703_neuron-adhered_10x_caged_4_class,20260316_a549-tomm20-gfp-adhered_10x_caged_at_4x_4_class,231212_imr90_multichannel_overlay_4_class,20250227_preadipocytes-adhered_10x_caged_4_class,20240624_mc38_10x_uncaged_4_class,20240509_Hs675Tfibroblasts_10x_caged_4_class,20250108_neuron-adhered_10x_uncaged_4_class,20250305_neuron-adhered_10x_uncaged_4_class"
231212_imr90_multichannel_overlay_4_class,test_ds,0.762,lora_r64_0.1_2025-neuron-adhered,"20240516_DC-adhered_10x_caged_4_class,20240422_neuron-adhered_10x_uncaged_4_class,20240703_neuron-adhered_10x_caged_4_class,20260316_a549-tomm20-gfp-adhered_10x_caged_at_4x_4_class,231212_imr90_multichannel_overlay_4_class,20250227_preadipocytes-adhered_10x_caged_4_class,20240624_mc38_10x_uncaged_4_class,20240509_Hs675Tfibroblasts_10x_caged_4_class,20250108_neuron-adhered_10x_uncaged_4_class,20250305_neuron-adhered_10x_uncaged_4_class"
240213_imr90_multichannel_overlay_4_class,test_ds,0.538,lora_r64_0.1_2025-neuron-adhered,"20240516_DC-adhered_10x_caged_4_class,20240422_neuron-adhered_10x_uncaged_4_class,20240703_neuron-adhered_10x_caged_4_class,20260316_a549-tomm20-gfp-adhered_10x_caged_at_4x_4_class,231212_imr90_multichannel_overlay_4_class,20250227_preadipocytes-adhered_10x_caged_4_class,20240624_mc38_10x_uncaged_4_class,20240509_Hs675Tfibroblasts_10x_caged_4_class,20250108_neuron-adhered_10x_uncaged_4_class,20250305_neuron-adhered_10x_uncaged_4_class"
20240516_DC-adhered_10x_caged_4_class,train_ds,0.694,lora_r64_0.25_2025-neuron-adhered,"20240516_DC-adhered_10x_caged_4_class,20240422_neuron-adhered_10x_uncaged_4_class,20240703_neuron-adhered_10x_caged_4_class,20260316_a549-tomm20-gfp-adhered_10x_caged_at_4x_4_class,231212_imr90_multichannel_overlay_4_class,20250227_preadipocytes-adhered_10x_caged_4_class,20240624_mc38_10x_uncaged_4_class,20240509_Hs675Tfibroblasts_10x_caged_4_class,20250108_neuron-adhered_10x_uncaged_4_class,20250305_neuron-adhered_10x_uncaged_4_class"
20240422_neuron-adhered_10x_uncaged_4_class,train_ds,0.542,lora_r64_0.25_2025-neuron-adhered,"20240516_DC-adhered_10x_caged_4_class,20240422_neuron-adhered_10x_uncaged_4_class,20240703_neuron-adhered_10x_caged_4_class,20260316_a549-tomm20-gfp-adhered_10x_caged_at_4x_4_class,231212_imr90_multichannel_overlay_4_class,20250227_preadipocytes-adhered_10x_caged_4_class,20240624_mc38_10x_uncaged_4_class,20240509_Hs675Tfibroblasts_10x_caged_4_class,20250108_neuron-adhered_10x_uncaged_4_class,20250305_neuron-adhered_10x_uncaged_4_class"
20240703_neuron-adhered_10x_caged_4_class,train_ds,0.533,lora_r64_0.25_2025-neuron-adhered,"20240516_DC-adhered_10x_caged_4_class,20240422_neuron-adhered_10x_uncaged_4_class,20240703_neuron-adhered_10x_caged_4_class,20260316_a549-tomm20-gfp-adhered_10x_caged_at_4x_4_class,231212_imr90_multichannel_overlay_4_class,20250227_preadipocytes-adhered_10x_caged_4_class,20240624_mc38_10x_uncaged_4_class,20240509_Hs675Tfibroblasts_10x_caged_4_class,20250108_neuron-adhered_10x_uncaged_4_class,20250305_neuron-adhered_10x_uncaged_4_class"
20260316_a549-tomm20-gfp-adhered_10x_caged_at_4x_4_class,train_ds,0.72,lora_r64_0.25_2025-neuron-adhered,"20240516_DC-adhered_10x_caged_4_class,20240422_neuron-adhered_10x_uncaged_4_class,20240703_neuron-adhered_10x_caged_4_class,20260316_a549-tomm20-gfp-adhered_10x_caged_at_4x_4_class,231212_imr90_multichannel_overlay_4_class,20250227_preadipocytes-adhered_10x_caged_4_class,20240624_mc38_10x_uncaged_4_class,20240509_Hs675Tfibroblasts_10x_caged_4_class,20250108_neuron-adhered_10x_uncaged_4_class,20250305_neuron-adhered_10x_uncaged_4_class"
231212_imr90_multichannel_overlay_4_class,train_ds,0.767,lora_r64_0.25_2025-neuron-adhered,"20240516_DC-adhered_10x_caged_4_class,20240422_neuron-adhered_10x_uncaged_4_class,20240703_neuron-adhered_10x_caged_4_class,20260316_a549-tomm20-gfp-adhered_10x_caged_at_4x_4_class,231212_imr90_multichannel_overlay_4_class,20250227_preadipocytes-adhered_10x_caged_4_class,20240624_mc38_10x_uncaged_4_class,20240509_Hs675Tfibroblasts_10x_caged_4_class,20250108_neuron-adhered_10x_uncaged_4_class,20250305_neuron-adhered_10x_uncaged_4_class"
20250227_preadipocytes-adhered_10x_caged_4_class,train_ds,0.487,lora_r64_0.25_2025-neuron-adhered,"20240516_DC-adhered_10x_caged_4_class,20240422_neuron-adhered_10x_uncaged_4_class,20240703_neuron-adhered_10x_caged_4_class,20260316_a549-tomm20-gfp-adhered_10x_caged_at_4x_4_class,231212_imr90_multichannel_overlay_4_class,20250227_preadipocytes-adhered_10x_caged_4_class,20240624_mc38_10x_uncaged_4_class,20240509_Hs675Tfibroblasts_10x_caged_4_class,20250108_neuron-adhered_10x_uncaged_4_class,20250305_neuron-adhered_10x_uncaged_4_class"
20240624_mc38_10x_uncaged_4_class,train_ds,0.7,lora_r64_0.25_2025-neuron-adhered,"20240516_DC-adhered_10x_caged_4_class,20240422_neuron-adhered_10x_uncaged_4_class,20240703_neuron-adhered_10x_caged_4_class,20260316_a549-tomm20-gfp-adhered_10x_caged_at_4x_4_class,231212_imr90_multichannel_overlay_4_class,20250227_preadipocytes-adhered_10x_caged_4_class,20240624_mc38_10x_uncaged_4_class,20240509_Hs675Tfibroblasts_10x_caged_4_class,20250108_neuron-adhered_10x_uncaged_4_class,20250305_neuron-adhered_10x_uncaged_4_class"
20240509_Hs675Tfibroblasts_10x_caged_4_class,train_ds,0.681,lora_r64_0.25_2025-neuron-adhered,"20240516_DC-adhered_10x_caged_4_class,20240422_neuron-adhered_10x_uncaged_4_class,20240703_neuron-adhered_10x_caged_4_class,20260316_a549-tomm20-gfp-adhered_10x_caged_at_4x_4_class,231212_imr90_multichannel_overlay_4_class,20250227_preadipocytes-adhered_10x_caged_4_class,20240624_mc38_10x_uncaged_4_class,20240509_Hs675Tfibroblasts_10x_caged_4_class,20250108_neuron-adhered_10x_uncaged_4_class,20250305_neuron-adhered_10x_uncaged_4_class"
20250108_neuron-adhered_10x_uncaged_4_class,train_ds,0.53,lora_r64_0.25_2025-neuron-adhered,"20240516_DC-adhered_10x_caged_4_class,20240422_neuron-adhered_10x_uncaged_4_class,20240703_neuron-adhered_10x_caged_4_class,20260316_a549-tomm20-gfp-adhered_10x_caged_at_4x_4_class,231212_imr90_multichannel_overlay_4_class,20250227_preadipocytes-adhered_10x_caged_4_class,20240624_mc38_10x_uncaged_4_class,20240509_Hs675Tfibroblasts_10x_caged_4_class,20250108_neuron-adhered_10x_uncaged_4_class,20250305_neuron-adhered_10x_uncaged_4_class"
20250305_neuron-adhered_10x_uncaged_4_class,train_ds,0.704,lora_r64_0.25_2025-neuron-adhered,"20240516_DC-adhered_10x_caged_4_class,20240422_neuron-adhered_10x_uncaged_4_class,20240703_neuron-adhered_10x_caged_4_class,20260316_a549-tomm20-gfp-adhered_10x_caged_at_4x_4_class,231212_imr90_multichannel_overlay_4_class,20250227_preadipocytes-adhered_10x_caged_4_class,20240624_mc38_10x_uncaged_4_class,20240509_Hs675Tfibroblasts_10x_caged_4_class,20250108_neuron-adhered_10x_uncaged_4_class,20250305_neuron-adhered_10x_uncaged_4_class"
20240422_neuron-adhered_10x_uncaged_4_class,test_ds,0.542,lora_r64_0.25_2025-neuron-adhered,"20240516_DC-adhered_10x_caged_4_class,20240422_neuron-adhered_10x_uncaged_4_class,20240703_neuron-adhered_10x_caged_4_class,20260316_a549-tomm20-gfp-adhered_10x_caged_at_4x_4_class,231212_imr90_multichannel_overlay_4_class,20250227_preadipocytes-adhered_10x_caged_4_class,20240624_mc38_10x_uncaged_4_class,20240509_Hs675Tfibroblasts_10x_caged_4_class,20250108_neuron-adhered_10x_uncaged_4_class,20250305_neuron-adhered_10x_uncaged_4_class"
20240509_Hs675Tfibroblasts_10x_caged_4_class,test_ds,0.681,lora_r64_0.25_2025-neuron-adhered,"20240516_DC-adhered_10x_caged_4_class,20240422_neuron-adhered_10x_uncaged_4_class,20240703_neuron-adhered_10x_caged_4_class,20260316_a549-tomm20-gfp-adhered_10x_caged_at_4x_4_class,231212_imr90_multichannel_overlay_4_class,20250227_preadipocytes-adhered_10x_caged_4_class,20240624_mc38_10x_uncaged_4_class,20240509_Hs675Tfibroblasts_10x_caged_4_class,20250108_neuron-adhered_10x_uncaged_4_class,20250305_neuron-adhered_10x_uncaged_4_class"
20240509_hela-adhered_10x_caged_4_class,test_ds,0.539,lora_r64_0.25_2025-neuron-adhered,"20240516_DC-adhered_10x_caged_4_class,20240422_neuron-adhered_10x_uncaged_4_class,20240703_neuron-adhered_10x_caged_4_class,20260316_a549-tomm20-gfp-adhered_10x_caged_at_4x_4_class,231212_imr90_multichannel_overlay_4_class,20250227_preadipocytes-adhered_10x_caged_4_class,20240624_mc38_10x_uncaged_4_class,20240509_Hs675Tfibroblasts_10x_caged_4_class,20250108_neuron-adhered_10x_uncaged_4_class,20250305_neuron-adhered_10x_uncaged_4_class"
20240515_DC-adhered_10x_caged_4_class,test_ds,0.679,lora_r64_0.25_2025-neuron-adhered,"20240516_DC-adhered_10x_caged_4_class,20240422_neuron-adhered_10x_uncaged_4_class,20240703_neuron-adhered_10x_caged_4_class,20260316_a549-tomm20-gfp-adhered_10x_caged_at_4x_4_class,231212_imr90_multichannel_overlay_4_class,20250227_preadipocytes-adhered_10x_caged_4_class,20240624_mc38_10x_uncaged_4_class,20240509_Hs675Tfibroblasts_10x_caged_4_class,20250108_neuron-adhered_10x_uncaged_4_class,20250305_neuron-adhered_10x_uncaged_4_class"
20240516_DC-adhered_10x_caged_4_class,test_ds,0.694,lora_r64_0.25_2025-neuron-adhered,"20240516_DC-adhered_10x_caged_4_class,20240422_neuron-adhered_10x_uncaged_4_class,20240703_neuron-adhered_10x_caged_4_class,20260316_a549-tomm20-gfp-adhered_10x_caged_at_4x_4_class,231212_imr90_multichannel_overlay_4_class,20250227_preadipocytes-adhered_10x_caged_4_class,20240624_mc38_10x_uncaged_4_class,20240509_Hs675Tfibroblasts_10x_caged_4_class,20250108_neuron-adhered_10x_uncaged_4_class,20250305_neuron-adhered_10x_uncaged_4_class"
20240624_mc38_10x_caged_4_class,test_ds,0.57,lora_r64_0.25_2025-neuron-adhered,"20240516_DC-adhered_10x_caged_4_class,20240422_neuron-adhered_10x_uncaged_4_class,20240703_neuron-adhered_10x_caged_4_class,20260316_a549-tomm20-gfp-adhered_10x_caged_at_4x_4_class,231212_imr90_multichannel_overlay_4_class,20250227_preadipocytes-adhered_10x_caged_4_class,20240624_mc38_10x_uncaged_4_class,20240509_Hs675Tfibroblasts_10x_caged_4_class,20250108_neuron-adhered_10x_uncaged_4_class,20250305_neuron-adhered_10x_uncaged_4_class"
20240624_mc38_10x_uncaged_4_class,test_ds,0.7,lora_r64_0.25_2025-neuron-adhered,"20240516_DC-adhered_10x_caged_4_class,20240422_neuron-adhered_10x_uncaged_4_class,20240703_neuron-adhered_10x_caged_4_class,20260316_a549-tomm20-gfp-adhered_10x_caged_at_4x_4_class,231212_imr90_multichannel_overlay_4_class,20250227_preadipocytes-adhered_10x_caged_4_class,20240624_mc38_10x_uncaged_4_class,20240509_Hs675Tfibroblasts_10x_caged_4_class,20250108_neuron-adhered_10x_uncaged_4_class,20250305_neuron-adhered_10x_uncaged_4_class"
20240625_mc38_10x_caged_4_class,test_ds,0.572,lora_r64_0.25_2025-neuron-adhered,"20240516_DC-adhered_10x_caged_4_class,20240422_neuron-adhered_10x_uncaged_4_class,20240703_neuron-adhered_10x_caged_4_class,20260316_a549-tomm20-gfp-adhered_10x_caged_at_4x_4_class,231212_imr90_multichannel_overlay_4_class,20250227_preadipocytes-adhered_10x_caged_4_class,20240624_mc38_10x_uncaged_4_class,20240509_Hs675Tfibroblasts_10x_caged_4_class,20250108_neuron-adhered_10x_uncaged_4_class,20250305_neuron-adhered_10x_uncaged_4_class"
20240703_neuron-adhered_10x_caged_4_class,test_ds,0.533,lora_r64_0.25_2025-neuron-adhered,"20240516_DC-adhered_10x_caged_4_class,20240422_neuron-adhered_10x_uncaged_4_class,20240703_neuron-adhered_10x_caged_4_class,20260316_a549-tomm20-gfp-adhered_10x_caged_at_4x_4_class,231212_imr90_multichannel_overlay_4_class,20250227_preadipocytes-adhered_10x_caged_4_class,20240624_mc38_10x_uncaged_4_class,20240509_Hs675Tfibroblasts_10x_caged_4_class,20250108_neuron-adhered_10x_uncaged_4_class,20250305_neuron-adhered_10x_uncaged_4_class"
20240704_neuron-adhered_10x_caged_4_class,test_ds,0.537,lora_r64_0.25_2025-neuron-adhered,"20240516_DC-adhered_10x_caged_4_class,20240422_neuron-adhered_10x_uncaged_4_class,20240703_neuron-adhered_10x_caged_4_class,20260316_a549-tomm20-gfp-adhered_10x_caged_at_4x_4_class,231212_imr90_multichannel_overlay_4_class,20250227_preadipocytes-adhered_10x_caged_4_class,20240624_mc38_10x_uncaged_4_class,20240509_Hs675Tfibroblasts_10x_caged_4_class,20250108_neuron-adhered_10x_uncaged_4_class,20250305_neuron-adhered_10x_uncaged_4_class"
20240905_u87-adhered_10x_caged_4_class,test_ds,0.522,lora_r64_0.25_2025-neuron-adhered,"20240516_DC-adhered_10x_caged_4_class,20240422_neuron-adhered_10x_uncaged_4_class,20240703_neuron-adhered_10x_caged_4_class,20260316_a549-tomm20-gfp-adhered_10x_caged_at_4x_4_class,231212_imr90_multichannel_overlay_4_class,20250227_preadipocytes-adhered_10x_caged_4_class,20240624_mc38_10x_uncaged_4_class,20240509_Hs675Tfibroblasts_10x_caged_4_class,20250108_neuron-adhered_10x_uncaged_4_class,20250305_neuron-adhered_10x_uncaged_4_class"
20240924_enteric-glia-adhered_10x_uncaged_4_class,test_ds,0.656,lora_r64_0.25_2025-neuron-adhered,"20240516_DC-adhered_10x_caged_4_class,20240422_neuron-adhered_10x_uncaged_4_class,20240703_neuron-adhered_10x_caged_4_class,20260316_a549-tomm20-gfp-adhered_10x_caged_at_4x_4_class,231212_imr90_multichannel_overlay_4_class,20250227_preadipocytes-adhered_10x_caged_4_class,20240624_mc38_10x_uncaged_4_class,20240509_Hs675Tfibroblasts_10x_caged_4_class,20250108_neuron-adhered_10x_uncaged_4_class,20250305_neuron-adhered_10x_uncaged_4_class"
20241212_preadipocytes-adhered_10x_uncaged_4_class,test_ds,0.342,lora_r64_0.25_2025-neuron-adhered,"20240516_DC-adhered_10x_caged_4_class,20240422_neuron-adhered_10x_uncaged_4_class,20240703_neuron-adhered_10x_caged_4_class,20260316_a549-tomm20-gfp-adhered_10x_caged_at_4x_4_class,231212_imr90_multichannel_overlay_4_class,20250227_preadipocytes-adhered_10x_caged_4_class,20240624_mc38_10x_uncaged_4_class,20240509_Hs675Tfibroblasts_10x_caged_4_class,20250108_neuron-adhered_10x_uncaged_4_class,20250305_neuron-adhered_10x_uncaged_4_class"
20250108_neuron-adhered_10x_uncaged_4_class,test_ds,0.53,lora_r64_0.25_2025-neuron-adhered,"20240516_DC-adhered_10x_caged_4_class,20240422_neuron-adhered_10x_uncaged_4_class,20240703_neuron-adhered_10x_caged_4_class,20260316_a549-tomm20-gfp-adhered_10x_caged_at_4x_4_class,231212_imr90_multichannel_overlay_4_class,20250227_preadipocytes-adhered_10x_caged_4_class,20240624_mc38_10x_uncaged_4_class,20240509_Hs675Tfibroblasts_10x_caged_4_class,20250108_neuron-adhered_10x_uncaged_4_class,20250305_neuron-adhered_10x_uncaged_4_class"
20250227_preadipocytes-adhered_10x_caged_4_class,test_ds,0.487,lora_r64_0.25_2025-neuron-adhered,"20240516_DC-adhered_10x_caged_4_class,20240422_neuron-adhered_10x_uncaged_4_class,20240703_neuron-adhered_10x_caged_4_class,20260316_a549-tomm20-gfp-adhered_10x_caged_at_4x_4_class,231212_imr90_multichannel_overlay_4_class,20250227_preadipocytes-adhered_10x_caged_4_class,20240624_mc38_10x_uncaged_4_class,20240509_Hs675Tfibroblasts_10x_caged_4_class,20250108_neuron-adhered_10x_uncaged_4_class,20250305_neuron-adhered_10x_uncaged_4_class"
20250305_neuron-adhered_10x_uncaged_4_class,test_ds,0.704,lora_r64_0.25_2025-neuron-adhered,"20240516_DC-adhered_10x_caged_4_class,20240422_neuron-adhered_10x_uncaged_4_class,20240703_neuron-adhered_10x_caged_4_class,20260316_a549-tomm20-gfp-adhered_10x_caged_at_4x_4_class,231212_imr90_multichannel_overlay_4_class,20250227_preadipocytes-adhered_10x_caged_4_class,20240624_mc38_10x_uncaged_4_class,20240509_Hs675Tfibroblasts_10x_caged_4_class,20250108_neuron-adhered_10x_uncaged_4_class,20250305_neuron-adhered_10x_uncaged_4_class"
20250820_c8d1a_astrocytes-adherent_10x_caged_4_class,test_ds,0.511,lora_r64_0.25_2025-neuron-adhered,"20240516_DC-adhered_10x_caged_4_class,20240422_neuron-adhered_10x_uncaged_4_class,20240703_neuron-adhered_10x_caged_4_class,20260316_a549-tomm20-gfp-adhered_10x_caged_at_4x_4_class,231212_imr90_multichannel_overlay_4_class,20250227_preadipocytes-adhered_10x_caged_4_class,20240624_mc38_10x_uncaged_4_class,20240509_Hs675Tfibroblasts_10x_caged_4_class,20250108_neuron-adhered_10x_uncaged_4_class,20250305_neuron-adhered_10x_uncaged_4_class"
20250917_moc22-adhered_10x_caged_4_class,test_ds,0.537,lora_r64_0.25_2025-neuron-adhered,"20240516_DC-adhered_10x_caged_4_class,20240422_neuron-adhered_10x_uncaged_4_class,20240703_neuron-adhered_10x_caged_4_class,20260316_a549-tomm20-gfp-adhered_10x_caged_at_4x_4_class,231212_imr90_multichannel_overlay_4_class,20250227_preadipocytes-adhered_10x_caged_4_class,20240624_mc38_10x_uncaged_4_class,20240509_Hs675Tfibroblasts_10x_caged_4_class,20250108_neuron-adhered_10x_uncaged_4_class,20250305_neuron-adhered_10x_uncaged_4_class"
20260316_a549-tomm20-gfp-adhered_10x_caged_at_4x_4_class,test_ds,0.72,lora_r64_0.25_2025-neuron-adhered,"20240516_DC-adhered_10x_caged_4_class,20240422_neuron-adhered_10x_uncaged_4_class,20240703_neuron-adhered_10x_caged_4_class,20260316_a549-tomm20-gfp-adhered_10x_caged_at_4x_4_class,231212_imr90_multichannel_overlay_4_class,20250227_preadipocytes-adhered_10x_caged_4_class,20240624_mc38_10x_uncaged_4_class,20240509_Hs675Tfibroblasts_10x_caged_4_class,20250108_neuron-adhered_10x_uncaged_4_class,20250305_neuron-adhered_10x_uncaged_4_class"
231212_imr90_multichannel_overlay_4_class,test_ds,0.767,lora_r64_0.25_2025-neuron-adhered,"20240516_DC-adhered_10x_caged_4_class,20240422_neuron-adhered_10x_uncaged_4_class,20240703_neuron-adhered_10x_caged_4_class,20260316_a549-tomm20-gfp-adhered_10x_caged_at_4x_4_class,231212_imr90_multichannel_overlay_4_class,20250227_preadipocytes-adhered_10x_caged_4_class,20240624_mc38_10x_uncaged_4_class,20240509_Hs675Tfibroblasts_10x_caged_4_class,20250108_neuron-adhered_10x_uncaged_4_class,20250305_neuron-adhered_10x_uncaged_4_class"
240213_imr90_multichannel_overlay_4_class,test_ds,0.538,lora_r64_0.25_2025-neuron-adhered,"20240516_DC-adhered_10x_caged_4_class,20240422_neuron-adhered_10x_uncaged_4_class,20240703_neuron-adhered_10x_caged_4_class,20260316_a549-tomm20-gfp-adhered_10x_caged_at_4x_4_class,231212_imr90_multichannel_overlay_4_class,20250227_preadipocytes-adhered_10x_caged_4_class,20240624_mc38_10x_uncaged_4_class,20240509_Hs675Tfibroblasts_10x_caged_4_class,20250108_neuron-adhered_10x_uncaged_4_class,20250305_neuron-adhered_10x_uncaged_4_class"
20240516_DC-adhered_10x_caged_4_class,train_ds,0.685,lora_r64_0.5_2025-neuron-adhered,"20240516_DC-adhered_10x_caged_4_class,20240422_neuron-adhered_10x_uncaged_4_class,20240703_neuron-adhered_10x_caged_4_class,20260316_a549-tomm20-gfp-adhered_10x_caged_at_4x_4_class,231212_imr90_multichannel_overlay_4_class,20250227_preadipocytes-adhered_10x_caged_4_class,20240624_mc38_10x_uncaged_4_class,20240509_Hs675Tfibroblasts_10x_caged_4_class,20250108_neuron-adhered_10x_uncaged_4_class,20250305_neuron-adhered_10x_uncaged_4_class"
20240422_neuron-adhered_10x_uncaged_4_class,train_ds,0.542,lora_r64_0.5_2025-neuron-adhered,"20240516_DC-adhered_10x_caged_4_class,20240422_neuron-adhered_10x_uncaged_4_class,20240703_neuron-adhered_10x_caged_4_class,20260316_a549-tomm20-gfp-adhered_10x_caged_at_4x_4_class,231212_imr90_multichannel_overlay_4_class,20250227_preadipocytes-adhered_10x_caged_4_class,20240624_mc38_10x_uncaged_4_class,20240509_Hs675Tfibroblasts_10x_caged_4_class,20250108_neuron-adhered_10x_uncaged_4_class,20250305_neuron-adhered_10x_uncaged_4_class"
20240703_neuron-adhered_10x_caged_4_class,train_ds,0.487,lora_r64_0.5_2025-neuron-adhered,"20240516_DC-adhered_10x_caged_4_class,20240422_neuron-adhered_10x_uncaged_4_class,20240703_neuron-adhered_10x_caged_4_class,20260316_a549-tomm20-gfp-adhered_10x_caged_at_4x_4_class,231212_imr90_multichannel_overlay_4_class,20250227_preadipocytes-adhered_10x_caged_4_class,20240624_mc38_10x_uncaged_4_class,20240509_Hs675Tfibroblasts_10x_caged_4_class,20250108_neuron-adhered_10x_uncaged_4_class,20250305_neuron-adhered_10x_uncaged_4_class"
20260316_a549-tomm20-gfp-adhered_10x_caged_at_4x_4_class,train_ds,0.716,lora_r64_0.5_2025-neuron-adhered,"20240516_DC-adhered_10x_caged_4_class,20240422_neuron-adhered_10x_uncaged_4_class,20240703_neuron-adhered_10x_caged_4_class,20260316_a549-tomm20-gfp-adhered_10x_caged_at_4x_4_class,231212_imr90_multichannel_overlay_4_class,20250227_preadipocytes-adhered_10x_caged_4_class,20240624_mc38_10x_uncaged_4_class,20240509_Hs675Tfibroblasts_10x_caged_4_class,20250108_neuron-adhered_10x_uncaged_4_class,20250305_neuron-adhered_10x_uncaged_4_class"
231212_imr90_multichannel_overlay_4_class,train_ds,0.761,lora_r64_0.5_2025-neuron-adhered,"20240516_DC-adhered_10x_caged_4_class,20240422_neuron-adhered_10x_uncaged_4_class,20240703_neuron-adhered_10x_caged_4_class,20260316_a549-tomm20-gfp-adhered_10x_caged_at_4x_4_class,231212_imr90_multichannel_overlay_4_class,20250227_preadipocytes-adhered_10x_caged_4_class,20240624_mc38_10x_uncaged_4_class,20240509_Hs675Tfibroblasts_10x_caged_4_class,20250108_neuron-adhered_10x_uncaged_4_class,20250305_neuron-adhered_10x_uncaged_4_class"
20250227_preadipocytes-adhered_10x_caged_4_class,train_ds,0.481,lora_r64_0.5_2025-neuron-adhered,"20240516_DC-adhered_10x_caged_4_class,20240422_neuron-adhered_10x_uncaged_4_class,20240703_neuron-adhered_10x_caged_4_class,20260316_a549-tomm20-gfp-adhered_10x_caged_at_4x_4_class,231212_imr90_multichannel_overlay_4_class,20250227_preadipocytes-adhered_10x_caged_4_class,20240624_mc38_10x_uncaged_4_class,20240509_Hs675Tfibroblasts_10x_caged_4_class,20250108_neuron-adhered_10x_uncaged_4_class,20250305_neuron-adhered_10x_uncaged_4_class"
20240624_mc38_10x_uncaged_4_class,train_ds,0.684,lora_r64_0.5_2025-neuron-adhered,"20240516_DC-adhered_10x_caged_4_class,20240422_neuron-adhered_10x_uncaged_4_class,20240703_neuron-adhered_10x_caged_4_class,20260316_a549-tomm20-gfp-adhered_10x_caged_at_4x_4_class,231212_imr90_multichannel_overlay_4_class,20250227_preadipocytes-adhered_10x_caged_4_class,20240624_mc38_10x_uncaged_4_class,20240509_Hs675Tfibroblasts_10x_caged_4_class,20250108_neuron-adhered_10x_uncaged_4_class,20250305_neuron-adhered_10x_uncaged_4_class"
20240509_Hs675Tfibroblasts_10x_caged_4_class,train_ds,0.674,lora_r64_0.5_2025-neuron-adhered,"20240516_DC-adhered_10x_caged_4_class,20240422_neuron-adhered_10x_uncaged_4_class,20240703_neuron-adhered_10x_caged_4_class,20260316_a549-tomm20-gfp-adhered_10x_caged_at_4x_4_class,231212_imr90_multichannel_overlay_4_class,20250227_preadipocytes-adhered_10x_caged_4_class,20240624_mc38_10x_uncaged_4_class,20240509_Hs675Tfibroblasts_10x_caged_4_class,20250108_neuron-adhered_10x_uncaged_4_class,20250305_neuron-adhered_10x_uncaged_4_class"
20250108_neuron-adhered_10x_uncaged_4_class,train_ds,0.545,lora_r64_0.5_2025-neuron-adhered,"20240516_DC-adhered_10x_caged_4_class,20240422_neuron-adhered_10x_uncaged_4_class,20240703_neuron-adhered_10x_caged_4_class,20260316_a549-tomm20-gfp-adhered_10x_caged_at_4x_4_class,231212_imr90_multichannel_overlay_4_class,20250227_preadipocytes-adhered_10x_caged_4_class,20240624_mc38_10x_uncaged_4_class,20240509_Hs675Tfibroblasts_10x_caged_4_class,20250108_neuron-adhered_10x_uncaged_4_class,20250305_neuron-adhered_10x_uncaged_4_class"
20250305_neuron-adhered_10x_uncaged_4_class,train_ds,0.708,lora_r64_0.5_2025-neuron-adhered,"20240516_DC-adhered_10x_caged_4_class,20240422_neuron-adhered_10x_uncaged_4_class,20240703_neuron-adhered_10x_caged_4_class,20260316_a549-tomm20-gfp-adhered_10x_caged_at_4x_4_class,231212_imr90_multichannel_overlay_4_class,20250227_preadipocytes-adhered_10x_caged_4_class,20240624_mc38_10x_uncaged_4_class,20240509_Hs675Tfibroblasts_10x_caged_4_class,20250108_neuron-adhered_10x_uncaged_4_class,20250305_neuron-adhered_10x_uncaged_4_class"
20240422_neuron-adhered_10x_uncaged_4_class,test_ds,0.542,lora_r64_0.5_2025-neuron-adhered,"20240516_DC-adhered_10x_caged_4_class,20240422_neuron-adhered_10x_uncaged_4_class,20240703_neuron-adhered_10x_caged_4_class,20260316_a549-tomm20-gfp-adhered_10x_caged_at_4x_4_class,231212_imr90_multichannel_overlay_4_class,20250227_preadipocytes-adhered_10x_caged_4_class,20240624_mc38_10x_uncaged_4_class,20240509_Hs675Tfibroblasts_10x_caged_4_class,20250108_neuron-adhered_10x_uncaged_4_class,20250305_neuron-adhered_10x_uncaged_4_class"
20240509_Hs675Tfibroblasts_10x_caged_4_class,test_ds,0.674,lora_r64_0.5_2025-neuron-adhered,"20240516_DC-adhered_10x_caged_4_class,20240422_neuron-adhered_10x_uncaged_4_class,20240703_neuron-adhered_10x_caged_4_class,20260316_a549-tomm20-gfp-adhered_10x_caged_at_4x_4_class,231212_imr90_multichannel_overlay_4_class,20250227_preadipocytes-adhered_10x_caged_4_class,20240624_mc38_10x_uncaged_4_class,20240509_Hs675Tfibroblasts_10x_caged_4_class,20250108_neuron-adhered_10x_uncaged_4_class,20250305_neuron-adhered_10x_uncaged_4_class"
20240509_hela-adhered_10x_caged_4_class,test_ds,0.53,lora_r64_0.5_2025-neuron-adhered,"20240516_DC-adhered_10x_caged_4_class,20240422_neuron-adhered_10x_uncaged_4_class,20240703_neuron-adhered_10x_caged_4_class,20260316_a549-tomm20-gfp-adhered_10x_caged_at_4x_4_class,231212_imr90_multichannel_overlay_4_class,20250227_preadipocytes-adhered_10x_caged_4_class,20240624_mc38_10x_uncaged_4_class,20240509_Hs675Tfibroblasts_10x_caged_4_class,20250108_neuron-adhered_10x_uncaged_4_class,20250305_neuron-adhered_10x_uncaged_4_class"
20240515_DC-adhered_10x_caged_4_class,test_ds,0.672,lora_r64_0.5_2025-neuron-adhered,"20240516_DC-adhered_10x_caged_4_class,20240422_neuron-adhered_10x_uncaged_4_class,20240703_neuron-adhered_10x_caged_4_class,20260316_a549-tomm20-gfp-adhered_10x_caged_at_4x_4_class,231212_imr90_multichannel_overlay_4_class,20250227_preadipocytes-adhered_10x_caged_4_class,20240624_mc38_10x_uncaged_4_class,20240509_Hs675Tfibroblasts_10x_caged_4_class,20250108_neuron-adhered_10x_uncaged_4_class,20250305_neuron-adhered_10x_uncaged_4_class"
20240516_DC-adhered_10x_caged_4_class,test_ds,0.685,lora_r64_0.5_2025-neuron-adhered,"20240516_DC-adhered_10x_caged_4_class,20240422_neuron-adhered_10x_uncaged_4_class,20240703_neuron-adhered_10x_caged_4_class,20260316_a549-tomm20-gfp-adhered_10x_caged_at_4x_4_class,231212_imr90_multichannel_overlay_4_class,20250227_preadipocytes-adhered_10x_caged_4_class,20240624_mc38_10x_uncaged_4_class,20240509_Hs675Tfibroblasts_10x_caged_4_class,20250108_neuron-adhered_10x_uncaged_4_class,20250305_neuron-adhered_10x_uncaged_4_class"
20240624_mc38_10x_caged_4_class,test_ds,0.552,lora_r64_0.5_2025-neuron-adhered,"20240516_DC-adhered_10x_caged_4_class,20240422_neuron-adhered_10x_uncaged_4_class,20240703_neuron-adhered_10x_caged_4_class,20260316_a549-tomm20-gfp-adhered_10x_caged_at_4x_4_class,231212_imr90_multichannel_overlay_4_class,20250227_preadipocytes-adhered_10x_caged_4_class,20240624_mc38_10x_uncaged_4_class,20240509_Hs675Tfibroblasts_10x_caged_4_class,20250108_neuron-adhered_10x_uncaged_4_class,20250305_neuron-adhered_10x_uncaged_4_class"
20240624_mc38_10x_uncaged_4_class,test_ds,0.684,lora_r64_0.5_2025-neuron-adhered,"20240516_DC-adhered_10x_caged_4_class,20240422_neuron-adhered_10x_uncaged_4_class,20240703_neuron-adhered_10x_caged_4_class,20260316_a549-tomm20-gfp-adhered_10x_caged_at_4x_4_class,231212_imr90_multichannel_overlay_4_class,20250227_preadipocytes-adhered_10x_caged_4_class,20240624_mc38_10x_uncaged_4_class,20240509_Hs675Tfibroblasts_10x_caged_4_class,20250108_neuron-adhered_10x_uncaged_4_class,20250305_neuron-adhered_10x_uncaged_4_class"
20240625_mc38_10x_caged_4_class,test_ds,0.568,lora_r64_0.5_2025-neuron-adhered,"20240516_DC-adhered_10x_caged_4_class,20240422_neuron-adhered_10x_uncaged_4_class,20240703_neuron-adhered_10x_caged_4_class,20260316_a549-tomm20-gfp-adhered_10x_caged_at_4x_4_class,231212_imr90_multichannel_overlay_4_class,20250227_preadipocytes-adhered_10x_caged_4_class,20240624_mc38_10x_uncaged_4_class,20240509_Hs675Tfibroblasts_10x_caged_4_class,20250108_neuron-adhered_10x_uncaged_4_class,20250305_neuron-adhered_10x_uncaged_4_class"
20240703_neuron-adhered_10x_caged_4_class,test_ds,0.487,lora_r64_0.5_2025-neuron-adhered,"20240516_DC-adhered_10x_caged_4_class,20240422_neuron-adhered_10x_uncaged_4_class,20240703_neuron-adhered_10x_caged_4_class,20260316_a549-tomm20-gfp-adhered_10x_caged_at_4x_4_class,231212_imr90_multichannel_overlay_4_class,20250227_preadipocytes-adhered_10x_caged_4_class,20240624_mc38_10x_uncaged_4_class,20240509_Hs675Tfibroblasts_10x_caged_4_class,20250108_neuron-adhered_10x_uncaged_4_class,20250305_neuron-adhered_10x_uncaged_4_class"
20240704_neuron-adhered_10x_caged_4_class,test_ds,0.508,lora_r64_0.5_2025-neuron-adhered,"20240516_DC-adhered_10x_caged_4_class,20240422_neuron-adhered_10x_uncaged_4_class,20240703_neuron-adhered_10x_caged_4_class,20260316_a549-tomm20-gfp-adhered_10x_caged_at_4x_4_class,231212_imr90_multichannel_overlay_4_class,20250227_preadipocytes-adhered_10x_caged_4_class,20240624_mc38_10x_uncaged_4_class,20240509_Hs675Tfibroblasts_10x_caged_4_class,20250108_neuron-adhered_10x_uncaged_4_class,20250305_neuron-adhered_10x_uncaged_4_class"
20240905_u87-adhered_10x_caged_4_class,test_ds,0.511,lora_r64_0.5_2025-neuron-adhered,"20240516_DC-adhered_10x_caged_4_class,20240422_neuron-adhered_10x_uncaged_4_class,20240703_neuron-adhered_10x_caged_4_class,20260316_a549-tomm20-gfp-adhered_10x_caged_at_4x_4_class,231212_imr90_multichannel_overlay_4_class,20250227_preadipocytes-adhered_10x_caged_4_class,20240624_mc38_10x_uncaged_4_class,20240509_Hs675Tfibroblasts_10x_caged_4_class,20250108_neuron-adhered_10x_uncaged_4_class,20250305_neuron-adhered_10x_uncaged_4_class"
20240924_enteric-glia-adhered_10x_uncaged_4_class,test_ds,0.636,lora_r64_0.5_2025-neuron-adhered,"20240516_DC-adhered_10x_caged_4_class,20240422_neuron-adhered_10x_uncaged_4_class,20240703_neuron-adhered_10x_caged_4_class,20260316_a549-tomm20-gfp-adhered_10x_caged_at_4x_4_class,231212_imr90_multichannel_overlay_4_class,20250227_preadipocytes-adhered_10x_caged_4_class,20240624_mc38_10x_uncaged_4_class,20240509_Hs675Tfibroblasts_10x_caged_4_class,20250108_neuron-adhered_10x_uncaged_4_class,20250305_neuron-adhered_10x_uncaged_4_class"
20241212_preadipocytes-adhered_10x_uncaged_4_class,test_ds,0.343,lora_r64_0.5_2025-neuron-adhered,"20240516_DC-adhered_10x_caged_4_class,20240422_neuron-adhered_10x_uncaged_4_class,20240703_neuron-adhered_10x_caged_4_class,20260316_a549-tomm20-gfp-adhered_10x_caged_at_4x_4_class,231212_imr90_multichannel_overlay_4_class,20250227_preadipocytes-adhered_10x_caged_4_class,20240624_mc38_10x_uncaged_4_class,20240509_Hs675Tfibroblasts_10x_caged_4_class,20250108_neuron-adhered_10x_uncaged_4_class,20250305_neuron-adhered_10x_uncaged_4_class"
20250108_neuron-adhered_10x_uncaged_4_class,test_ds,0.545,lora_r64_0.5_2025-neuron-adhered,"20240516_DC-adhered_10x_caged_4_class,20240422_neuron-adhered_10x_uncaged_4_class,20240703_neuron-adhered_10x_caged_4_class,20260316_a549-tomm20-gfp-adhered_10x_caged_at_4x_4_class,231212_imr90_multichannel_overlay_4_class,20250227_preadipocytes-adhered_10x_caged_4_class,20240624_mc38_10x_uncaged_4_class,20240509_Hs675Tfibroblasts_10x_caged_4_class,20250108_neuron-adhered_10x_uncaged_4_class,20250305_neuron-adhered_10x_uncaged_4_class"
20250227_preadipocytes-adhered_10x_caged_4_class,test_ds,0.481,lora_r64_0.5_2025-neuron-adhered,"20240516_DC-adhered_10x_caged_4_class,20240422_neuron-adhered_10x_uncaged_4_class,20240703_neuron-adhered_10x_caged_4_class,20260316_a549-tomm20-gfp-adhered_10x_caged_at_4x_4_class,231212_imr90_multichannel_overlay_4_class,20250227_preadipocytes-adhered_10x_caged_4_class,20240624_mc38_10x_uncaged_4_class,20240509_Hs675Tfibroblasts_10x_caged_4_class,20250108_neuron-adhered_10x_uncaged_4_class,20250305_neuron-adhered_10x_uncaged_4_class"
20250305_neuron-adhered_10x_uncaged_4_class,test_ds,0.708,lora_r64_0.5_2025-neuron-adhered,"20240516_DC-adhered_10x_caged_4_class,20240422_neuron-adhered_10x_uncaged_4_class,20240703_neuron-adhered_10x_caged_4_class,20260316_a549-tomm20-gfp-adhered_10x_caged_at_4x_4_class,231212_imr90_multichannel_overlay_4_class,20250227_preadipocytes-adhered_10x_caged_4_class,20240624_mc38_10x_uncaged_4_class,20240509_Hs675Tfibroblasts_10x_caged_4_class,20250108_neuron-adhered_10x_uncaged_4_class,20250305_neuron-adhered_10x_uncaged_4_class"
20250820_c8d1a_astrocytes-adherent_10x_caged_4_class,test_ds,0.513,lora_r64_0.5_2025-neuron-adhered,"20240516_DC-adhered_10x_caged_4_class,20240422_neuron-adhered_10x_uncaged_4_class,20240703_neuron-adhered_10x_caged_4_class,20260316_a549-tomm20-gfp-adhered_10x_caged_at_4x_4_class,231212_imr90_multichannel_overlay_4_class,20250227_preadipocytes-adhered_10x_caged_4_class,20240624_mc38_10x_uncaged_4_class,20240509_Hs675Tfibroblasts_10x_caged_4_class,20250108_neuron-adhered_10x_uncaged_4_class,20250305_neuron-adhered_10x_uncaged_4_class"
20250917_moc22-adhered_10x_caged_4_class,test_ds,0.531,lora_r64_0.5_2025-neuron-adhered,"20240516_DC-adhered_10x_caged_4_class,20240422_neuron-adhered_10x_uncaged_4_class,20240703_neuron-adhered_10x_caged_4_class,20260316_a549-tomm20-gfp-adhered_10x_caged_at_4x_4_class,231212_imr90_multichannel_overlay_4_class,20250227_preadipocytes-adhered_10x_caged_4_class,20240624_mc38_10x_uncaged_4_class,20240509_Hs675Tfibroblasts_10x_caged_4_class,20250108_neuron-adhered_10x_uncaged_4_class,20250305_neuron-adhered_10x_uncaged_4_class"
20260316_a549-tomm20-gfp-adhered_10x_caged_at_4x_4_class,test_ds,0.716,lora_r64_0.5_2025-neuron-adhered,"20240516_DC-adhered_10x_caged_4_class,20240422_neuron-adhered_10x_uncaged_4_class,20240703_neuron-adhered_10x_caged_4_class,20260316_a549-tomm20-gfp-adhered_10x_caged_at_4x_4_class,231212_imr90_multichannel_overlay_4_class,20250227_preadipocytes-adhered_10x_caged_4_class,20240624_mc38_10x_uncaged_4_class,20240509_Hs675Tfibroblasts_10x_caged_4_class,20250108_neuron-adhered_10x_uncaged_4_class,20250305_neuron-adhered_10x_uncaged_4_class"
231212_imr90_multichannel_overlay_4_class,test_ds,0.761,lora_r64_0.5_2025-neuron-adhered,"20240516_DC-adhered_10x_caged_4_class,20240422_neuron-adhered_10x_uncaged_4_class,20240703_neuron-adhered_10x_caged_4_class,20260316_a549-tomm20-gfp-adhered_10x_caged_at_4x_4_class,231212_imr90_multichannel_overlay_4_class,20250227_preadipocytes-adhered_10x_caged_4_class,20240624_mc38_10x_uncaged_4_class,20240509_Hs675Tfibroblasts_10x_caged_4_class,20250108_neuron-adhered_10x_uncaged_4_class,20250305_neuron-adhered_10x_uncaged_4_class"
240213_imr90_multichannel_overlay_4_class,test_ds,0.526,lora_r64_0.5_2025-neuron-adhered,"20240516_DC-adhered_10x_caged_4_class,20240422_neuron-adhered_10x_uncaged_4_class,20240703_neuron-adhered_10x_caged_4_class,20260316_a549-tomm20-gfp-adhered_10x_caged_at_4x_4_class,231212_imr90_multichannel_overlay_4_class,20250227_preadipocytes-adhered_10x_caged_4_class,20240624_mc38_10x_uncaged_4_class,20240509_Hs675Tfibroblasts_10x_caged_4_class,20250108_neuron-adhered_10x_uncaged_4_class,20250305_neuron-adhered_10x_uncaged_4_class"
20240516_DC-adhered_10x_caged_4_class,train_ds,0.709,lora_r64_0.01_2024-u87,"20240516_DC-adhered_10x_caged_4_class,20240422_neuron-adhered_10x_uncaged_4_class,20240703_neuron-adhered_10x_caged_4_class,20260316_a549-tomm20-gfp-adhered_10x_caged_at_4x_4_class,231212_imr90_multichannel_overlay_4_class,20250227_preadipocytes-adhered_10x_caged_4_class,20240624_mc38_10x_uncaged_4_class,20240509_Hs675Tfibroblasts_10x_caged_4_class,20240905_u87-adhered_10x_caged_4_class"
20240422_neuron-adhered_10x_uncaged_4_class,train_ds,0.549,lora_r64_0.01_2024-u87,"20240516_DC-adhered_10x_caged_4_class,20240422_neuron-adhered_10x_uncaged_4_class,20240703_neuron-adhered_10x_caged_4_class,20260316_a549-tomm20-gfp-adhered_10x_caged_at_4x_4_class,231212_imr90_multichannel_overlay_4_class,20250227_preadipocytes-adhered_10x_caged_4_class,20240624_mc38_10x_uncaged_4_class,20240509_Hs675Tfibroblasts_10x_caged_4_class,20240905_u87-adhered_10x_caged_4_class"
20240703_neuron-adhered_10x_caged_4_class,train_ds,0.625,lora_r64_0.01_2024-u87,"20240516_DC-adhered_10x_caged_4_class,20240422_neuron-adhered_10x_uncaged_4_class,20240703_neuron-adhered_10x_caged_4_class,20260316_a549-tomm20-gfp-adhered_10x_caged_at_4x_4_class,231212_imr90_multichannel_overlay_4_class,20250227_preadipocytes-adhered_10x_caged_4_class,20240624_mc38_10x_uncaged_4_class,20240509_Hs675Tfibroblasts_10x_caged_4_class,20240905_u87-adhered_10x_caged_4_class"
20260316_a549-tomm20-gfp-adhered_10x_caged_at_4x_4_class,train_ds,0.728,lora_r64_0.01_2024-u87,"20240516_DC-adhered_10x_caged_4_class,20240422_neuron-adhered_10x_uncaged_4_class,20240703_neuron-adhered_10x_caged_4_class,20260316_a549-tomm20-gfp-adhered_10x_caged_at_4x_4_class,231212_imr90_multichannel_overlay_4_class,20250227_preadipocytes-adhered_10x_caged_4_class,20240624_mc38_10x_uncaged_4_class,20240509_Hs675Tfibroblasts_10x_caged_4_class,20240905_u87-adhered_10x_caged_4_class"
231212_imr90_multichannel_overlay_4_class,train_ds,0.776,lora_r64_0.01_2024-u87,"20240516_DC-adhered_10x_caged_4_class,20240422_neuron-adhered_10x_uncaged_4_class,20240703_neuron-adhered_10x_caged_4_class,20260316_a549-tomm20-gfp-adhered_10x_caged_at_4x_4_class,231212_imr90_multichannel_overlay_4_class,20250227_preadipocytes-adhered_10x_caged_4_class,20240624_mc38_10x_uncaged_4_class,20240509_Hs675Tfibroblasts_10x_caged_4_class,20240905_u87-adhered_10x_caged_4_class"
20250227_preadipocytes-adhered_10x_caged_4_class,train_ds,0.5,lora_r64_0.01_2024-u87,"20240516_DC-adhered_10x_caged_4_class,20240422_neuron-adhered_10x_uncaged_4_class,20240703_neuron-adhered_10x_caged_4_class,20260316_a549-tomm20-gfp-adhered_10x_caged_at_4x_4_class,231212_imr90_multichannel_overlay_4_class,20250227_preadipocytes-adhered_10x_caged_4_class,20240624_mc38_10x_uncaged_4_class,20240509_Hs675Tfibroblasts_10x_caged_4_class,20240905_u87-adhered_10x_caged_4_class"
20240624_mc38_10x_uncaged_4_class,train_ds,0.718,lora_r64_0.01_2024-u87,"20240516_DC-adhered_10x_caged_4_class,20240422_neuron-adhered_10x_uncaged_4_class,20240703_neuron-adhered_10x_caged_4_class,20260316_a549-tomm20-gfp-adhered_10x_caged_at_4x_4_class,231212_imr90_multichannel_overlay_4_class,20250227_preadipocytes-adhered_10x_caged_4_class,20240624_mc38_10x_uncaged_4_class,20240509_Hs675Tfibroblasts_10x_caged_4_class,20240905_u87-adhered_10x_caged_4_class"
20240509_Hs675Tfibroblasts_10x_caged_4_class,train_ds,0.696,lora_r64_0.01_2024-u87,"20240516_DC-adhered_10x_caged_4_class,20240422_neuron-adhered_10x_uncaged_4_class,20240703_neuron-adhered_10x_caged_4_class,20260316_a549-tomm20-gfp-adhered_10x_caged_at_4x_4_class,231212_imr90_multichannel_overlay_4_class,20250227_preadipocytes-adhered_10x_caged_4_class,20240624_mc38_10x_uncaged_4_class,20240509_Hs675Tfibroblasts_10x_caged_4_class,20240905_u87-adhered_10x_caged_4_class"
20240905_u87-adhered_10x_caged_4_class,train_ds,0.544,lora_r64_0.01_2024-u87,"20240516_DC-adhered_10x_caged_4_class,20240422_neuron-adhered_10x_uncaged_4_class,20240703_neuron-adhered_10x_caged_4_class,20260316_a549-tomm20-gfp-adhered_10x_caged_at_4x_4_class,231212_imr90_multichannel_overlay_4_class,20250227_preadipocytes-adhered_10x_caged_4_class,20240624_mc38_10x_uncaged_4_class,20240509_Hs675Tfibroblasts_10x_caged_4_class,20240905_u87-adhered_10x_caged_4_class"
20240422_neuron-adhered_10x_uncaged_4_class,test_ds,0.549,lora_r64_0.01_2024-u87,"20240516_DC-adhered_10x_caged_4_class,20240422_neuron-adhered_10x_uncaged_4_class,20240703_neuron-adhered_10x_caged_4_class,20260316_a549-tomm20-gfp-adhered_10x_caged_at_4x_4_class,231212_imr90_multichannel_overlay_4_class,20250227_preadipocytes-adhered_10x_caged_4_class,20240624_mc38_10x_uncaged_4_class,20240509_Hs675Tfibroblasts_10x_caged_4_class,20240905_u87-adhered_10x_caged_4_class"
20240509_Hs675Tfibroblasts_10x_caged_4_class,test_ds,0.696,lora_r64_0.01_2024-u87,"20240516_DC-adhered_10x_caged_4_class,20240422_neuron-adhered_10x_uncaged_4_class,20240703_neuron-adhered_10x_caged_4_class,20260316_a549-tomm20-gfp-adhered_10x_caged_at_4x_4_class,231212_imr90_multichannel_overlay_4_class,20250227_preadipocytes-adhered_10x_caged_4_class,20240624_mc38_10x_uncaged_4_class,20240509_Hs675Tfibroblasts_10x_caged_4_class,20240905_u87-adhered_10x_caged_4_class"
20240509_hela-adhered_10x_caged_4_class,test_ds,0.555,lora_r64_0.01_2024-u87,"20240516_DC-adhered_10x_caged_4_class,20240422_neuron-adhered_10x_uncaged_4_class,20240703_neuron-adhered_10x_caged_4_class,20260316_a549-tomm20-gfp-adhered_10x_caged_at_4x_4_class,231212_imr90_multichannel_overlay_4_class,20250227_preadipocytes-adhered_10x_caged_4_class,20240624_mc38_10x_uncaged_4_class,20240509_Hs675Tfibroblasts_10x_caged_4_class,20240905_u87-adhered_10x_caged_4_class"
20240515_DC-adhered_10x_caged_4_class,test_ds,0.688,lora_r64_0.01_2024-u87,"20240516_DC-adhered_10x_caged_4_class,20240422_neuron-adhered_10x_uncaged_4_class,20240703_neuron-adhered_10x_caged_4_class,20260316_a549-tomm20-gfp-adhered_10x_caged_at_4x_4_class,231212_imr90_multichannel_overlay_4_class,20250227_preadipocytes-adhered_10x_caged_4_class,20240624_mc38_10x_uncaged_4_class,20240509_Hs675Tfibroblasts_10x_caged_4_class,20240905_u87-adhered_10x_caged_4_class"
20240516_DC-adhered_10x_caged_4_class,test_ds,0.709,lora_r64_0.01_2024-u87,"20240516_DC-adhered_10x_caged_4_class,20240422_neuron-adhered_10x_uncaged_4_class,20240703_neuron-adhered_10x_caged_4_class,20260316_a549-tomm20-gfp-adhered_10x_caged_at_4x_4_class,231212_imr90_multichannel_overlay_4_class,20250227_preadipocytes-adhered_10x_caged_4_class,20240624_mc38_10x_uncaged_4_class,20240509_Hs675Tfibroblasts_10x_caged_4_class,20240905_u87-adhered_10x_caged_4_class"
20240624_mc38_10x_caged_4_class,test_ds,0.571,lora_r64_0.01_2024-u87,"20240516_DC-adhered_10x_caged_4_class,20240422_neuron-adhered_10x_uncaged_4_class,20240703_neuron-adhered_10x_caged_4_class,20260316_a549-tomm20-gfp-adhered_10x_caged_at_4x_4_class,231212_imr90_multichannel_overlay_4_class,20250227_preadipocytes-adhered_10x_caged_4_class,20240624_mc38_10x_uncaged_4_class,20240509_Hs675Tfibroblasts_10x_caged_4_class,20240905_u87-adhered_10x_caged_4_class"
20240624_mc38_10x_uncaged_4_class,test_ds,0.718,lora_r64_0.01_2024-u87,"20240516_DC-adhered_10x_caged_4_class,20240422_neuron-adhered_10x_uncaged_4_class,20240703_neuron-adhered_10x_caged_4_class,20260316_a549-tomm20-gfp-adhered_10x_caged_at_4x_4_class,231212_imr90_multichannel_overlay_4_class,20250227_preadipocytes-adhered_10x_caged_4_class,20240624_mc38_10x_uncaged_4_class,20240509_Hs675Tfibroblasts_10x_caged_4_class,20240905_u87-adhered_10x_caged_4_class"
20240625_mc38_10x_caged_4_class,test_ds,0.602,lora_r64_0.01_2024-u87,"20240516_DC-adhered_10x_caged_4_class,20240422_neuron-adhered_10x_uncaged_4_class,20240703_neuron-adhered_10x_caged_4_class,20260316_a549-tomm20-gfp-adhered_10x_caged_at_4x_4_class,231212_imr90_multichannel_overlay_4_class,20250227_preadipocytes-adhered_10x_caged_4_class,20240624_mc38_10x_uncaged_4_class,20240509_Hs675Tfibroblasts_10x_caged_4_class,20240905_u87-adhered_10x_caged_4_class"
20240703_neuron-adhered_10x_caged_4_class,test_ds,0.625,lora_r64_0.01_2024-u87,"20240516_DC-adhered_10x_caged_4_class,20240422_neuron-adhered_10x_uncaged_4_class,20240703_neuron-adhered_10x_caged_4_class,20260316_a549-tomm20-gfp-adhered_10x_caged_at_4x_4_class,231212_imr90_multichannel_overlay_4_class,20250227_preadipocytes-adhered_10x_caged_4_class,20240624_mc38_10x_uncaged_4_class,20240509_Hs675Tfibroblasts_10x_caged_4_class,20240905_u87-adhered_10x_caged_4_class"
20240704_neuron-adhered_10x_caged_4_class,test_ds,0.605,lora_r64_0.01_2024-u87,"20240516_DC-adhered_10x_caged_4_class,20240422_neuron-adhered_10x_uncaged_4_class,20240703_neuron-adhered_10x_caged_4_class,20260316_a549-tomm20-gfp-adhered_10x_caged_at_4x_4_class,231212_imr90_multichannel_overlay_4_class,20250227_preadipocytes-adhered_10x_caged_4_class,20240624_mc38_10x_uncaged_4_class,20240509_Hs675Tfibroblasts_10x_caged_4_class,20240905_u87-adhered_10x_caged_4_class"
20240905_u87-adhered_10x_caged_4_class,test_ds,0.544,lora_r64_0.01_2024-u87,"20240516_DC-adhered_10x_caged_4_class,20240422_neuron-adhered_10x_uncaged_4_class,20240703_neuron-adhered_10x_caged_4_class,20260316_a549-tomm20-gfp-adhered_10x_caged_at_4x_4_class,231212_imr90_multichannel_overlay_4_class,20250227_preadipocytes-adhered_10x_caged_4_class,20240624_mc38_10x_uncaged_4_class,20240509_Hs675Tfibroblasts_10x_caged_4_class,20240905_u87-adhered_10x_caged_4_class"
20240924_enteric-glia-adhered_10x_uncaged_4_class,test_ds,0.701,lora_r64_0.01_2024-u87,"20240516_DC-adhered_10x_caged_4_class,20240422_neuron-adhered_10x_uncaged_4_class,20240703_neuron-adhered_10x_caged_4_class,20260316_a549-tomm20-gfp-adhered_10x_caged_at_4x_4_class,231212_imr90_multichannel_overlay_4_class,20250227_preadipocytes-adhered_10x_caged_4_class,20240624_mc38_10x_uncaged_4_class,20240509_Hs675Tfibroblasts_10x_caged_4_class,20240905_u87-adhered_10x_caged_4_class"
20241212_preadipocytes-adhered_10x_uncaged_4_class,test_ds,0.363,lora_r64_0.01_2024-u87,"20240516_DC-adhered_10x_caged_4_class,20240422_neuron-adhered_10x_uncaged_4_class,20240703_neuron-adhered_10x_caged_4_class,20260316_a549-tomm20-gfp-adhered_10x_caged_at_4x_4_class,231212_imr90_multichannel_overlay_4_class,20250227_preadipocytes-adhered_10x_caged_4_class,20240624_mc38_10x_uncaged_4_class,20240509_Hs675Tfibroblasts_10x_caged_4_class,20240905_u87-adhered_10x_caged_4_class"
20250108_neuron-adhered_10x_uncaged_4_class,test_ds,0.363,lora_r64_0.01_2024-u87,"20240516_DC-adhered_10x_caged_4_class,20240422_neuron-adhered_10x_uncaged_4_class,20240703_neuron-adhered_10x_caged_4_class,20260316_a549-tomm20-gfp-adhered_10x_caged_at_4x_4_class,231212_imr90_multichannel_overlay_4_class,20250227_preadipocytes-adhered_10x_caged_4_class,20240624_mc38_10x_uncaged_4_class,20240509_Hs675Tfibroblasts_10x_caged_4_class,20240905_u87-adhered_10x_caged_4_class"
20250227_preadipocytes-adhered_10x_caged_4_class,test_ds,0.5,lora_r64_0.01_2024-u87,"20240516_DC-adhered_10x_caged_4_class,20240422_neuron-adhered_10x_uncaged_4_class,20240703_neuron-adhered_10x_caged_4_class,20260316_a549-tomm20-gfp-adhered_10x_caged_at_4x_4_class,231212_imr90_multichannel_overlay_4_class,20250227_preadipocytes-adhered_10x_caged_4_class,20240624_mc38_10x_uncaged_4_class,20240509_Hs675Tfibroblasts_10x_caged_4_class,20240905_u87-adhered_10x_caged_4_class"
20250305_neuron-adhered_10x_uncaged_4_class,test_ds,0.495,lora_r64_0.01_2024-u87,"20240516_DC-adhered_10x_caged_4_class,20240422_neuron-adhered_10x_uncaged_4_class,20240703_neuron-adhered_10x_caged_4_class,20260316_a549-tomm20-gfp-adhered_10x_caged_at_4x_4_class,231212_imr90_multichannel_overlay_4_class,20250227_preadipocytes-adhered_10x_caged_4_class,20240624_mc38_10x_uncaged_4_class,20240509_Hs675Tfibroblasts_10x_caged_4_class,20240905_u87-adhered_10x_caged_4_class"
20250820_c8d1a_astrocytes-adherent_10x_caged_4_class,test_ds,0.53,lora_r64_0.01_2024-u87,"20240516_DC-adhered_10x_caged_4_class,20240422_neuron-adhered_10x_uncaged_4_class,20240703_neuron-adhered_10x_caged_4_class,20260316_a549-tomm20-gfp-adhered_10x_caged_at_4x_4_class,231212_imr90_multichannel_overlay_4_class,20250227_preadipocytes-adhered_10x_caged_4_class,20240624_mc38_10x_uncaged_4_class,20240509_Hs675Tfibroblasts_10x_caged_4_class,20240905_u87-adhered_10x_caged_4_class"
20250917_moc22-adhered_10x_caged_4_class,test_ds,0.546,lora_r64_0.01_2024-u87,"20240516_DC-adhered_10x_caged_4_class,20240422_neuron-adhered_10x_uncaged_4_class,20240703_neuron-adhered_10x_caged_4_class,20260316_a549-tomm20-gfp-adhered_10x_caged_at_4x_4_class,231212_imr90_multichannel_overlay_4_class,20250227_preadipocytes-adhered_10x_caged_4_class,20240624_mc38_10x_uncaged_4_class,20240509_Hs675Tfibroblasts_10x_caged_4_class,20240905_u87-adhered_10x_caged_4_class"
20260316_a549-tomm20-gfp-adhered_10x_caged_at_4x_4_class,test_ds,0.728,lora_r64_0.01_2024-u87,"20240516_DC-adhered_10x_caged_4_class,20240422_neuron-adhered_10x_uncaged_4_class,20240703_neuron-adhered_10x_caged_4_class,20260316_a549-tomm20-gfp-adhered_10x_caged_at_4x_4_class,231212_imr90_multichannel_overlay_4_class,20250227_preadipocytes-adhered_10x_caged_4_class,20240624_mc38_10x_uncaged_4_class,20240509_Hs675Tfibroblasts_10x_caged_4_class,20240905_u87-adhered_10x_caged_4_class"
231212_imr90_multichannel_overlay_4_class,test_ds,0.776,lora_r64_0.01_2024-u87,"20240516_DC-adhered_10x_caged_4_class,20240422_neuron-adhered_10x_uncaged_4_class,20240703_neuron-adhered_10x_caged_4_class,20260316_a549-tomm20-gfp-adhered_10x_caged_at_4x_4_class,231212_imr90_multichannel_overlay_4_class,20250227_preadipocytes-adhered_10x_caged_4_class,20240624_mc38_10x_uncaged_4_class,20240509_Hs675Tfibroblasts_10x_caged_4_class,20240905_u87-adhered_10x_caged_4_class"
240213_imr90_multichannel_overlay_4_class,test_ds,0.572,lora_r64_0.01_2024-u87,"20240516_DC-adhered_10x_caged_4_class,20240422_neuron-adhered_10x_uncaged_4_class,20240703_neuron-adhered_10x_caged_4_class,20260316_a549-tomm20-gfp-adhered_10x_caged_at_4x_4_class,231212_imr90_multichannel_overlay_4_class,20250227_preadipocytes-adhered_10x_caged_4_class,20240624_mc38_10x_uncaged_4_class,20240509_Hs675Tfibroblasts_10x_caged_4_class,20240905_u87-adhered_10x_caged_4_class"
20240516_DC-adhered_10x_caged_4_class,train_ds,0.708,lora_r64_0.05_2024-u87,"20240516_DC-adhered_10x_caged_4_class,20240422_neuron-adhered_10x_uncaged_4_class,20240703_neuron-adhered_10x_caged_4_class,20260316_a549-tomm20-gfp-adhered_10x_caged_at_4x_4_class,231212_imr90_multichannel_overlay_4_class,20250227_preadipocytes-adhered_10x_caged_4_class,20240624_mc38_10x_uncaged_4_class,20240509_Hs675Tfibroblasts_10x_caged_4_class,20240905_u87-adhered_10x_caged_4_class"
20240422_neuron-adhered_10x_uncaged_4_class,train_ds,0.548,lora_r64_0.05_2024-u87,"20240516_DC-adhered_10x_caged_4_class,20240422_neuron-adhered_10x_uncaged_4_class,20240703_neuron-adhered_10x_caged_4_class,20260316_a549-tomm20-gfp-adhered_10x_caged_at_4x_4_class,231212_imr90_multichannel_overlay_4_class,20250227_preadipocytes-adhered_10x_caged_4_class,20240624_mc38_10x_uncaged_4_class,20240509_Hs675Tfibroblasts_10x_caged_4_class,20240905_u87-adhered_10x_caged_4_class"
20240703_neuron-adhered_10x_caged_4_class,train_ds,0.624,lora_r64_0.05_2024-u87,"20240516_DC-adhered_10x_caged_4_class,20240422_neuron-adhered_10x_uncaged_4_class,20240703_neuron-adhered_10x_caged_4_class,20260316_a549-tomm20-gfp-adhered_10x_caged_at_4x_4_class,231212_imr90_multichannel_overlay_4_class,20250227_preadipocytes-adhered_10x_caged_4_class,20240624_mc38_10x_uncaged_4_class,20240509_Hs675Tfibroblasts_10x_caged_4_class,20240905_u87-adhered_10x_caged_4_class"
20260316_a549-tomm20-gfp-adhered_10x_caged_at_4x_4_class,train_ds,0.724,lora_r64_0.05_2024-u87,"20240516_DC-adhered_10x_caged_4_class,20240422_neuron-adhered_10x_uncaged_4_class,20240703_neuron-adhered_10x_caged_4_class,20260316_a549-tomm20-gfp-adhered_10x_caged_at_4x_4_class,231212_imr90_multichannel_overlay_4_class,20250227_preadipocytes-adhered_10x_caged_4_class,20240624_mc38_10x_uncaged_4_class,20240509_Hs675Tfibroblasts_10x_caged_4_class,20240905_u87-adhered_10x_caged_4_class"
231212_imr90_multichannel_overlay_4_class,train_ds,0.766,lora_r64_0.05_2024-u87,"20240516_DC-adhered_10x_caged_4_class,20240422_neuron-adhered_10x_uncaged_4_class,20240703_neuron-adhered_10x_caged_4_class,20260316_a549-tomm20-gfp-adhered_10x_caged_at_4x_4_class,231212_imr90_multichannel_overlay_4_class,20250227_preadipocytes-adhered_10x_caged_4_class,20240624_mc38_10x_uncaged_4_class,20240509_Hs675Tfibroblasts_10x_caged_4_class,20240905_u87-adhered_10x_caged_4_class"
20250227_preadipocytes-adhered_10x_caged_4_class,train_ds,0.5,lora_r64_0.05_2024-u87,"20240516_DC-adhered_10x_caged_4_class,20240422_neuron-adhered_10x_uncaged_4_class,20240703_neuron-adhered_10x_caged_4_class,20260316_a549-tomm20-gfp-adhered_10x_caged_at_4x_4_class,231212_imr90_multichannel_overlay_4_class,20250227_preadipocytes-adhered_10x_caged_4_class,20240624_mc38_10x_uncaged_4_class,20240509_Hs675Tfibroblasts_10x_caged_4_class,20240905_u87-adhered_10x_caged_4_class"
20240624_mc38_10x_uncaged_4_class,train_ds,0.715,lora_r64_0.05_2024-u87,"20240516_DC-adhered_10x_caged_4_class,20240422_neuron-adhered_10x_uncaged_4_class,20240703_neuron-adhered_10x_caged_4_class,20260316_a549-tomm20-gfp-adhered_10x_caged_at_4x_4_class,231212_imr90_multichannel_overlay_4_class,20250227_preadipocytes-adhered_10x_caged_4_class,20240624_mc38_10x_uncaged_4_class,20240509_Hs675Tfibroblasts_10x_caged_4_class,20240905_u87-adhered_10x_caged_4_class"
20240509_Hs675Tfibroblasts_10x_caged_4_class,train_ds,0.678,lora_r64_0.05_2024-u87,"20240516_DC-adhered_10x_caged_4_class,20240422_neuron-adhered_10x_uncaged_4_class,20240703_neuron-adhered_10x_caged_4_class,20260316_a549-tomm20-gfp-adhered_10x_caged_at_4x_4_class,231212_imr90_multichannel_overlay_4_class,20250227_preadipocytes-adhered_10x_caged_4_class,20240624_mc38_10x_uncaged_4_class,20240509_Hs675Tfibroblasts_10x_caged_4_class,20240905_u87-adhered_10x_caged_4_class"
20240905_u87-adhered_10x_caged_4_class,train_ds,0.579,lora_r64_0.05_2024-u87,"20240516_DC-adhered_10x_caged_4_class,20240422_neuron-adhered_10x_uncaged_4_class,20240703_neuron-adhered_10x_caged_4_class,20260316_a549-tomm20-gfp-adhered_10x_caged_at_4x_4_class,231212_imr90_multichannel_overlay_4_class,20250227_preadipocytes-adhered_10x_caged_4_class,20240624_mc38_10x_uncaged_4_class,20240509_Hs675Tfibroblasts_10x_caged_4_class,20240905_u87-adhered_10x_caged_4_class"
20240422_neuron-adhered_10x_uncaged_4_class,test_ds,0.548,lora_r64_0.05_2024-u87,"20240516_DC-adhered_10x_caged_4_class,20240422_neuron-adhered_10x_uncaged_4_class,20240703_neuron-adhered_10x_caged_4_class,20260316_a549-tomm20-gfp-adhered_10x_caged_at_4x_4_class,231212_imr90_multichannel_overlay_4_class,20250227_preadipocytes-adhered_10x_caged_4_class,20240624_mc38_10x_uncaged_4_class,20240509_Hs675Tfibroblasts_10x_caged_4_class,20240905_u87-adhered_10x_caged_4_class"
20240509_Hs675Tfibroblasts_10x_caged_4_class,test_ds,0.678,lora_r64_0.05_2024-u87,"20240516_DC-adhered_10x_caged_4_class,20240422_neuron-adhered_10x_uncaged_4_class,20240703_neuron-adhered_10x_caged_4_class,20260316_a549-tomm20-gfp-adhered_10x_caged_at_4x_4_class,231212_imr90_multichannel_overlay_4_class,20250227_preadipocytes-adhered_10x_caged_4_class,20240624_mc38_10x_uncaged_4_class,20240509_Hs675Tfibroblasts_10x_caged_4_class,20240905_u87-adhered_10x_caged_4_class"
20240509_hela-adhered_10x_caged_4_class,test_ds,0.545,lora_r64_0.05_2024-u87,"20240516_DC-adhered_10x_caged_4_class,20240422_neuron-adhered_10x_uncaged_4_class,20240703_neuron-adhered_10x_caged_4_class,20260316_a549-tomm20-gfp-adhered_10x_caged_at_4x_4_class,231212_imr90_multichannel_overlay_4_class,20250227_preadipocytes-adhered_10x_caged_4_class,20240624_mc38_10x_uncaged_4_class,20240509_Hs675Tfibroblasts_10x_caged_4_class,20240905_u87-adhered_10x_caged_4_class"
20240515_DC-adhered_10x_caged_4_class,test_ds,0.687,lora_r64_0.05_2024-u87,"20240516_DC-adhered_10x_caged_4_class,20240422_neuron-adhered_10x_uncaged_4_class,20240703_neuron-adhered_10x_caged_4_class,20260316_a549-tomm20-gfp-adhered_10x_caged_at_4x_4_class,231212_imr90_multichannel_overlay_4_class,20250227_preadipocytes-adhered_10x_caged_4_class,20240624_mc38_10x_uncaged_4_class,20240509_Hs675Tfibroblasts_10x_caged_4_class,20240905_u87-adhered_10x_caged_4_class"
20240516_DC-adhered_10x_caged_4_class,test_ds,0.708,lora_r64_0.05_2024-u87,"20240516_DC-adhered_10x_caged_4_class,20240422_neuron-adhered_10x_uncaged_4_class,20240703_neuron-adhered_10x_caged_4_class,20260316_a549-tomm20-gfp-adhered_10x_caged_at_4x_4_class,231212_imr90_multichannel_overlay_4_class,20250227_preadipocytes-adhered_10x_caged_4_class,20240624_mc38_10x_uncaged_4_class,20240509_Hs675Tfibroblasts_10x_caged_4_class,20240905_u87-adhered_10x_caged_4_class"
20240624_mc38_10x_caged_4_class,test_ds,0.587,lora_r64_0.05_2024-u87,"20240516_DC-adhered_10x_caged_4_class,20240422_neuron-adhered_10x_uncaged_4_class,20240703_neuron-adhered_10x_caged_4_class,20260316_a549-tomm20-gfp-adhered_10x_caged_at_4x_4_class,231212_imr90_multichannel_overlay_4_class,20250227_preadipocytes-adhered_10x_caged_4_class,20240624_mc38_10x_uncaged_4_class,20240509_Hs675Tfibroblasts_10x_caged_4_class,20240905_u87-adhered_10x_caged_4_class"
20240624_mc38_10x_uncaged_4_class,test_ds,0.715,lora_r64_0.05_2024-u87,"20240516_DC-adhered_10x_caged_4_class,20240422_neuron-adhered_10x_uncaged_4_class,20240703_neuron-adhered_10x_caged_4_class,20260316_a549-tomm20-gfp-adhered_10x_caged_at_4x_4_class,231212_imr90_multichannel_overlay_4_class,20250227_preadipocytes-adhered_10x_caged_4_class,20240624_mc38_10x_uncaged_4_class,20240509_Hs675Tfibroblasts_10x_caged_4_class,20240905_u87-adhered_10x_caged_4_class"
20240625_mc38_10x_caged_4_class,test_ds,0.593,lora_r64_0.05_2024-u87,"20240516_DC-adhered_10x_caged_4_class,20240422_neuron-adhered_10x_uncaged_4_class,20240703_neuron-adhered_10x_caged_4_class,20260316_a549-tomm20-gfp-adhered_10x_caged_at_4x_4_class,231212_imr90_multichannel_overlay_4_class,20250227_preadipocytes-adhered_10x_caged_4_class,20240624_mc38_10x_uncaged_4_class,20240509_Hs675Tfibroblasts_10x_caged_4_class,20240905_u87-adhered_10x_caged_4_class"
20240703_neuron-adhered_10x_caged_4_class,test_ds,0.624,lora_r64_0.05_2024-u87,"20240516_DC-adhered_10x_caged_4_class,20240422_neuron-adhered_10x_uncaged_4_class,20240703_neuron-adhered_10x_caged_4_class,20260316_a549-tomm20-gfp-adhered_10x_caged_at_4x_4_class,231212_imr90_multichannel_overlay_4_class,20250227_preadipocytes-adhered_10x_caged_4_class,20240624_mc38_10x_uncaged_4_class,20240509_Hs675Tfibroblasts_10x_caged_4_class,20240905_u87-adhered_10x_caged_4_class"
20240704_neuron-adhered_10x_caged_4_class,test_ds,0.604,lora_r64_0.05_2024-u87,"20240516_DC-adhered_10x_caged_4_class,20240422_neuron-adhered_10x_uncaged_4_class,20240703_neuron-adhered_10x_caged_4_class,20260316_a549-tomm20-gfp-adhered_10x_caged_at_4x_4_class,231212_imr90_multichannel_overlay_4_class,20250227_preadipocytes-adhered_10x_caged_4_class,20240624_mc38_10x_uncaged_4_class,20240509_Hs675Tfibroblasts_10x_caged_4_class,20240905_u87-adhered_10x_caged_4_class"
20240905_u87-adhered_10x_caged_4_class,test_ds,0.579,lora_r64_0.05_2024-u87,"20240516_DC-adhered_10x_caged_4_class,20240422_neuron-adhered_10x_uncaged_4_class,20240703_neuron-adhered_10x_caged_4_class,20260316_a549-tomm20-gfp-adhered_10x_caged_at_4x_4_class,231212_imr90_multichannel_overlay_4_class,20250227_preadipocytes-adhered_10x_caged_4_class,20240624_mc38_10x_uncaged_4_class,20240509_Hs675Tfibroblasts_10x_caged_4_class,20240905_u87-adhered_10x_caged_4_class"
20240924_enteric-glia-adhered_10x_uncaged_4_class,test_ds,0.728,lora_r64_0.05_2024-u87,"20240516_DC-adhered_10x_caged_4_class,20240422_neuron-adhered_10x_uncaged_4_class,20240703_neuron-adhered_10x_caged_4_class,20260316_a549-tomm20-gfp-adhered_10x_caged_at_4x_4_class,231212_imr90_multichannel_overlay_4_class,20250227_preadipocytes-adhered_10x_caged_4_class,20240624_mc38_10x_uncaged_4_class,20240509_Hs675Tfibroblasts_10x_caged_4_class,20240905_u87-adhered_10x_caged_4_class"
20241212_preadipocytes-adhered_10x_uncaged_4_class,test_ds,0.36,lora_r64_0.05_2024-u87,"20240516_DC-adhered_10x_caged_4_class,20240422_neuron-adhered_10x_uncaged_4_class,20240703_neuron-adhered_10x_caged_4_class,20260316_a549-tomm20-gfp-adhered_10x_caged_at_4x_4_class,231212_imr90_multichannel_overlay_4_class,20250227_preadipocytes-adhered_10x_caged_4_class,20240624_mc38_10x_uncaged_4_class,20240509_Hs675Tfibroblasts_10x_caged_4_class,20240905_u87-adhered_10x_caged_4_class"
20250108_neuron-adhered_10x_uncaged_4_class,test_ds,0.35,lora_r64_0.05_2024-u87,"20240516_DC-adhered_10x_caged_4_class,20240422_neuron-adhered_10x_uncaged_4_class,20240703_neuron-adhered_10x_caged_4_class,20260316_a549-tomm20-gfp-adhered_10x_caged_at_4x_4_class,231212_imr90_multichannel_overlay_4_class,20250227_preadipocytes-adhered_10x_caged_4_class,20240624_mc38_10x_uncaged_4_class,20240509_Hs675Tfibroblasts_10x_caged_4_class,20240905_u87-adhered_10x_caged_4_class"
20250227_preadipocytes-adhered_10x_caged_4_class,test_ds,0.5,lora_r64_0.05_2024-u87,"20240516_DC-adhered_10x_caged_4_class,20240422_neuron-adhered_10x_uncaged_4_class,20240703_neuron-adhered_10x_caged_4_class,20260316_a549-tomm20-gfp-adhered_10x_caged_at_4x_4_class,231212_imr90_multichannel_overlay_4_class,20250227_preadipocytes-adhered_10x_caged_4_class,20240624_mc38_10x_uncaged_4_class,20240509_Hs675Tfibroblasts_10x_caged_4_class,20240905_u87-adhered_10x_caged_4_class"
20250305_neuron-adhered_10x_uncaged_4_class,test_ds,0.496,lora_r64_0.05_2024-u87,"20240516_DC-adhered_10x_caged_4_class,20240422_neuron-adhered_10x_uncaged_4_class,20240703_neuron-adhered_10x_caged_4_class,20260316_a549-tomm20-gfp-adhered_10x_caged_at_4x_4_class,231212_imr90_multichannel_overlay_4_class,20250227_preadipocytes-adhered_10x_caged_4_class,20240624_mc38_10x_uncaged_4_class,20240509_Hs675Tfibroblasts_10x_caged_4_class,20240905_u87-adhered_10x_caged_4_class"
20250820_c8d1a_astrocytes-adherent_10x_caged_4_class,test_ds,0.52,lora_r64_0.05_2024-u87,"20240516_DC-adhered_10x_caged_4_class,20240422_neuron-adhered_10x_uncaged_4_class,20240703_neuron-adhered_10x_caged_4_class,20260316_a549-tomm20-gfp-adhered_10x_caged_at_4x_4_class,231212_imr90_multichannel_overlay_4_class,20250227_preadipocytes-adhered_10x_caged_4_class,20240624_mc38_10x_uncaged_4_class,20240509_Hs675Tfibroblasts_10x_caged_4_class,20240905_u87-adhered_10x_caged_4_class"
20250917_moc22-adhered_10x_caged_4_class,test_ds,0.548,lora_r64_0.05_2024-u87,"20240516_DC-adhered_10x_caged_4_class,20240422_neuron-adhered_10x_uncaged_4_class,20240703_neuron-adhered_10x_caged_4_class,20260316_a549-tomm20-gfp-adhered_10x_caged_at_4x_4_class,231212_imr90_multichannel_overlay_4_class,20250227_preadipocytes-adhered_10x_caged_4_class,20240624_mc38_10x_uncaged_4_class,20240509_Hs675Tfibroblasts_10x_caged_4_class,20240905_u87-adhered_10x_caged_4_class"
20260316_a549-tomm20-gfp-adhered_10x_caged_at_4x_4_class,test_ds,0.724,lora_r64_0.05_2024-u87,"20240516_DC-adhered_10x_caged_4_class,20240422_neuron-adhered_10x_uncaged_4_class,20240703_neuron-adhered_10x_caged_4_class,20260316_a549-tomm20-gfp-adhered_10x_caged_at_4x_4_class,231212_imr90_multichannel_overlay_4_class,20250227_preadipocytes-adhered_10x_caged_4_class,20240624_mc38_10x_uncaged_4_class,20240509_Hs675Tfibroblasts_10x_caged_4_class,20240905_u87-adhered_10x_caged_4_class"
231212_imr90_multichannel_overlay_4_class,test_ds,0.766,lora_r64_0.05_2024-u87,"20240516_DC-adhered_10x_caged_4_class,20240422_neuron-adhered_10x_uncaged_4_class,20240703_neuron-adhered_10x_caged_4_class,20260316_a549-tomm20-gfp-adhered_10x_caged_at_4x_4_class,231212_imr90_multichannel_overlay_4_class,20250227_preadipocytes-adhered_10x_caged_4_class,20240624_mc38_10x_uncaged_4_class,20240509_Hs675Tfibroblasts_10x_caged_4_class,20240905_u87-adhered_10x_caged_4_class"
240213_imr90_multichannel_overlay_4_class,test_ds,0.591,lora_r64_0.05_2024-u87,"20240516_DC-adhered_10x_caged_4_class,20240422_neuron-adhered_10x_uncaged_4_class,20240703_neuron-adhered_10x_caged_4_class,20260316_a549-tomm20-gfp-adhered_10x_caged_at_4x_4_class,231212_imr90_multichannel_overlay_4_class,20250227_preadipocytes-adhered_10x_caged_4_class,20240624_mc38_10x_uncaged_4_class,20240509_Hs675Tfibroblasts_10x_caged_4_class,20240905_u87-adhered_10x_caged_4_class"
20240516_DC-adhered_10x_caged_4_class,train_ds,0.706,lora_r64_0.1_2024-u87,"20240516_DC-adhered_10x_caged_4_class,20240422_neuron-adhered_10x_uncaged_4_class,20240703_neuron-adhered_10x_caged_4_class,20260316_a549-tomm20-gfp-adhered_10x_caged_at_4x_4_class,231212_imr90_multichannel_overlay_4_class,20250227_preadipocytes-adhered_10x_caged_4_class,20240624_mc38_10x_uncaged_4_class,20240509_Hs675Tfibroblasts_10x_caged_4_class,20240905_u87-adhered_10x_caged_4_class"
20240422_neuron-adhered_10x_uncaged_4_class,train_ds,0.549,lora_r64_0.1_2024-u87,"20240516_DC-adhered_10x_caged_4_class,20240422_neuron-adhered_10x_uncaged_4_class,20240703_neuron-adhered_10x_caged_4_class,20260316_a549-tomm20-gfp-adhered_10x_caged_at_4x_4_class,231212_imr90_multichannel_overlay_4_class,20250227_preadipocytes-adhered_10x_caged_4_class,20240624_mc38_10x_uncaged_4_class,20240509_Hs675Tfibroblasts_10x_caged_4_class,20240905_u87-adhered_10x_caged_4_class"
20240703_neuron-adhered_10x_caged_4_class,train_ds,0.624,lora_r64_0.1_2024-u87,"20240516_DC-adhered_10x_caged_4_class,20240422_neuron-adhered_10x_uncaged_4_class,20240703_neuron-adhered_10x_caged_4_class,20260316_a549-tomm20-gfp-adhered_10x_caged_at_4x_4_class,231212_imr90_multichannel_overlay_4_class,20250227_preadipocytes-adhered_10x_caged_4_class,20240624_mc38_10x_uncaged_4_class,20240509_Hs675Tfibroblasts_10x_caged_4_class,20240905_u87-adhered_10x_caged_4_class"
20260316_a549-tomm20-gfp-adhered_10x_caged_at_4x_4_class,train_ds,0.718,lora_r64_0.1_2024-u87,"20240516_DC-adhered_10x_caged_4_class,20240422_neuron-adhered_10x_uncaged_4_class,20240703_neuron-adhered_10x_caged_4_class,20260316_a549-tomm20-gfp-adhered_10x_caged_at_4x_4_class,231212_imr90_multichannel_overlay_4_class,20250227_preadipocytes-adhered_10x_caged_4_class,20240624_mc38_10x_uncaged_4_class,20240509_Hs675Tfibroblasts_10x_caged_4_class,20240905_u87-adhered_10x_caged_4_class"
231212_imr90_multichannel_overlay_4_class,train_ds,0.755,lora_r64_0.1_2024-u87,"20240516_DC-adhered_10x_caged_4_class,20240422_neuron-adhered_10x_uncaged_4_class,20240703_neuron-adhered_10x_caged_4_class,20260316_a549-tomm20-gfp-adhered_10x_caged_at_4x_4_class,231212_imr90_multichannel_overlay_4_class,20250227_preadipocytes-adhered_10x_caged_4_class,20240624_mc38_10x_uncaged_4_class,20240509_Hs675Tfibroblasts_10x_caged_4_class,20240905_u87-adhered_10x_caged_4_class"
20250227_preadipocytes-adhered_10x_caged_4_class,train_ds,0.495,lora_r64_0.1_2024-u87,"20240516_DC-adhered_10x_caged_4_class,20240422_neuron-adhered_10x_uncaged_4_class,20240703_neuron-adhered_10x_caged_4_class,20260316_a549-tomm20-gfp-adhered_10x_caged_at_4x_4_class,231212_imr90_multichannel_overlay_4_class,20250227_preadipocytes-adhered_10x_caged_4_class,20240624_mc38_10x_uncaged_4_class,20240509_Hs675Tfibroblasts_10x_caged_4_class,20240905_u87-adhered_10x_caged_4_class"
20240624_mc38_10x_uncaged_4_class,train_ds,0.712,lora_r64_0.1_2024-u87,"20240516_DC-adhered_10x_caged_4_class,20240422_neuron-adhered_10x_uncaged_4_class,20240703_neuron-adhered_10x_caged_4_class,20260316_a549-tomm20-gfp-adhered_10x_caged_at_4x_4_class,231212_imr90_multichannel_overlay_4_class,20250227_preadipocytes-adhered_10x_caged_4_class,20240624_mc38_10x_uncaged_4_class,20240509_Hs675Tfibroblasts_10x_caged_4_class,20240905_u87-adhered_10x_caged_4_class"
20240509_Hs675Tfibroblasts_10x_caged_4_class,train_ds,0.663,lora_r64_0.1_2024-u87,"20240516_DC-adhered_10x_caged_4_class,20240422_neuron-adhered_10x_uncaged_4_class,20240703_neuron-adhered_10x_caged_4_class,20260316_a549-tomm20-gfp-adhered_10x_caged_at_4x_4_class,231212_imr90_multichannel_overlay_4_class,20250227_preadipocytes-adhered_10x_caged_4_class,20240624_mc38_10x_uncaged_4_class,20240509_Hs675Tfibroblasts_10x_caged_4_class,20240905_u87-adhered_10x_caged_4_class"
20240905_u87-adhered_10x_caged_4_class,train_ds,0.598,lora_r64_0.1_2024-u87,"20240516_DC-adhered_10x_caged_4_class,20240422_neuron-adhered_10x_uncaged_4_class,20240703_neuron-adhered_10x_caged_4_class,20260316_a549-tomm20-gfp-adhered_10x_caged_at_4x_4_class,231212_imr90_multichannel_overlay_4_class,20250227_preadipocytes-adhered_10x_caged_4_class,20240624_mc38_10x_uncaged_4_class,20240509_Hs675Tfibroblasts_10x_caged_4_class,20240905_u87-adhered_10x_caged_4_class"
20240422_neuron-adhered_10x_uncaged_4_class,test_ds,0.549,lora_r64_0.1_2024-u87,"20240516_DC-adhered_10x_caged_4_class,20240422_neuron-adhered_10x_uncaged_4_class,20240703_neuron-adhered_10x_caged_4_class,20260316_a549-tomm20-gfp-adhered_10x_caged_at_4x_4_class,231212_imr90_multichannel_overlay_4_class,20250227_preadipocytes-adhered_10x_caged_4_class,20240624_mc38_10x_uncaged_4_class,20240509_Hs675Tfibroblasts_10x_caged_4_class,20240905_u87-adhered_10x_caged_4_class"
20240509_Hs675Tfibroblasts_10x_caged_4_class,test_ds,0.663,lora_r64_0.1_2024-u87,"20240516_DC-adhered_10x_caged_4_class,20240422_neuron-adhered_10x_uncaged_4_class,20240703_neuron-adhered_10x_caged_4_class,20260316_a549-tomm20-gfp-adhered_10x_caged_at_4x_4_class,231212_imr90_multichannel_overlay_4_class,20250227_preadipocytes-adhered_10x_caged_4_class,20240624_mc38_10x_uncaged_4_class,20240509_Hs675Tfibroblasts_10x_caged_4_class,20240905_u87-adhered_10x_caged_4_class"
20240509_hela-adhered_10x_caged_4_class,test_ds,0.539,lora_r64_0.1_2024-u87,"20240516_DC-adhered_10x_caged_4_class,20240422_neuron-adhered_10x_uncaged_4_class,20240703_neuron-adhered_10x_caged_4_class,20260316_a549-tomm20-gfp-adhered_10x_caged_at_4x_4_class,231212_imr90_multichannel_overlay_4_class,20250227_preadipocytes-adhered_10x_caged_4_class,20240624_mc38_10x_uncaged_4_class,20240509_Hs675Tfibroblasts_10x_caged_4_class,20240905_u87-adhered_10x_caged_4_class"
20240515_DC-adhered_10x_caged_4_class,test_ds,0.686,lora_r64_0.1_2024-u87,"20240516_DC-adhered_10x_caged_4_class,20240422_neuron-adhered_10x_uncaged_4_class,20240703_neuron-adhered_10x_caged_4_class,20260316_a549-tomm20-gfp-adhered_10x_caged_at_4x_4_class,231212_imr90_multichannel_overlay_4_class,20250227_preadipocytes-adhered_10x_caged_4_class,20240624_mc38_10x_uncaged_4_class,20240509_Hs675Tfibroblasts_10x_caged_4_class,20240905_u87-adhered_10x_caged_4_class"
20240516_DC-adhered_10x_caged_4_class,test_ds,0.706,lora_r64_0.1_2024-u87,"20240516_DC-adhered_10x_caged_4_class,20240422_neuron-adhered_10x_uncaged_4_class,20240703_neuron-adhered_10x_caged_4_class,20260316_a549-tomm20-gfp-adhered_10x_caged_at_4x_4_class,231212_imr90_multichannel_overlay_4_class,20250227_preadipocytes-adhered_10x_caged_4_class,20240624_mc38_10x_uncaged_4_class,20240509_Hs675Tfibroblasts_10x_caged_4_class,20240905_u87-adhered_10x_caged_4_class"
20240624_mc38_10x_caged_4_class,test_ds,0.596,lora_r64_0.1_2024-u87,"20240516_DC-adhered_10x_caged_4_class,20240422_neuron-adhered_10x_uncaged_4_class,20240703_neuron-adhered_10x_caged_4_class,20260316_a549-tomm20-gfp-adhered_10x_caged_at_4x_4_class,231212_imr90_multichannel_overlay_4_class,20250227_preadipocytes-adhered_10x_caged_4_class,20240624_mc38_10x_uncaged_4_class,20240509_Hs675Tfibroblasts_10x_caged_4_class,20240905_u87-adhered_10x_caged_4_class"
20240624_mc38_10x_uncaged_4_class,test_ds,0.712,lora_r64_0.1_2024-u87,"20240516_DC-adhered_10x_caged_4_class,20240422_neuron-adhered_10x_uncaged_4_class,20240703_neuron-adhered_10x_caged_4_class,20260316_a549-tomm20-gfp-adhered_10x_caged_at_4x_4_class,231212_imr90_multichannel_overlay_4_class,20250227_preadipocytes-adhered_10x_caged_4_class,20240624_mc38_10x_uncaged_4_class,20240509_Hs675Tfibroblasts_10x_caged_4_class,20240905_u87-adhered_10x_caged_4_class"
20240625_mc38_10x_caged_4_class,test_ds,0.592,lora_r64_0.1_2024-u87,"20240516_DC-adhered_10x_caged_4_class,20240422_neuron-adhered_10x_uncaged_4_class,20240703_neuron-adhered_10x_caged_4_class,20260316_a549-tomm20-gfp-adhered_10x_caged_at_4x_4_class,231212_imr90_multichannel_overlay_4_class,20250227_preadipocytes-adhered_10x_caged_4_class,20240624_mc38_10x_uncaged_4_class,20240509_Hs675Tfibroblasts_10x_caged_4_class,20240905_u87-adhered_10x_caged_4_class"
20240703_neuron-adhered_10x_caged_4_class,test_ds,0.624,lora_r64_0.1_2024-u87,"20240516_DC-adhered_10x_caged_4_class,20240422_neuron-adhered_10x_uncaged_4_class,20240703_neuron-adhered_10x_caged_4_class,20260316_a549-tomm20-gfp-adhered_10x_caged_at_4x_4_class,231212_imr90_multichannel_overlay_4_class,20250227_preadipocytes-adhered_10x_caged_4_class,20240624_mc38_10x_uncaged_4_class,20240509_Hs675Tfibroblasts_10x_caged_4_class,20240905_u87-adhered_10x_caged_4_class"
20240704_neuron-adhered_10x_caged_4_class,test_ds,0.604,lora_r64_0.1_2024-u87,"20240516_DC-adhered_10x_caged_4_class,20240422_neuron-adhered_10x_uncaged_4_class,20240703_neuron-adhered_10x_caged_4_class,20260316_a549-tomm20-gfp-adhered_10x_caged_at_4x_4_class,231212_imr90_multichannel_overlay_4_class,20250227_preadipocytes-adhered_10x_caged_4_class,20240624_mc38_10x_uncaged_4_class,20240509_Hs675Tfibroblasts_10x_caged_4_class,20240905_u87-adhered_10x_caged_4_class"
20240905_u87-adhered_10x_caged_4_class,test_ds,0.598,lora_r64_0.1_2024-u87,"20240516_DC-adhered_10x_caged_4_class,20240422_neuron-adhered_10x_uncaged_4_class,20240703_neuron-adhered_10x_caged_4_class,20260316_a549-tomm20-gfp-adhered_10x_caged_at_4x_4_class,231212_imr90_multichannel_overlay_4_class,20250227_preadipocytes-adhered_10x_caged_4_class,20240624_mc38_10x_uncaged_4_class,20240509_Hs675Tfibroblasts_10x_caged_4_class,20240905_u87-adhered_10x_caged_4_class"
20240924_enteric-glia-adhered_10x_uncaged_4_class,test_ds,0.735,lora_r64_0.1_2024-u87,"20240516_DC-adhered_10x_caged_4_class,20240422_neuron-adhered_10x_uncaged_4_class,20240703_neuron-adhered_10x_caged_4_class,20260316_a549-tomm20-gfp-adhered_10x_caged_at_4x_4_class,231212_imr90_multichannel_overlay_4_class,20250227_preadipocytes-adhered_10x_caged_4_class,20240624_mc38_10x_uncaged_4_class,20240509_Hs675Tfibroblasts_10x_caged_4_class,20240905_u87-adhered_10x_caged_4_class"
20241212_preadipocytes-adhered_10x_uncaged_4_class,test_ds,0.357,lora_r64_0.1_2024-u87,"20240516_DC-adhered_10x_caged_4_class,20240422_neuron-adhered_10x_uncaged_4_class,20240703_neuron-adhered_10x_caged_4_class,20260316_a549-tomm20-gfp-adhered_10x_caged_at_4x_4_class,231212_imr90_multichannel_overlay_4_class,20250227_preadipocytes-adhered_10x_caged_4_class,20240624_mc38_10x_uncaged_4_class,20240509_Hs675Tfibroblasts_10x_caged_4_class,20240905_u87-adhered_10x_caged_4_class"
20250108_neuron-adhered_10x_uncaged_4_class,test_ds,0.342,lora_r64_0.1_2024-u87,"20240516_DC-adhered_10x_caged_4_class,20240422_neuron-adhered_10x_uncaged_4_class,20240703_neuron-adhered_10x_caged_4_class,20260316_a549-tomm20-gfp-adhered_10x_caged_at_4x_4_class,231212_imr90_multichannel_overlay_4_class,20250227_preadipocytes-adhered_10x_caged_4_class,20240624_mc38_10x_uncaged_4_class,20240509_Hs675Tfibroblasts_10x_caged_4_class,20240905_u87-adhered_10x_caged_4_class"
20250227_preadipocytes-adhered_10x_caged_4_class,test_ds,0.495,lora_r64_0.1_2024-u87,"20240516_DC-adhered_10x_caged_4_class,20240422_neuron-adhered_10x_uncaged_4_class,20240703_neuron-adhered_10x_caged_4_class,20260316_a549-tomm20-gfp-adhered_10x_caged_at_4x_4_class,231212_imr90_multichannel_overlay_4_class,20250227_preadipocytes-adhered_10x_caged_4_class,20240624_mc38_10x_uncaged_4_class,20240509_Hs675Tfibroblasts_10x_caged_4_class,20240905_u87-adhered_10x_caged_4_class"
20250305_neuron-adhered_10x_uncaged_4_class,test_ds,0.504,lora_r64_0.1_2024-u87,"20240516_DC-adhered_10x_caged_4_class,20240422_neuron-adhered_10x_uncaged_4_class,20240703_neuron-adhered_10x_caged_4_class,20260316_a549-tomm20-gfp-adhered_10x_caged_at_4x_4_class,231212_imr90_multichannel_overlay_4_class,20250227_preadipocytes-adhered_10x_caged_4_class,20240624_mc38_10x_uncaged_4_class,20240509_Hs675Tfibroblasts_10x_caged_4_class,20240905_u87-adhered_10x_caged_4_class"
20250820_c8d1a_astrocytes-adherent_10x_caged_4_class,test_ds,0.513,lora_r64_0.1_2024-u87,"20240516_DC-adhered_10x_caged_4_class,20240422_neuron-adhered_10x_uncaged_4_class,20240703_neuron-adhered_10x_caged_4_class,20260316_a549-tomm20-gfp-adhered_10x_caged_at_4x_4_class,231212_imr90_multichannel_overlay_4_class,20250227_preadipocytes-adhered_10x_caged_4_class,20240624_mc38_10x_uncaged_4_class,20240509_Hs675Tfibroblasts_10x_caged_4_class,20240905_u87-adhered_10x_caged_4_class"
20250917_moc22-adhered_10x_caged_4_class,test_ds,0.544,lora_r64_0.1_2024-u87,"20240516_DC-adhered_10x_caged_4_class,20240422_neuron-adhered_10x_uncaged_4_class,20240703_neuron-adhered_10x_caged_4_class,20260316_a549-tomm20-gfp-adhered_10x_caged_at_4x_4_class,231212_imr90_multichannel_overlay_4_class,20250227_preadipocytes-adhered_10x_caged_4_class,20240624_mc38_10x_uncaged_4_class,20240509_Hs675Tfibroblasts_10x_caged_4_class,20240905_u87-adhered_10x_caged_4_class"
20260316_a549-tomm20-gfp-adhered_10x_caged_at_4x_4_class,test_ds,0.718,lora_r64_0.1_2024-u87,"20240516_DC-adhered_10x_caged_4_class,20240422_neuron-adhered_10x_uncaged_4_class,20240703_neuron-adhered_10x_caged_4_class,20260316_a549-tomm20-gfp-adhered_10x_caged_at_4x_4_class,231212_imr90_multichannel_overlay_4_class,20250227_preadipocytes-adhered_10x_caged_4_class,20240624_mc38_10x_uncaged_4_class,20240509_Hs675Tfibroblasts_10x_caged_4_class,20240905_u87-adhered_10x_caged_4_class"
231212_imr90_multichannel_overlay_4_class,test_ds,0.755,lora_r64_0.1_2024-u87,"20240516_DC-adhered_10x_caged_4_class,20240422_neuron-adhered_10x_uncaged_4_class,20240703_neuron-adhered_10x_caged_4_class,20260316_a549-tomm20-gfp-adhered_10x_caged_at_4x_4_class,231212_imr90_multichannel_overlay_4_class,20250227_preadipocytes-adhered_10x_caged_4_class,20240624_mc38_10x_uncaged_4_class,20240509_Hs675Tfibroblasts_10x_caged_4_class,20240905_u87-adhered_10x_caged_4_class"
240213_imr90_multichannel_overlay_4_class,test_ds,0.604,lora_r64_0.1_2024-u87,"20240516_DC-adhered_10x_caged_4_class,20240422_neuron-adhered_10x_uncaged_4_class,20240703_neuron-adhered_10x_caged_4_class,20260316_a549-tomm20-gfp-adhered_10x_caged_at_4x_4_class,231212_imr90_multichannel_overlay_4_class,20250227_preadipocytes-adhered_10x_caged_4_class,20240624_mc38_10x_uncaged_4_class,20240509_Hs675Tfibroblasts_10x_caged_4_class,20240905_u87-adhered_10x_caged_4_class"
20240516_DC-adhered_10x_caged_4_class,train_ds,0.699,lora_r32_0.01_2025-neuron-adhered,"20240516_DC-adhered_10x_caged_4_class,20240422_neuron-adhered_10x_uncaged_4_class,20240703_neuron-adhered_10x_caged_4_class,20260316_a549-tomm20-gfp-adhered_10x_caged_at_4x_4_class,231212_imr90_multichannel_overlay_4_class,20250227_preadipocytes-adhered_10x_caged_4_class,20240624_mc38_10x_uncaged_4_class,20240509_Hs675Tfibroblasts_10x_caged_4_class,20250108_neuron-adhered_10x_uncaged_4_class,20250305_neuron-adhered_10x_uncaged_4_class"
20240422_neuron-adhered_10x_uncaged_4_class,train_ds,0.552,lora_r32_0.01_2025-neuron-adhered,"20240516_DC-adhered_10x_caged_4_class,20240422_neuron-adhered_10x_uncaged_4_class,20240703_neuron-adhered_10x_caged_4_class,20260316_a549-tomm20-gfp-adhered_10x_caged_at_4x_4_class,231212_imr90_multichannel_overlay_4_class,20250227_preadipocytes-adhered_10x_caged_4_class,20240624_mc38_10x_uncaged_4_class,20240509_Hs675Tfibroblasts_10x_caged_4_class,20250108_neuron-adhered_10x_uncaged_4_class,20250305_neuron-adhered_10x_uncaged_4_class"
20240703_neuron-adhered_10x_caged_4_class,train_ds,0.594,lora_r32_0.01_2025-neuron-adhered,"20240516_DC-adhered_10x_caged_4_class,20240422_neuron-adhered_10x_uncaged_4_class,20240703_neuron-adhered_10x_caged_4_class,20260316_a549-tomm20-gfp-adhered_10x_caged_at_4x_4_class,231212_imr90_multichannel_overlay_4_class,20250227_preadipocytes-adhered_10x_caged_4_class,20240624_mc38_10x_uncaged_4_class,20240509_Hs675Tfibroblasts_10x_caged_4_class,20250108_neuron-adhered_10x_uncaged_4_class,20250305_neuron-adhered_10x_uncaged_4_class"
20260316_a549-tomm20-gfp-adhered_10x_caged_at_4x_4_class,train_ds,0.722,lora_r32_0.01_2025-neuron-adhered,"20240516_DC-adhered_10x_caged_4_class,20240422_neuron-adhered_10x_uncaged_4_class,20240703_neuron-adhered_10x_caged_4_class,20260316_a549-tomm20-gfp-adhered_10x_caged_at_4x_4_class,231212_imr90_multichannel_overlay_4_class,20250227_preadipocytes-adhered_10x_caged_4_class,20240624_mc38_10x_uncaged_4_class,20240509_Hs675Tfibroblasts_10x_caged_4_class,20250108_neuron-adhered_10x_uncaged_4_class,20250305_neuron-adhered_10x_uncaged_4_class"
231212_imr90_multichannel_overlay_4_class,train_ds,0.774,lora_r32_0.01_2025-neuron-adhered,"20240516_DC-adhered_10x_caged_4_class,20240422_neuron-adhered_10x_uncaged_4_class,20240703_neuron-adhered_10x_caged_4_class,20260316_a549-tomm20-gfp-adhered_10x_caged_at_4x_4_class,231212_imr90_multichannel_overlay_4_class,20250227_preadipocytes-adhered_10x_caged_4_class,20240624_mc38_10x_uncaged_4_class,20240509_Hs675Tfibroblasts_10x_caged_4_class,20250108_neuron-adhered_10x_uncaged_4_class,20250305_neuron-adhered_10x_uncaged_4_class"
20250227_preadipocytes-adhered_10x_caged_4_class,train_ds,0.501,lora_r32_0.01_2025-neuron-adhered,"20240516_DC-adhered_10x_caged_4_class,20240422_neuron-adhered_10x_uncaged_4_class,20240703_neuron-adhered_10x_caged_4_class,20260316_a549-tomm20-gfp-adhered_10x_caged_at_4x_4_class,231212_imr90_multichannel_overlay_4_class,20250227_preadipocytes-adhered_10x_caged_4_class,20240624_mc38_10x_uncaged_4_class,20240509_Hs675Tfibroblasts_10x_caged_4_class,20250108_neuron-adhered_10x_uncaged_4_class,20250305_neuron-adhered_10x_uncaged_4_class"
20240624_mc38_10x_uncaged_4_class,train_ds,0.718,lora_r32_0.01_2025-neuron-adhered,"20240516_DC-adhered_10x_caged_4_class,20240422_neuron-adhered_10x_uncaged_4_class,20240703_neuron-adhered_10x_caged_4_class,20260316_a549-tomm20-gfp-adhered_10x_caged_at_4x_4_class,231212_imr90_multichannel_overlay_4_class,20250227_preadipocytes-adhered_10x_caged_4_class,20240624_mc38_10x_uncaged_4_class,20240509_Hs675Tfibroblasts_10x_caged_4_class,20250108_neuron-adhered_10x_uncaged_4_class,20250305_neuron-adhered_10x_uncaged_4_class"
20240509_Hs675Tfibroblasts_10x_caged_4_class,train_ds,0.691,lora_r32_0.01_2025-neuron-adhered,"20240516_DC-adhered_10x_caged_4_class,20240422_neuron-adhered_10x_uncaged_4_class,20240703_neuron-adhered_10x_caged_4_class,20260316_a549-tomm20-gfp-adhered_10x_caged_at_4x_4_class,231212_imr90_multichannel_overlay_4_class,20250227_preadipocytes-adhered_10x_caged_4_class,20240624_mc38_10x_uncaged_4_class,20240509_Hs675Tfibroblasts_10x_caged_4_class,20250108_neuron-adhered_10x_uncaged_4_class,20250305_neuron-adhered_10x_uncaged_4_class"
20250108_neuron-adhered_10x_uncaged_4_class,train_ds,0.403,lora_r32_0.01_2025-neuron-adhered,"20240516_DC-adhered_10x_caged_4_class,20240422_neuron-adhered_10x_uncaged_4_class,20240703_neuron-adhered_10x_caged_4_class,20260316_a549-tomm20-gfp-adhered_10x_caged_at_4x_4_class,231212_imr90_multichannel_overlay_4_class,20250227_preadipocytes-adhered_10x_caged_4_class,20240624_mc38_10x_uncaged_4_class,20240509_Hs675Tfibroblasts_10x_caged_4_class,20250108_neuron-adhered_10x_uncaged_4_class,20250305_neuron-adhered_10x_uncaged_4_class"
20250305_neuron-adhered_10x_uncaged_4_class,train_ds,0.63,lora_r32_0.01_2025-neuron-adhered,"20240516_DC-adhered_10x_caged_4_class,20240422_neuron-adhered_10x_uncaged_4_class,20240703_neuron-adhered_10x_caged_4_class,20260316_a549-tomm20-gfp-adhered_10x_caged_at_4x_4_class,231212_imr90_multichannel_overlay_4_class,20250227_preadipocytes-adhered_10x_caged_4_class,20240624_mc38_10x_uncaged_4_class,20240509_Hs675Tfibroblasts_10x_caged_4_class,20250108_neuron-adhered_10x_uncaged_4_class,20250305_neuron-adhered_10x_uncaged_4_class"
20240422_neuron-adhered_10x_uncaged_4_class,test_ds,0.552,lora_r32_0.01_2025-neuron-adhered,"20240516_DC-adhered_10x_caged_4_class,20240422_neuron-adhered_10x_uncaged_4_class,20240703_neuron-adhered_10x_caged_4_class,20260316_a549-tomm20-gfp-adhered_10x_caged_at_4x_4_class,231212_imr90_multichannel_overlay_4_class,20250227_preadipocytes-adhered_10x_caged_4_class,20240624_mc38_10x_uncaged_4_class,20240509_Hs675Tfibroblasts_10x_caged_4_class,20250108_neuron-adhered_10x_uncaged_4_class,20250305_neuron-adhered_10x_uncaged_4_class"
20240509_Hs675Tfibroblasts_10x_caged_4_class,test_ds,0.691,lora_r32_0.01_2025-neuron-adhered,"20240516_DC-adhered_10x_caged_4_class,20240422_neuron-adhered_10x_uncaged_4_class,20240703_neuron-adhered_10x_caged_4_class,20260316_a549-tomm20-gfp-adhered_10x_caged_at_4x_4_class,231212_imr90_multichannel_overlay_4_class,20250227_preadipocytes-adhered_10x_caged_4_class,20240624_mc38_10x_uncaged_4_class,20240509_Hs675Tfibroblasts_10x_caged_4_class,20250108_neuron-adhered_10x_uncaged_4_class,20250305_neuron-adhered_10x_uncaged_4_class"
20240509_hela-adhered_10x_caged_4_class,test_ds,0.557,lora_r32_0.01_2025-neuron-adhered,"20240516_DC-adhered_10x_caged_4_class,20240422_neuron-adhered_10x_uncaged_4_class,20240703_neuron-adhered_10x_caged_4_class,20260316_a549-tomm20-gfp-adhered_10x_caged_at_4x_4_class,231212_imr90_multichannel_overlay_4_class,20250227_preadipocytes-adhered_10x_caged_4_class,20240624_mc38_10x_uncaged_4_class,20240509_Hs675Tfibroblasts_10x_caged_4_class,20250108_neuron-adhered_10x_uncaged_4_class,20250305_neuron-adhered_10x_uncaged_4_class"
20240515_DC-adhered_10x_caged_4_class,test_ds,0.686,lora_r32_0.01_2025-neuron-adhered,"20240516_DC-adhered_10x_caged_4_class,20240422_neuron-adhered_10x_uncaged_4_class,20240703_neuron-adhered_10x_caged_4_class,20260316_a549-tomm20-gfp-adhered_10x_caged_at_4x_4_class,231212_imr90_multichannel_overlay_4_class,20250227_preadipocytes-adhered_10x_caged_4_class,20240624_mc38_10x_uncaged_4_class,20240509_Hs675Tfibroblasts_10x_caged_4_class,20250108_neuron-adhered_10x_uncaged_4_class,20250305_neuron-adhered_10x_uncaged_4_class"
20240516_DC-adhered_10x_caged_4_class,test_ds,0.699,lora_r32_0.01_2025-neuron-adhered,"20240516_DC-adhered_10x_caged_4_class,20240422_neuron-adhered_10x_uncaged_4_class,20240703_neuron-adhered_10x_caged_4_class,20260316_a549-tomm20-gfp-adhered_10x_caged_at_4x_4_class,231212_imr90_multichannel_overlay_4_class,20250227_preadipocytes-adhered_10x_caged_4_class,20240624_mc38_10x_uncaged_4_class,20240509_Hs675Tfibroblasts_10x_caged_4_class,20250108_neuron-adhered_10x_uncaged_4_class,20250305_neuron-adhered_10x_uncaged_4_class"
20240624_mc38_10x_caged_4_class,test_ds,0.592,lora_r32_0.01_2025-neuron-adhered,"20240516_DC-adhered_10x_caged_4_class,20240422_neuron-adhered_10x_uncaged_4_class,20240703_neuron-adhered_10x_caged_4_class,20260316_a549-tomm20-gfp-adhered_10x_caged_at_4x_4_class,231212_imr90_multichannel_overlay_4_class,20250227_preadipocytes-adhered_10x_caged_4_class,20240624_mc38_10x_uncaged_4_class,20240509_Hs675Tfibroblasts_10x_caged_4_class,20250108_neuron-adhered_10x_uncaged_4_class,20250305_neuron-adhered_10x_uncaged_4_class"
20240624_mc38_10x_uncaged_4_class,test_ds,0.718,lora_r32_0.01_2025-neuron-adhered,"20240516_DC-adhered_10x_caged_4_class,20240422_neuron-adhered_10x_uncaged_4_class,20240703_neuron-adhered_10x_caged_4_class,20260316_a549-tomm20-gfp-adhered_10x_caged_at_4x_4_class,231212_imr90_multichannel_overlay_4_class,20250227_preadipocytes-adhered_10x_caged_4_class,20240624_mc38_10x_uncaged_4_class,20240509_Hs675Tfibroblasts_10x_caged_4_class,20250108_neuron-adhered_10x_uncaged_4_class,20250305_neuron-adhered_10x_uncaged_4_class"
20240625_mc38_10x_caged_4_class,test_ds,0.583,lora_r32_0.01_2025-neuron-adhered,"20240516_DC-adhered_10x_caged_4_class,20240422_neuron-adhered_10x_uncaged_4_class,20240703_neuron-adhered_10x_caged_4_class,20260316_a549-tomm20-gfp-adhered_10x_caged_at_4x_4_class,231212_imr90_multichannel_overlay_4_class,20250227_preadipocytes-adhered_10x_caged_4_class,20240624_mc38_10x_uncaged_4_class,20240509_Hs675Tfibroblasts_10x_caged_4_class,20250108_neuron-adhered_10x_uncaged_4_class,20250305_neuron-adhered_10x_uncaged_4_class"
20240703_neuron-adhered_10x_caged_4_class,test_ds,0.594,lora_r32_0.01_2025-neuron-adhered,"20240516_DC-adhered_10x_caged_4_class,20240422_neuron-adhered_10x_uncaged_4_class,20240703_neuron-adhered_10x_caged_4_class,20260316_a549-tomm20-gfp-adhered_10x_caged_at_4x_4_class,231212_imr90_multichannel_overlay_4_class,20250227_preadipocytes-adhered_10x_caged_4_class,20240624_mc38_10x_uncaged_4_class,20240509_Hs675Tfibroblasts_10x_caged_4_class,20250108_neuron-adhered_10x_uncaged_4_class,20250305_neuron-adhered_10x_uncaged_4_class"
20240704_neuron-adhered_10x_caged_4_class,test_ds,0.6,lora_r32_0.01_2025-neuron-adhered,"20240516_DC-adhered_10x_caged_4_class,20240422_neuron-adhered_10x_uncaged_4_class,20240703_neuron-adhered_10x_caged_4_class,20260316_a549-tomm20-gfp-adhered_10x_caged_at_4x_4_class,231212_imr90_multichannel_overlay_4_class,20250227_preadipocytes-adhered_10x_caged_4_class,20240624_mc38_10x_uncaged_4_class,20240509_Hs675Tfibroblasts_10x_caged_4_class,20250108_neuron-adhered_10x_uncaged_4_class,20250305_neuron-adhered_10x_uncaged_4_class"
20240905_u87-adhered_10x_caged_4_class,test_ds,0.55,lora_r32_0.01_2025-neuron-adhered,"20240516_DC-adhered_10x_caged_4_class,20240422_neuron-adhered_10x_uncaged_4_class,20240703_neuron-adhered_10x_caged_4_class,20260316_a549-tomm20-gfp-adhered_10x_caged_at_4x_4_class,231212_imr90_multichannel_overlay_4_class,20250227_preadipocytes-adhered_10x_caged_4_class,20240624_mc38_10x_uncaged_4_class,20240509_Hs675Tfibroblasts_10x_caged_4_class,20250108_neuron-adhered_10x_uncaged_4_class,20250305_neuron-adhered_10x_uncaged_4_class"
20240924_enteric-glia-adhered_10x_uncaged_4_class,test_ds,0.68,lora_r32_0.01_2025-neuron-adhered,"20240516_DC-adhered_10x_caged_4_class,20240422_neuron-adhered_10x_uncaged_4_class,20240703_neuron-adhered_10x_caged_4_class,20260316_a549-tomm20-gfp-adhered_10x_caged_at_4x_4_class,231212_imr90_multichannel_overlay_4_class,20250227_preadipocytes-adhered_10x_caged_4_class,20240624_mc38_10x_uncaged_4_class,20240509_Hs675Tfibroblasts_10x_caged_4_class,20250108_neuron-adhered_10x_uncaged_4_class,20250305_neuron-adhered_10x_uncaged_4_class"
20241212_preadipocytes-adhered_10x_uncaged_4_class,test_ds,0.355,lora_r32_0.01_2025-neuron-adhered,"20240516_DC-adhered_10x_caged_4_class,20240422_neuron-adhered_10x_uncaged_4_class,20240703_neuron-adhered_10x_caged_4_class,20260316_a549-tomm20-gfp-adhered_10x_caged_at_4x_4_class,231212_imr90_multichannel_overlay_4_class,20250227_preadipocytes-adhered_10x_caged_4_class,20240624_mc38_10x_uncaged_4_class,20240509_Hs675Tfibroblasts_10x_caged_4_class,20250108_neuron-adhered_10x_uncaged_4_class,20250305_neuron-adhered_10x_uncaged_4_class"
20250108_neuron-adhered_10x_uncaged_4_class,test_ds,0.403,lora_r32_0.01_2025-neuron-adhered,"20240516_DC-adhered_10x_caged_4_class,20240422_neuron-adhered_10x_uncaged_4_class,20240703_neuron-adhered_10x_caged_4_class,20260316_a549-tomm20-gfp-adhered_10x_caged_at_4x_4_class,231212_imr90_multichannel_overlay_4_class,20250227_preadipocytes-adhered_10x_caged_4_class,20240624_mc38_10x_uncaged_4_class,20240509_Hs675Tfibroblasts_10x_caged_4_class,20250108_neuron-adhered_10x_uncaged_4_class,20250305_neuron-adhered_10x_uncaged_4_class"
20250227_preadipocytes-adhered_10x_caged_4_class,test_ds,0.501,lora_r32_0.01_2025-neuron-adhered,"20240516_DC-adhered_10x_caged_4_class,20240422_neuron-adhered_10x_uncaged_4_class,20240703_neuron-adhered_10x_caged_4_class,20260316_a549-tomm20-gfp-adhered_10x_caged_at_4x_4_class,231212_imr90_multichannel_overlay_4_class,20250227_preadipocytes-adhered_10x_caged_4_class,20240624_mc38_10x_uncaged_4_class,20240509_Hs675Tfibroblasts_10x_caged_4_class,20250108_neuron-adhered_10x_uncaged_4_class,20250305_neuron-adhered_10x_uncaged_4_class"
20250305_neuron-adhered_10x_uncaged_4_class,test_ds,0.63,lora_r32_0.01_2025-neuron-adhered,"20240516_DC-adhered_10x_caged_4_class,20240422_neuron-adhered_10x_uncaged_4_class,20240703_neuron-adhered_10x_caged_4_class,20260316_a549-tomm20-gfp-adhered_10x_caged_at_4x_4_class,231212_imr90_multichannel_overlay_4_class,20250227_preadipocytes-adhered_10x_caged_4_class,20240624_mc38_10x_uncaged_4_class,20240509_Hs675Tfibroblasts_10x_caged_4_class,20250108_neuron-adhered_10x_uncaged_4_class,20250305_neuron-adhered_10x_uncaged_4_class"
20250820_c8d1a_astrocytes-adherent_10x_caged_4_class,test_ds,0.519,lora_r32_0.01_2025-neuron-adhered,"20240516_DC-adhered_10x_caged_4_class,20240422_neuron-adhered_10x_uncaged_4_class,20240703_neuron-adhered_10x_caged_4_class,20260316_a549-tomm20-gfp-adhered_10x_caged_at_4x_4_class,231212_imr90_multichannel_overlay_4_class,20250227_preadipocytes-adhered_10x_caged_4_class,20240624_mc38_10x_uncaged_4_class,20240509_Hs675Tfibroblasts_10x_caged_4_class,20250108_neuron-adhered_10x_uncaged_4_class,20250305_neuron-adhered_10x_uncaged_4_class"
20250917_moc22-adhered_10x_caged_4_class,test_ds,0.534,lora_r32_0.01_2025-neuron-adhered,"20240516_DC-adhered_10x_caged_4_class,20240422_neuron-adhered_10x_uncaged_4_class,20240703_neuron-adhered_10x_caged_4_class,20260316_a549-tomm20-gfp-adhered_10x_caged_at_4x_4_class,231212_imr90_multichannel_overlay_4_class,20250227_preadipocytes-adhered_10x_caged_4_class,20240624_mc38_10x_uncaged_4_class,20240509_Hs675Tfibroblasts_10x_caged_4_class,20250108_neuron-adhered_10x_uncaged_4_class,20250305_neuron-adhered_10x_uncaged_4_class"
20260316_a549-tomm20-gfp-adhered_10x_caged_at_4x_4_class,test_ds,0.722,lora_r32_0.01_2025-neuron-adhered,"20240516_DC-adhered_10x_caged_4_class,20240422_neuron-adhered_10x_uncaged_4_class,20240703_neuron-adhered_10x_caged_4_class,20260316_a549-tomm20-gfp-adhered_10x_caged_at_4x_4_class,231212_imr90_multichannel_overlay_4_class,20250227_preadipocytes-adhered_10x_caged_4_class,20240624_mc38_10x_uncaged_4_class,20240509_Hs675Tfibroblasts_10x_caged_4_class,20250108_neuron-adhered_10x_uncaged_4_class,20250305_neuron-adhered_10x_uncaged_4_class"
231212_imr90_multichannel_overlay_4_class,test_ds,0.774,lora_r32_0.01_2025-neuron-adhered,"20240516_DC-adhered_10x_caged_4_class,20240422_neuron-adhered_10x_uncaged_4_class,20240703_neuron-adhered_10x_caged_4_class,20260316_a549-tomm20-gfp-adhered_10x_caged_at_4x_4_class,231212_imr90_multichannel_overlay_4_class,20250227_preadipocytes-adhered_10x_caged_4_class,20240624_mc38_10x_uncaged_4_class,20240509_Hs675Tfibroblasts_10x_caged_4_class,20250108_neuron-adhered_10x_uncaged_4_class,20250305_neuron-adhered_10x_uncaged_4_class"
240213_imr90_multichannel_overlay_4_class,test_ds,0.559,lora_r32_0.01_2025-neuron-adhered,"20240516_DC-adhered_10x_caged_4_class,20240422_neuron-adhered_10x_uncaged_4_class,20240703_neuron-adhered_10x_caged_4_class,20260316_a549-tomm20-gfp-adhered_10x_caged_at_4x_4_class,231212_imr90_multichannel_overlay_4_class,20250227_preadipocytes-adhered_10x_caged_4_class,20240624_mc38_10x_uncaged_4_class,20240509_Hs675Tfibroblasts_10x_caged_4_class,20250108_neuron-adhered_10x_uncaged_4_class,20250305_neuron-adhered_10x_uncaged_4_class"
20240516_DC-adhered_10x_caged_4_class,train_ds,0.668,lora_r32_0.1_2025-neuron-adhered,"20240516_DC-adhered_10x_caged_4_class,20240422_neuron-adhered_10x_uncaged_4_class,20240703_neuron-adhered_10x_caged_4_class,20260316_a549-tomm20-gfp-adhered_10x_caged_at_4x_4_class,231212_imr90_multichannel_overlay_4_class,20250227_preadipocytes-adhered_10x_caged_4_class,20240624_mc38_10x_uncaged_4_class,20240509_Hs675Tfibroblasts_10x_caged_4_class,20250108_neuron-adhered_10x_uncaged_4_class,20250305_neuron-adhered_10x_uncaged_4_class"
20240422_neuron-adhered_10x_uncaged_4_class,train_ds,0.551,lora_r32_0.1_2025-neuron-adhered,"20240516_DC-adhered_10x_caged_4_class,20240422_neuron-adhered_10x_uncaged_4_class,20240703_neuron-adhered_10x_caged_4_class,20260316_a549-tomm20-gfp-adhered_10x_caged_at_4x_4_class,231212_imr90_multichannel_overlay_4_class,20250227_preadipocytes-adhered_10x_caged_4_class,20240624_mc38_10x_uncaged_4_class,20240509_Hs675Tfibroblasts_10x_caged_4_class,20250108_neuron-adhered_10x_uncaged_4_class,20250305_neuron-adhered_10x_uncaged_4_class"
20240703_neuron-adhered_10x_caged_4_class,train_ds,0.49,lora_r32_0.1_2025-neuron-adhered,"20240516_DC-adhered_10x_caged_4_class,20240422_neuron-adhered_10x_uncaged_4_class,20240703_neuron-adhered_10x_caged_4_class,20260316_a549-tomm20-gfp-adhered_10x_caged_at_4x_4_class,231212_imr90_multichannel_overlay_4_class,20250227_preadipocytes-adhered_10x_caged_4_class,20240624_mc38_10x_uncaged_4_class,20240509_Hs675Tfibroblasts_10x_caged_4_class,20250108_neuron-adhered_10x_uncaged_4_class,20250305_neuron-adhered_10x_uncaged_4_class"
20260316_a549-tomm20-gfp-adhered_10x_caged_at_4x_4_class,train_ds,0.718,lora_r32_0.1_2025-neuron-adhered,"20240516_DC-adhered_10x_caged_4_class,20240422_neuron-adhered_10x_uncaged_4_class,20240703_neuron-adhered_10x_caged_4_class,20260316_a549-tomm20-gfp-adhered_10x_caged_at_4x_4_class,231212_imr90_multichannel_overlay_4_class,20250227_preadipocytes-adhered_10x_caged_4_class,20240624_mc38_10x_uncaged_4_class,20240509_Hs675Tfibroblasts_10x_caged_4_class,20250108_neuron-adhered_10x_uncaged_4_class,20250305_neuron-adhered_10x_uncaged_4_class"
231212_imr90_multichannel_overlay_4_class,train_ds,0.765,lora_r32_0.1_2025-neuron-adhered,"20240516_DC-adhered_10x_caged_4_class,20240422_neuron-adhered_10x_uncaged_4_class,20240703_neuron-adhered_10x_caged_4_class,20260316_a549-tomm20-gfp-adhered_10x_caged_at_4x_4_class,231212_imr90_multichannel_overlay_4_class,20250227_preadipocytes-adhered_10x_caged_4_class,20240624_mc38_10x_uncaged_4_class,20240509_Hs675Tfibroblasts_10x_caged_4_class,20250108_neuron-adhered_10x_uncaged_4_class,20250305_neuron-adhered_10x_uncaged_4_class"
20250227_preadipocytes-adhered_10x_caged_4_class,train_ds,0.491,lora_r32_0.1_2025-neuron-adhered,"20240516_DC-adhered_10x_caged_4_class,20240422_neuron-adhered_10x_uncaged_4_class,20240703_neuron-adhered_10x_caged_4_class,20260316_a549-tomm20-gfp-adhered_10x_caged_at_4x_4_class,231212_imr90_multichannel_overlay_4_class,20250227_preadipocytes-adhered_10x_caged_4_class,20240624_mc38_10x_uncaged_4_class,20240509_Hs675Tfibroblasts_10x_caged_4_class,20250108_neuron-adhered_10x_uncaged_4_class,20250305_neuron-adhered_10x_uncaged_4_class"
20240624_mc38_10x_uncaged_4_class,train_ds,0.7,lora_r32_0.1_2025-neuron-adhered,"20240516_DC-adhered_10x_caged_4_class,20240422_neuron-adhered_10x_uncaged_4_class,20240703_neuron-adhered_10x_caged_4_class,20260316_a549-tomm20-gfp-adhered_10x_caged_at_4x_4_class,231212_imr90_multichannel_overlay_4_class,20250227_preadipocytes-adhered_10x_caged_4_class,20240624_mc38_10x_uncaged_4_class,20240509_Hs675Tfibroblasts_10x_caged_4_class,20250108_neuron-adhered_10x_uncaged_4_class,20250305_neuron-adhered_10x_uncaged_4_class"
20240509_Hs675Tfibroblasts_10x_caged_4_class,train_ds,0.68,lora_r32_0.1_2025-neuron-adhered,"20240516_DC-adhered_10x_caged_4_class,20240422_neuron-adhered_10x_uncaged_4_class,20240703_neuron-adhered_10x_caged_4_class,20260316_a549-tomm20-gfp-adhered_10x_caged_at_4x_4_class,231212_imr90_multichannel_overlay_4_class,20250227_preadipocytes-adhered_10x_caged_4_class,20240624_mc38_10x_uncaged_4_class,20240509_Hs675Tfibroblasts_10x_caged_4_class,20250108_neuron-adhered_10x_uncaged_4_class,20250305_neuron-adhered_10x_uncaged_4_class"
20250108_neuron-adhered_10x_uncaged_4_class,train_ds,0.458,lora_r32_0.1_2025-neuron-adhered,"20240516_DC-adhered_10x_caged_4_class,20240422_neuron-adhered_10x_uncaged_4_class,20240703_neuron-adhered_10x_caged_4_class,20260316_a549-tomm20-gfp-adhered_10x_caged_at_4x_4_class,231212_imr90_multichannel_overlay_4_class,20250227_preadipocytes-adhered_10x_caged_4_class,20240624_mc38_10x_uncaged_4_class,20240509_Hs675Tfibroblasts_10x_caged_4_class,20250108_neuron-adhered_10x_uncaged_4_class,20250305_neuron-adhered_10x_uncaged_4_class"
20250305_neuron-adhered_10x_uncaged_4_class,train_ds,0.678,lora_r32_0.1_2025-neuron-adhered,"20240516_DC-adhered_10x_caged_4_class,20240422_neuron-adhered_10x_uncaged_4_class,20240703_neuron-adhered_10x_caged_4_class,20260316_a549-tomm20-gfp-adhered_10x_caged_at_4x_4_class,231212_imr90_multichannel_overlay_4_class,20250227_preadipocytes-adhered_10x_caged_4_class,20240624_mc38_10x_uncaged_4_class,20240509_Hs675Tfibroblasts_10x_caged_4_class,20250108_neuron-adhered_10x_uncaged_4_class,20250305_neuron-adhered_10x_uncaged_4_class"
20240422_neuron-adhered_10x_uncaged_4_class,test_ds,0.551,lora_r32_0.1_2025-neuron-adhered,"20240516_DC-adhered_10x_caged_4_class,20240422_neuron-adhered_10x_uncaged_4_class,20240703_neuron-adhered_10x_caged_4_class,20260316_a549-tomm20-gfp-adhered_10x_caged_at_4x_4_class,231212_imr90_multichannel_overlay_4_class,20250227_preadipocytes-adhered_10x_caged_4_class,20240624_mc38_10x_uncaged_4_class,20240509_Hs675Tfibroblasts_10x_caged_4_class,20250108_neuron-adhered_10x_uncaged_4_class,20250305_neuron-adhered_10x_uncaged_4_class"
20240509_Hs675Tfibroblasts_10x_caged_4_class,test_ds,0.68,lora_r32_0.1_2025-neuron-adhered,"20240516_DC-adhered_10x_caged_4_class,20240422_neuron-adhered_10x_uncaged_4_class,20240703_neuron-adhered_10x_caged_4_class,20260316_a549-tomm20-gfp-adhered_10x_caged_at_4x_4_class,231212_imr90_multichannel_overlay_4_class,20250227_preadipocytes-adhered_10x_caged_4_class,20240624_mc38_10x_uncaged_4_class,20240509_Hs675Tfibroblasts_10x_caged_4_class,20250108_neuron-adhered_10x_uncaged_4_class,20250305_neuron-adhered_10x_uncaged_4_class"
20240509_hela-adhered_10x_caged_4_class,test_ds,0.541,lora_r32_0.1_2025-neuron-adhered,"20240516_DC-adhered_10x_caged_4_class,20240422_neuron-adhered_10x_uncaged_4_class,20240703_neuron-adhered_10x_caged_4_class,20260316_a549-tomm20-gfp-adhered_10x_caged_at_4x_4_class,231212_imr90_multichannel_overlay_4_class,20250227_preadipocytes-adhered_10x_caged_4_class,20240624_mc38_10x_uncaged_4_class,20240509_Hs675Tfibroblasts_10x_caged_4_class,20250108_neuron-adhered_10x_uncaged_4_class,20250305_neuron-adhered_10x_uncaged_4_class"
20240515_DC-adhered_10x_caged_4_class,test_ds,0.667,lora_r32_0.1_2025-neuron-adhered,"20240516_DC-adhered_10x_caged_4_class,20240422_neuron-adhered_10x_uncaged_4_class,20240703_neuron-adhered_10x_caged_4_class,20260316_a549-tomm20-gfp-adhered_10x_caged_at_4x_4_class,231212_imr90_multichannel_overlay_4_class,20250227_preadipocytes-adhered_10x_caged_4_class,20240624_mc38_10x_uncaged_4_class,20240509_Hs675Tfibroblasts_10x_caged_4_class,20250108_neuron-adhered_10x_uncaged_4_class,20250305_neuron-adhered_10x_uncaged_4_class"
20240516_DC-adhered_10x_caged_4_class,test_ds,0.668,lora_r32_0.1_2025-neuron-adhered,"20240516_DC-adhered_10x_caged_4_class,20240422_neuron-adhered_10x_uncaged_4_class,20240703_neuron-adhered_10x_caged_4_class,20260316_a549-tomm20-gfp-adhered_10x_caged_at_4x_4_class,231212_imr90_multichannel_overlay_4_class,20250227_preadipocytes-adhered_10x_caged_4_class,20240624_mc38_10x_uncaged_4_class,20240509_Hs675Tfibroblasts_10x_caged_4_class,20250108_neuron-adhered_10x_uncaged_4_class,20250305_neuron-adhered_10x_uncaged_4_class"
20240624_mc38_10x_caged_4_class,test_ds,0.57,lora_r32_0.1_2025-neuron-adhered,"20240516_DC-adhered_10x_caged_4_class,20240422_neuron-adhered_10x_uncaged_4_class,20240703_neuron-adhered_10x_caged_4_class,20260316_a549-tomm20-gfp-adhered_10x_caged_at_4x_4_class,231212_imr90_multichannel_overlay_4_class,20250227_preadipocytes-adhered_10x_caged_4_class,20240624_mc38_10x_uncaged_4_class,20240509_Hs675Tfibroblasts_10x_caged_4_class,20250108_neuron-adhered_10x_uncaged_4_class,20250305_neuron-adhered_10x_uncaged_4_class"
20240624_mc38_10x_uncaged_4_class,test_ds,0.7,lora_r32_0.1_2025-neuron-adhered,"20240516_DC-adhered_10x_caged_4_class,20240422_neuron-adhered_10x_uncaged_4_class,20240703_neuron-adhered_10x_caged_4_class,20260316_a549-tomm20-gfp-adhered_10x_caged_at_4x_4_class,231212_imr90_multichannel_overlay_4_class,20250227_preadipocytes-adhered_10x_caged_4_class,20240624_mc38_10x_uncaged_4_class,20240509_Hs675Tfibroblasts_10x_caged_4_class,20250108_neuron-adhered_10x_uncaged_4_class,20250305_neuron-adhered_10x_uncaged_4_class"
20240625_mc38_10x_caged_4_class,test_ds,0.548,lora_r32_0.1_2025-neuron-adhered,"20240516_DC-adhered_10x_caged_4_class,20240422_neuron-adhered_10x_uncaged_4_class,20240703_neuron-adhered_10x_caged_4_class,20260316_a549-tomm20-gfp-adhered_10x_caged_at_4x_4_class,231212_imr90_multichannel_overlay_4_class,20250227_preadipocytes-adhered_10x_caged_4_class,20240624_mc38_10x_uncaged_4_class,20240509_Hs675Tfibroblasts_10x_caged_4_class,20250108_neuron-adhered_10x_uncaged_4_class,20250305_neuron-adhered_10x_uncaged_4_class"
20240703_neuron-adhered_10x_caged_4_class,test_ds,0.49,lora_r32_0.1_2025-neuron-adhered,"20240516_DC-adhered_10x_caged_4_class,20240422_neuron-adhered_10x_uncaged_4_class,20240703_neuron-adhered_10x_caged_4_class,20260316_a549-tomm20-gfp-adhered_10x_caged_at_4x_4_class,231212_imr90_multichannel_overlay_4_class,20250227_preadipocytes-adhered_10x_caged_4_class,20240624_mc38_10x_uncaged_4_class,20240509_Hs675Tfibroblasts_10x_caged_4_class,20250108_neuron-adhered_10x_uncaged_4_class,20250305_neuron-adhered_10x_uncaged_4_class"
20240704_neuron-adhered_10x_caged_4_class,test_ds,0.52,lora_r32_0.1_2025-neuron-adhered,"20240516_DC-adhered_10x_caged_4_class,20240422_neuron-adhered_10x_uncaged_4_class,20240703_neuron-adhered_10x_caged_4_class,20260316_a549-tomm20-gfp-adhered_10x_caged_at_4x_4_class,231212_imr90_multichannel_overlay_4_class,20250227_preadipocytes-adhered_10x_caged_4_class,20240624_mc38_10x_uncaged_4_class,20240509_Hs675Tfibroblasts_10x_caged_4_class,20250108_neuron-adhered_10x_uncaged_4_class,20250305_neuron-adhered_10x_uncaged_4_class"
20240905_u87-adhered_10x_caged_4_class,test_ds,0.522,lora_r32_0.1_2025-neuron-adhered,"20240516_DC-adhered_10x_caged_4_class,20240422_neuron-adhered_10x_uncaged_4_class,20240703_neuron-adhered_10x_caged_4_class,20260316_a549-tomm20-gfp-adhered_10x_caged_at_4x_4_class,231212_imr90_multichannel_overlay_4_class,20250227_preadipocytes-adhered_10x_caged_4_class,20240624_mc38_10x_uncaged_4_class,20240509_Hs675Tfibroblasts_10x_caged_4_class,20250108_neuron-adhered_10x_uncaged_4_class,20250305_neuron-adhered_10x_uncaged_4_class"
20240924_enteric-glia-adhered_10x_uncaged_4_class,test_ds,0.655,lora_r32_0.1_2025-neuron-adhered,"20240516_DC-adhered_10x_caged_4_class,20240422_neuron-adhered_10x_uncaged_4_class,20240703_neuron-adhered_10x_caged_4_class,20260316_a549-tomm20-gfp-adhered_10x_caged_at_4x_4_class,231212_imr90_multichannel_overlay_4_class,20250227_preadipocytes-adhered_10x_caged_4_class,20240624_mc38_10x_uncaged_4_class,20240509_Hs675Tfibroblasts_10x_caged_4_class,20250108_neuron-adhered_10x_uncaged_4_class,20250305_neuron-adhered_10x_uncaged_4_class"
20241212_preadipocytes-adhered_10x_uncaged_4_class,test_ds,0.349,lora_r32_0.1_2025-neuron-adhered,"20240516_DC-adhered_10x_caged_4_class,20240422_neuron-adhered_10x_uncaged_4_class,20240703_neuron-adhered_10x_caged_4_class,20260316_a549-tomm20-gfp-adhered_10x_caged_at_4x_4_class,231212_imr90_multichannel_overlay_4_class,20250227_preadipocytes-adhered_10x_caged_4_class,20240624_mc38_10x_uncaged_4_class,20240509_Hs675Tfibroblasts_10x_caged_4_class,20250108_neuron-adhered_10x_uncaged_4_class,20250305_neuron-adhered_10x_uncaged_4_class"
20250108_neuron-adhered_10x_uncaged_4_class,test_ds,0.458,lora_r32_0.1_2025-neuron-adhered,"20240516_DC-adhered_10x_caged_4_class,20240422_neuron-adhered_10x_uncaged_4_class,20240703_neuron-adhered_10x_caged_4_class,20260316_a549-tomm20-gfp-adhered_10x_caged_at_4x_4_class,231212_imr90_multichannel_overlay_4_class,20250227_preadipocytes-adhered_10x_caged_4_class,20240624_mc38_10x_uncaged_4_class,20240509_Hs675Tfibroblasts_10x_caged_4_class,20250108_neuron-adhered_10x_uncaged_4_class,20250305_neuron-adhered_10x_uncaged_4_class"
20250227_preadipocytes-adhered_10x_caged_4_class,test_ds,0.491,lora_r32_0.1_2025-neuron-adhered,"20240516_DC-adhered_10x_caged_4_class,20240422_neuron-adhered_10x_uncaged_4_class,20240703_neuron-adhered_10x_caged_4_class,20260316_a549-tomm20-gfp-adhered_10x_caged_at_4x_4_class,231212_imr90_multichannel_overlay_4_class,20250227_preadipocytes-adhered_10x_caged_4_class,20240624_mc38_10x_uncaged_4_class,20240509_Hs675Tfibroblasts_10x_caged_4_class,20250108_neuron-adhered_10x_uncaged_4_class,20250305_neuron-adhered_10x_uncaged_4_class"
20250305_neuron-adhered_10x_uncaged_4_class,test_ds,0.678,lora_r32_0.1_2025-neuron-adhered,"20240516_DC-adhered_10x_caged_4_class,20240422_neuron-adhered_10x_uncaged_4_class,20240703_neuron-adhered_10x_caged_4_class,20260316_a549-tomm20-gfp-adhered_10x_caged_at_4x_4_class,231212_imr90_multichannel_overlay_4_class,20250227_preadipocytes-adhered_10x_caged_4_class,20240624_mc38_10x_uncaged_4_class,20240509_Hs675Tfibroblasts_10x_caged_4_class,20250108_neuron-adhered_10x_uncaged_4_class,20250305_neuron-adhered_10x_uncaged_4_class"
20250820_c8d1a_astrocytes-adherent_10x_caged_4_class,test_ds,0.511,lora_r32_0.1_2025-neuron-adhered,"20240516_DC-adhered_10x_caged_4_class,20240422_neuron-adhered_10x_uncaged_4_class,20240703_neuron-adhered_10x_caged_4_class,20260316_a549-tomm20-gfp-adhered_10x_caged_at_4x_4_class,231212_imr90_multichannel_overlay_4_class,20250227_preadipocytes-adhered_10x_caged_4_class,20240624_mc38_10x_uncaged_4_class,20240509_Hs675Tfibroblasts_10x_caged_4_class,20250108_neuron-adhered_10x_uncaged_4_class,20250305_neuron-adhered_10x_uncaged_4_class"
20250917_moc22-adhered_10x_caged_4_class,test_ds,0.501,lora_r32_0.1_2025-neuron-adhered,"20240516_DC-adhered_10x_caged_4_class,20240422_neuron-adhered_10x_uncaged_4_class,20240703_neuron-adhered_10x_caged_4_class,20260316_a549-tomm20-gfp-adhered_10x_caged_at_4x_4_class,231212_imr90_multichannel_overlay_4_class,20250227_preadipocytes-adhered_10x_caged_4_class,20240624_mc38_10x_uncaged_4_class,20240509_Hs675Tfibroblasts_10x_caged_4_class,20250108_neuron-adhered_10x_uncaged_4_class,20250305_neuron-adhered_10x_uncaged_4_class"
20260316_a549-tomm20-gfp-adhered_10x_caged_at_4x_4_class,test_ds,0.718,lora_r32_0.1_2025-neuron-adhered,"20240516_DC-adhered_10x_caged_4_class,20240422_neuron-adhered_10x_uncaged_4_class,20240703_neuron-adhered_10x_caged_4_class,20260316_a549-tomm20-gfp-adhered_10x_caged_at_4x_4_class,231212_imr90_multichannel_overlay_4_class,20250227_preadipocytes-adhered_10x_caged_4_class,20240624_mc38_10x_uncaged_4_class,20240509_Hs675Tfibroblasts_10x_caged_4_class,20250108_neuron-adhered_10x_uncaged_4_class,20250305_neuron-adhered_10x_uncaged_4_class"
231212_imr90_multichannel_overlay_4_class,test_ds,0.765,lora_r32_0.1_2025-neuron-adhered,"20240516_DC-adhered_10x_caged_4_class,20240422_neuron-adhered_10x_uncaged_4_class,20240703_neuron-adhered_10x_caged_4_class,20260316_a549-tomm20-gfp-adhered_10x_caged_at_4x_4_class,231212_imr90_multichannel_overlay_4_class,20250227_preadipocytes-adhered_10x_caged_4_class,20240624_mc38_10x_uncaged_4_class,20240509_Hs675Tfibroblasts_10x_caged_4_class,20250108_neuron-adhered_10x_uncaged_4_class,20250305_neuron-adhered_10x_uncaged_4_class"
240213_imr90_multichannel_overlay_4_class,test_ds,0.535,lora_r32_0.1_2025-neuron-adhered,"20240516_DC-adhered_10x_caged_4_class,20240422_neuron-adhered_10x_uncaged_4_class,20240703_neuron-adhered_10x_caged_4_class,20260316_a549-tomm20-gfp-adhered_10x_caged_at_4x_4_class,231212_imr90_multichannel_overlay_4_class,20250227_preadipocytes-adhered_10x_caged_4_class,20240624_mc38_10x_uncaged_4_class,20240509_Hs675Tfibroblasts_10x_caged_4_class,20250108_neuron-adhered_10x_uncaged_4_class,20250305_neuron-adhered_10x_uncaged_4_class"
20240516_DC-adhered_10x_caged_4_class,train_ds,0.691,lora_r32_0.25_2025-neuron-adhered,"20240516_DC-adhered_10x_caged_4_class,20240422_neuron-adhered_10x_uncaged_4_class,20240703_neuron-adhered_10x_caged_4_class,20260316_a549-tomm20-gfp-adhered_10x_caged_at_4x_4_class,231212_imr90_multichannel_overlay_4_class,20250227_preadipocytes-adhered_10x_caged_4_class,20240624_mc38_10x_uncaged_4_class,20240509_Hs675Tfibroblasts_10x_caged_4_class,20250108_neuron-adhered_10x_uncaged_4_class,20250305_neuron-adhered_10x_uncaged_4_class"
20240422_neuron-adhered_10x_uncaged_4_class,train_ds,0.543,lora_r32_0.25_2025-neuron-adhered,"20240516_DC-adhered_10x_caged_4_class,20240422_neuron-adhered_10x_uncaged_4_class,20240703_neuron-adhered_10x_caged_4_class,20260316_a549-tomm20-gfp-adhered_10x_caged_at_4x_4_class,231212_imr90_multichannel_overlay_4_class,20250227_preadipocytes-adhered_10x_caged_4_class,20240624_mc38_10x_uncaged_4_class,20240509_Hs675Tfibroblasts_10x_caged_4_class,20250108_neuron-adhered_10x_uncaged_4_class,20250305_neuron-adhered_10x_uncaged_4_class"
20240703_neuron-adhered_10x_caged_4_class,train_ds,0.492,lora_r32_0.25_2025-neuron-adhered,"20240516_DC-adhered_10x_caged_4_class,20240422_neuron-adhered_10x_uncaged_4_class,20240703_neuron-adhered_10x_caged_4_class,20260316_a549-tomm20-gfp-adhered_10x_caged_at_4x_4_class,231212_imr90_multichannel_overlay_4_class,20250227_preadipocytes-adhered_10x_caged_4_class,20240624_mc38_10x_uncaged_4_class,20240509_Hs675Tfibroblasts_10x_caged_4_class,20250108_neuron-adhered_10x_uncaged_4_class,20250305_neuron-adhered_10x_uncaged_4_class"
20260316_a549-tomm20-gfp-adhered_10x_caged_at_4x_4_class,train_ds,0.721,lora_r32_0.25_2025-neuron-adhered,"20240516_DC-adhered_10x_caged_4_class,20240422_neuron-adhered_10x_uncaged_4_class,20240703_neuron-adhered_10x_caged_4_class,20260316_a549-tomm20-gfp-adhered_10x_caged_at_4x_4_class,231212_imr90_multichannel_overlay_4_class,20250227_preadipocytes-adhered_10x_caged_4_class,20240624_mc38_10x_uncaged_4_class,20240509_Hs675Tfibroblasts_10x_caged_4_class,20250108_neuron-adhered_10x_uncaged_4_class,20250305_neuron-adhered_10x_uncaged_4_class"
231212_imr90_multichannel_overlay_4_class,train_ds,0.766,lora_r32_0.25_2025-neuron-adhered,"20240516_DC-adhered_10x_caged_4_class,20240422_neuron-adhered_10x_uncaged_4_class,20240703_neuron-adhered_10x_caged_4_class,20260316_a549-tomm20-gfp-adhered_10x_caged_at_4x_4_class,231212_imr90_multichannel_overlay_4_class,20250227_preadipocytes-adhered_10x_caged_4_class,20240624_mc38_10x_uncaged_4_class,20240509_Hs675Tfibroblasts_10x_caged_4_class,20250108_neuron-adhered_10x_uncaged_4_class,20250305_neuron-adhered_10x_uncaged_4_class"
20250227_preadipocytes-adhered_10x_caged_4_class,train_ds,0.487,lora_r32_0.25_2025-neuron-adhered,"20240516_DC-adhered_10x_caged_4_class,20240422_neuron-adhered_10x_uncaged_4_class,20240703_neuron-adhered_10x_caged_4_class,20260316_a549-tomm20-gfp-adhered_10x_caged_at_4x_4_class,231212_imr90_multichannel_overlay_4_class,20250227_preadipocytes-adhered_10x_caged_4_class,20240624_mc38_10x_uncaged_4_class,20240509_Hs675Tfibroblasts_10x_caged_4_class,20250108_neuron-adhered_10x_uncaged_4_class,20250305_neuron-adhered_10x_uncaged_4_class"
20240624_mc38_10x_uncaged_4_class,train_ds,0.697,lora_r32_0.25_2025-neuron-adhered,"20240516_DC-adhered_10x_caged_4_class,20240422_neuron-adhered_10x_uncaged_4_class,20240703_neuron-adhered_10x_caged_4_class,20260316_a549-tomm20-gfp-adhered_10x_caged_at_4x_4_class,231212_imr90_multichannel_overlay_4_class,20250227_preadipocytes-adhered_10x_caged_4_class,20240624_mc38_10x_uncaged_4_class,20240509_Hs675Tfibroblasts_10x_caged_4_class,20250108_neuron-adhered_10x_uncaged_4_class,20250305_neuron-adhered_10x_uncaged_4_class"
20240509_Hs675Tfibroblasts_10x_caged_4_class,train_ds,0.679,lora_r32_0.25_2025-neuron-adhered,"20240516_DC-adhered_10x_caged_4_class,20240422_neuron-adhered_10x_uncaged_4_class,20240703_neuron-adhered_10x_caged_4_class,20260316_a549-tomm20-gfp-adhered_10x_caged_at_4x_4_class,231212_imr90_multichannel_overlay_4_class,20250227_preadipocytes-adhered_10x_caged_4_class,20240624_mc38_10x_uncaged_4_class,20240509_Hs675Tfibroblasts_10x_caged_4_class,20250108_neuron-adhered_10x_uncaged_4_class,20250305_neuron-adhered_10x_uncaged_4_class"
20250108_neuron-adhered_10x_uncaged_4_class,train_ds,0.52,lora_r32_0.25_2025-neuron-adhered,"20240516_DC-adhered_10x_caged_4_class,20240422_neuron-adhered_10x_uncaged_4_class,20240703_neuron-adhered_10x_caged_4_class,20260316_a549-tomm20-gfp-adhered_10x_caged_at_4x_4_class,231212_imr90_multichannel_overlay_4_class,20250227_preadipocytes-adhered_10x_caged_4_class,20240624_mc38_10x_uncaged_4_class,20240509_Hs675Tfibroblasts_10x_caged_4_class,20250108_neuron-adhered_10x_uncaged_4_class,20250305_neuron-adhered_10x_uncaged_4_class"
20250305_neuron-adhered_10x_uncaged_4_class,train_ds,0.703,lora_r32_0.25_2025-neuron-adhered,"20240516_DC-adhered_10x_caged_4_class,20240422_neuron-adhered_10x_uncaged_4_class,20240703_neuron-adhered_10x_caged_4_class,20260316_a549-tomm20-gfp-adhered_10x_caged_at_4x_4_class,231212_imr90_multichannel_overlay_4_class,20250227_preadipocytes-adhered_10x_caged_4_class,20240624_mc38_10x_uncaged_4_class,20240509_Hs675Tfibroblasts_10x_caged_4_class,20250108_neuron-adhered_10x_uncaged_4_class,20250305_neuron-adhered_10x_uncaged_4_class"
20240422_neuron-adhered_10x_uncaged_4_class,test_ds,0.543,lora_r32_0.25_2025-neuron-adhered,"20240516_DC-adhered_10x_caged_4_class,20240422_neuron-adhered_10x_uncaged_4_class,20240703_neuron-adhered_10x_caged_4_class,20260316_a549-tomm20-gfp-adhered_10x_caged_at_4x_4_class,231212_imr90_multichannel_overlay_4_class,20250227_preadipocytes-adhered_10x_caged_4_class,20240624_mc38_10x_uncaged_4_class,20240509_Hs675Tfibroblasts_10x_caged_4_class,20250108_neuron-adhered_10x_uncaged_4_class,20250305_neuron-adhered_10x_uncaged_4_class"
20240509_Hs675Tfibroblasts_10x_caged_4_class,test_ds,0.679,lora_r32_0.25_2025-neuron-adhered,"20240516_DC-adhered_10x_caged_4_class,20240422_neuron-adhered_10x_uncaged_4_class,20240703_neuron-adhered_10x_caged_4_class,20260316_a549-tomm20-gfp-adhered_10x_caged_at_4x_4_class,231212_imr90_multichannel_overlay_4_class,20250227_preadipocytes-adhered_10x_caged_4_class,20240624_mc38_10x_uncaged_4_class,20240509_Hs675Tfibroblasts_10x_caged_4_class,20250108_neuron-adhered_10x_uncaged_4_class,20250305_neuron-adhered_10x_uncaged_4_class"
20240509_hela-adhered_10x_caged_4_class,test_ds,0.537,lora_r32_0.25_2025-neuron-adhered,"20240516_DC-adhered_10x_caged_4_class,20240422_neuron-adhered_10x_uncaged_4_class,20240703_neuron-adhered_10x_caged_4_class,20260316_a549-tomm20-gfp-adhered_10x_caged_at_4x_4_class,231212_imr90_multichannel_overlay_4_class,20250227_preadipocytes-adhered_10x_caged_4_class,20240624_mc38_10x_uncaged_4_class,20240509_Hs675Tfibroblasts_10x_caged_4_class,20250108_neuron-adhered_10x_uncaged_4_class,20250305_neuron-adhered_10x_uncaged_4_class"
20240515_DC-adhered_10x_caged_4_class,test_ds,0.676,lora_r32_0.25_2025-neuron-adhered,"20240516_DC-adhered_10x_caged_4_class,20240422_neuron-adhered_10x_uncaged_4_class,20240703_neuron-adhered_10x_caged_4_class,20260316_a549-tomm20-gfp-adhered_10x_caged_at_4x_4_class,231212_imr90_multichannel_overlay_4_class,20250227_preadipocytes-adhered_10x_caged_4_class,20240624_mc38_10x_uncaged_4_class,20240509_Hs675Tfibroblasts_10x_caged_4_class,20250108_neuron-adhered_10x_uncaged_4_class,20250305_neuron-adhered_10x_uncaged_4_class"
20240516_DC-adhered_10x_caged_4_class,test_ds,0.691,lora_r32_0.25_2025-neuron-adhered,"20240516_DC-adhered_10x_caged_4_class,20240422_neuron-adhered_10x_uncaged_4_class,20240703_neuron-adhered_10x_caged_4_class,20260316_a549-tomm20-gfp-adhered_10x_caged_at_4x_4_class,231212_imr90_multichannel_overlay_4_class,20250227_preadipocytes-adhered_10x_caged_4_class,20240624_mc38_10x_uncaged_4_class,20240509_Hs675Tfibroblasts_10x_caged_4_class,20250108_neuron-adhered_10x_uncaged_4_class,20250305_neuron-adhered_10x_uncaged_4_class"
20240624_mc38_10x_caged_4_class,test_ds,0.559,lora_r32_0.25_2025-neuron-adhered,"20240516_DC-adhered_10x_caged_4_class,20240422_neuron-adhered_10x_uncaged_4_class,20240703_neuron-adhered_10x_caged_4_class,20260316_a549-tomm20-gfp-adhered_10x_caged_at_4x_4_class,231212_imr90_multichannel_overlay_4_class,20250227_preadipocytes-adhered_10x_caged_4_class,20240624_mc38_10x_uncaged_4_class,20240509_Hs675Tfibroblasts_10x_caged_4_class,20250108_neuron-adhered_10x_uncaged_4_class,20250305_neuron-adhered_10x_uncaged_4_class"
20240624_mc38_10x_uncaged_4_class,test_ds,0.697,lora_r32_0.25_2025-neuron-adhered,"20240516_DC-adhered_10x_caged_4_class,20240422_neuron-adhered_10x_uncaged_4_class,20240703_neuron-adhered_10x_caged_4_class,20260316_a549-tomm20-gfp-adhered_10x_caged_at_4x_4_class,231212_imr90_multichannel_overlay_4_class,20250227_preadipocytes-adhered_10x_caged_4_class,20240624_mc38_10x_uncaged_4_class,20240509_Hs675Tfibroblasts_10x_caged_4_class,20250108_neuron-adhered_10x_uncaged_4_class,20250305_neuron-adhered_10x_uncaged_4_class"
20240625_mc38_10x_caged_4_class,test_ds,0.559,lora_r32_0.25_2025-neuron-adhered,"20240516_DC-adhered_10x_caged_4_class,20240422_neuron-adhered_10x_uncaged_4_class,20240703_neuron-adhered_10x_caged_4_class,20260316_a549-tomm20-gfp-adhered_10x_caged_at_4x_4_class,231212_imr90_multichannel_overlay_4_class,20250227_preadipocytes-adhered_10x_caged_4_class,20240624_mc38_10x_uncaged_4_class,20240509_Hs675Tfibroblasts_10x_caged_4_class,20250108_neuron-adhered_10x_uncaged_4_class,20250305_neuron-adhered_10x_uncaged_4_class"
20240703_neuron-adhered_10x_caged_4_class,test_ds,0.492,lora_r32_0.25_2025-neuron-adhered,"20240516_DC-adhered_10x_caged_4_class,20240422_neuron-adhered_10x_uncaged_4_class,20240703_neuron-adhered_10x_caged_4_class,20260316_a549-tomm20-gfp-adhered_10x_caged_at_4x_4_class,231212_imr90_multichannel_overlay_4_class,20250227_preadipocytes-adhered_10x_caged_4_class,20240624_mc38_10x_uncaged_4_class,20240509_Hs675Tfibroblasts_10x_caged_4_class,20250108_neuron-adhered_10x_uncaged_4_class,20250305_neuron-adhered_10x_uncaged_4_class"
20240704_neuron-adhered_10x_caged_4_class,test_ds,0.517,lora_r32_0.25_2025-neuron-adhered,"20240516_DC-adhered_10x_caged_4_class,20240422_neuron-adhered_10x_uncaged_4_class,20240703_neuron-adhered_10x_caged_4_class,20260316_a549-tomm20-gfp-adhered_10x_caged_at_4x_4_class,231212_imr90_multichannel_overlay_4_class,20250227_preadipocytes-adhered_10x_caged_4_class,20240624_mc38_10x_uncaged_4_class,20240509_Hs675Tfibroblasts_10x_caged_4_class,20250108_neuron-adhered_10x_uncaged_4_class,20250305_neuron-adhered_10x_uncaged_4_class"
20240905_u87-adhered_10x_caged_4_class,test_ds,0.514,lora_r32_0.25_2025-neuron-adhered,"20240516_DC-adhered_10x_caged_4_class,20240422_neuron-adhered_10x_uncaged_4_class,20240703_neuron-adhered_10x_caged_4_class,20260316_a549-tomm20-gfp-adhered_10x_caged_at_4x_4_class,231212_imr90_multichannel_overlay_4_class,20250227_preadipocytes-adhered_10x_caged_4_class,20240624_mc38_10x_uncaged_4_class,20240509_Hs675Tfibroblasts_10x_caged_4_class,20250108_neuron-adhered_10x_uncaged_4_class,20250305_neuron-adhered_10x_uncaged_4_class"
20240924_enteric-glia-adhered_10x_uncaged_4_class,test_ds,0.652,lora_r32_0.25_2025-neuron-adhered,"20240516_DC-adhered_10x_caged_4_class,20240422_neuron-adhered_10x_uncaged_4_class,20240703_neuron-adhered_10x_caged_4_class,20260316_a549-tomm20-gfp-adhered_10x_caged_at_4x_4_class,231212_imr90_multichannel_overlay_4_class,20250227_preadipocytes-adhered_10x_caged_4_class,20240624_mc38_10x_uncaged_4_class,20240509_Hs675Tfibroblasts_10x_caged_4_class,20250108_neuron-adhered_10x_uncaged_4_class,20250305_neuron-adhered_10x_uncaged_4_class"
20241212_preadipocytes-adhered_10x_uncaged_4_class,test_ds,0.346,lora_r32_0.25_2025-neuron-adhered,"20240516_DC-adhered_10x_caged_4_class,20240422_neuron-adhered_10x_uncaged_4_class,20240703_neuron-adhered_10x_caged_4_class,20260316_a549-tomm20-gfp-adhered_10x_caged_at_4x_4_class,231212_imr90_multichannel_overlay_4_class,20250227_preadipocytes-adhered_10x_caged_4_class,20240624_mc38_10x_uncaged_4_class,20240509_Hs675Tfibroblasts_10x_caged_4_class,20250108_neuron-adhered_10x_uncaged_4_class,20250305_neuron-adhered_10x_uncaged_4_class"
20250108_neuron-adhered_10x_uncaged_4_class,test_ds,0.52,lora_r32_0.25_2025-neuron-adhered,"20240516_DC-adhered_10x_caged_4_class,20240422_neuron-adhered_10x_uncaged_4_class,20240703_neuron-adhered_10x_caged_4_class,20260316_a549-tomm20-gfp-adhered_10x_caged_at_4x_4_class,231212_imr90_multichannel_overlay_4_class,20250227_preadipocytes-adhered_10x_caged_4_class,20240624_mc38_10x_uncaged_4_class,20240509_Hs675Tfibroblasts_10x_caged_4_class,20250108_neuron-adhered_10x_uncaged_4_class,20250305_neuron-adhered_10x_uncaged_4_class"
20250227_preadipocytes-adhered_10x_caged_4_class,test_ds,0.487,lora_r32_0.25_2025-neuron-adhered,"20240516_DC-adhered_10x_caged_4_class,20240422_neuron-adhered_10x_uncaged_4_class,20240703_neuron-adhered_10x_caged_4_class,20260316_a549-tomm20-gfp-adhered_10x_caged_at_4x_4_class,231212_imr90_multichannel_overlay_4_class,20250227_preadipocytes-adhered_10x_caged_4_class,20240624_mc38_10x_uncaged_4_class,20240509_Hs675Tfibroblasts_10x_caged_4_class,20250108_neuron-adhered_10x_uncaged_4_class,20250305_neuron-adhered_10x_uncaged_4_class"
20250305_neuron-adhered_10x_uncaged_4_class,test_ds,0.703,lora_r32_0.25_2025-neuron-adhered,"20240516_DC-adhered_10x_caged_4_class,20240422_neuron-adhered_10x_uncaged_4_class,20240703_neuron-adhered_10x_caged_4_class,20260316_a549-tomm20-gfp-adhered_10x_caged_at_4x_4_class,231212_imr90_multichannel_overlay_4_class,20250227_preadipocytes-adhered_10x_caged_4_class,20240624_mc38_10x_uncaged_4_class,20240509_Hs675Tfibroblasts_10x_caged_4_class,20250108_neuron-adhered_10x_uncaged_4_class,20250305_neuron-adhered_10x_uncaged_4_class"
20250820_c8d1a_astrocytes-adherent_10x_caged_4_class,test_ds,0.511,lora_r32_0.25_2025-neuron-adhered,"20240516_DC-adhered_10x_caged_4_class,20240422_neuron-adhered_10x_uncaged_4_class,20240703_neuron-adhered_10x_caged_4_class,20260316_a549-tomm20-gfp-adhered_10x_caged_at_4x_4_class,231212_imr90_multichannel_overlay_4_class,20250227_preadipocytes-adhered_10x_caged_4_class,20240624_mc38_10x_uncaged_4_class,20240509_Hs675Tfibroblasts_10x_caged_4_class,20250108_neuron-adhered_10x_uncaged_4_class,20250305_neuron-adhered_10x_uncaged_4_class"
20250917_moc22-adhered_10x_caged_4_class,test_ds,0.534,lora_r32_0.25_2025-neuron-adhered,"20240516_DC-adhered_10x_caged_4_class,20240422_neuron-adhered_10x_uncaged_4_class,20240703_neuron-adhered_10x_caged_4_class,20260316_a549-tomm20-gfp-adhered_10x_caged_at_4x_4_class,231212_imr90_multichannel_overlay_4_class,20250227_preadipocytes-adhered_10x_caged_4_class,20240624_mc38_10x_uncaged_4_class,20240509_Hs675Tfibroblasts_10x_caged_4_class,20250108_neuron-adhered_10x_uncaged_4_class,20250305_neuron-adhered_10x_uncaged_4_class"
20260316_a549-tomm20-gfp-adhered_10x_caged_at_4x_4_class,test_ds,0.721,lora_r32_0.25_2025-neuron-adhered,"20240516_DC-adhered_10x_caged_4_class,20240422_neuron-adhered_10x_uncaged_4_class,20240703_neuron-adhered_10x_caged_4_class,20260316_a549-tomm20-gfp-adhered_10x_caged_at_4x_4_class,231212_imr90_multichannel_overlay_4_class,20250227_preadipocytes-adhered_10x_caged_4_class,20240624_mc38_10x_uncaged_4_class,20240509_Hs675Tfibroblasts_10x_caged_4_class,20250108_neuron-adhered_10x_uncaged_4_class,20250305_neuron-adhered_10x_uncaged_4_class"
231212_imr90_multichannel_overlay_4_class,test_ds,0.766,lora_r32_0.25_2025-neuron-adhered,"20240516_DC-adhered_10x_caged_4_class,20240422_neuron-adhered_10x_uncaged_4_class,20240703_neuron-adhered_10x_caged_4_class,20260316_a549-tomm20-gfp-adhered_10x_caged_at_4x_4_class,231212_imr90_multichannel_overlay_4_class,20250227_preadipocytes-adhered_10x_caged_4_class,20240624_mc38_10x_uncaged_4_class,20240509_Hs675Tfibroblasts_10x_caged_4_class,20250108_neuron-adhered_10x_uncaged_4_class,20250305_neuron-adhered_10x_uncaged_4_class"
240213_imr90_multichannel_overlay_4_class,test_ds,0.544,lora_r32_0.25_2025-neuron-adhered,"20240516_DC-adhered_10x_caged_4_class,20240422_neuron-adhered_10x_uncaged_4_class,20240703_neuron-adhered_10x_caged_4_class,20260316_a549-tomm20-gfp-adhered_10x_caged_at_4x_4_class,231212_imr90_multichannel_overlay_4_class,20250227_preadipocytes-adhered_10x_caged_4_class,20240624_mc38_10x_uncaged_4_class,20240509_Hs675Tfibroblasts_10x_caged_4_class,20250108_neuron-adhered_10x_uncaged_4_class,20250305_neuron-adhered_10x_uncaged_4_class"
20240516_DC-adhered_10x_caged_4_class,train_ds,0.685,lora_r32_0.5_2025-neuron-adhered,"20240516_DC-adhered_10x_caged_4_class,20240422_neuron-adhered_10x_uncaged_4_class,20240703_neuron-adhered_10x_caged_4_class,20260316_a549-tomm20-gfp-adhered_10x_caged_at_4x_4_class,231212_imr90_multichannel_overlay_4_class,20250227_preadipocytes-adhered_10x_caged_4_class,20240624_mc38_10x_uncaged_4_class,20240509_Hs675Tfibroblasts_10x_caged_4_class,20250108_neuron-adhered_10x_uncaged_4_class,20250305_neuron-adhered_10x_uncaged_4_class"
20240422_neuron-adhered_10x_uncaged_4_class,train_ds,0.543,lora_r32_0.5_2025-neuron-adhered,"20240516_DC-adhered_10x_caged_4_class,20240422_neuron-adhered_10x_uncaged_4_class,20240703_neuron-adhered_10x_caged_4_class,20260316_a549-tomm20-gfp-adhered_10x_caged_at_4x_4_class,231212_imr90_multichannel_overlay_4_class,20250227_preadipocytes-adhered_10x_caged_4_class,20240624_mc38_10x_uncaged_4_class,20240509_Hs675Tfibroblasts_10x_caged_4_class,20250108_neuron-adhered_10x_uncaged_4_class,20250305_neuron-adhered_10x_uncaged_4_class"
20240703_neuron-adhered_10x_caged_4_class,train_ds,0.455,lora_r32_0.5_2025-neuron-adhered,"20240516_DC-adhered_10x_caged_4_class,20240422_neuron-adhered_10x_uncaged_4_class,20240703_neuron-adhered_10x_caged_4_class,20260316_a549-tomm20-gfp-adhered_10x_caged_at_4x_4_class,231212_imr90_multichannel_overlay_4_class,20250227_preadipocytes-adhered_10x_caged_4_class,20240624_mc38_10x_uncaged_4_class,20240509_Hs675Tfibroblasts_10x_caged_4_class,20250108_neuron-adhered_10x_uncaged_4_class,20250305_neuron-adhered_10x_uncaged_4_class"
20260316_a549-tomm20-gfp-adhered_10x_caged_at_4x_4_class,train_ds,0.717,lora_r32_0.5_2025-neuron-adhered,"20240516_DC-adhered_10x_caged_4_class,20240422_neuron-adhered_10x_uncaged_4_class,20240703_neuron-adhered_10x_caged_4_class,20260316_a549-tomm20-gfp-adhered_10x_caged_at_4x_4_class,231212_imr90_multichannel_overlay_4_class,20250227_preadipocytes-adhered_10x_caged_4_class,20240624_mc38_10x_uncaged_4_class,20240509_Hs675Tfibroblasts_10x_caged_4_class,20250108_neuron-adhered_10x_uncaged_4_class,20250305_neuron-adhered_10x_uncaged_4_class"
231212_imr90_multichannel_overlay_4_class,train_ds,0.762,lora_r32_0.5_2025-neuron-adhered,"20240516_DC-adhered_10x_caged_4_class,20240422_neuron-adhered_10x_uncaged_4_class,20240703_neuron-adhered_10x_caged_4_class,20260316_a549-tomm20-gfp-adhered_10x_caged_at_4x_4_class,231212_imr90_multichannel_overlay_4_class,20250227_preadipocytes-adhered_10x_caged_4_class,20240624_mc38_10x_uncaged_4_class,20240509_Hs675Tfibroblasts_10x_caged_4_class,20250108_neuron-adhered_10x_uncaged_4_class,20250305_neuron-adhered_10x_uncaged_4_class"
20250227_preadipocytes-adhered_10x_caged_4_class,train_ds,0.48,lora_r32_0.5_2025-neuron-adhered,"20240516_DC-adhered_10x_caged_4_class,20240422_neuron-adhered_10x_uncaged_4_class,20240703_neuron-adhered_10x_caged_4_class,20260316_a549-tomm20-gfp-adhered_10x_caged_at_4x_4_class,231212_imr90_multichannel_overlay_4_class,20250227_preadipocytes-adhered_10x_caged_4_class,20240624_mc38_10x_uncaged_4_class,20240509_Hs675Tfibroblasts_10x_caged_4_class,20250108_neuron-adhered_10x_uncaged_4_class,20250305_neuron-adhered_10x_uncaged_4_class"
20240624_mc38_10x_uncaged_4_class,train_ds,0.695,lora_r32_0.5_2025-neuron-adhered,"20240516_DC-adhered_10x_caged_4_class,20240422_neuron-adhered_10x_uncaged_4_class,20240703_neuron-adhered_10x_caged_4_class,20260316_a549-tomm20-gfp-adhered_10x_caged_at_4x_4_class,231212_imr90_multichannel_overlay_4_class,20250227_preadipocytes-adhered_10x_caged_4_class,20240624_mc38_10x_uncaged_4_class,20240509_Hs675Tfibroblasts_10x_caged_4_class,20250108_neuron-adhered_10x_uncaged_4_class,20250305_neuron-adhered_10x_uncaged_4_class"
20240509_Hs675Tfibroblasts_10x_caged_4_class,train_ds,0.672,lora_r32_0.5_2025-neuron-adhered,"20240516_DC-adhered_10x_caged_4_class,20240422_neuron-adhered_10x_uncaged_4_class,20240703_neuron-adhered_10x_caged_4_class,20260316_a549-tomm20-gfp-adhered_10x_caged_at_4x_4_class,231212_imr90_multichannel_overlay_4_class,20250227_preadipocytes-adhered_10x_caged_4_class,20240624_mc38_10x_uncaged_4_class,20240509_Hs675Tfibroblasts_10x_caged_4_class,20250108_neuron-adhered_10x_uncaged_4_class,20250305_neuron-adhered_10x_uncaged_4_class"
20250108_neuron-adhered_10x_uncaged_4_class,train_ds,0.535,lora_r32_0.5_2025-neuron-adhered,"20240516_DC-adhered_10x_caged_4_class,20240422_neuron-adhered_10x_uncaged_4_class,20240703_neuron-adhered_10x_caged_4_class,20260316_a549-tomm20-gfp-adhered_10x_caged_at_4x_4_class,231212_imr90_multichannel_overlay_4_class,20250227_preadipocytes-adhered_10x_caged_4_class,20240624_mc38_10x_uncaged_4_class,20240509_Hs675Tfibroblasts_10x_caged_4_class,20250108_neuron-adhered_10x_uncaged_4_class,20250305_neuron-adhered_10x_uncaged_4_class"
20250305_neuron-adhered_10x_uncaged_4_class,train_ds,0.706,lora_r32_0.5_2025-neuron-adhered,"20240516_DC-adhered_10x_caged_4_class,20240422_neuron-adhered_10x_uncaged_4_class,20240703_neuron-adhered_10x_caged_4_class,20260316_a549-tomm20-gfp-adhered_10x_caged_at_4x_4_class,231212_imr90_multichannel_overlay_4_class,20250227_preadipocytes-adhered_10x_caged_4_class,20240624_mc38_10x_uncaged_4_class,20240509_Hs675Tfibroblasts_10x_caged_4_class,20250108_neuron-adhered_10x_uncaged_4_class,20250305_neuron-adhered_10x_uncaged_4_class"
20240422_neuron-adhered_10x_uncaged_4_class,test_ds,0.543,lora_r32_0.5_2025-neuron-adhered,"20240516_DC-adhered_10x_caged_4_class,20240422_neuron-adhered_10x_uncaged_4_class,20240703_neuron-adhered_10x_caged_4_class,20260316_a549-tomm20-gfp-adhered_10x_caged_at_4x_4_class,231212_imr90_multichannel_overlay_4_class,20250227_preadipocytes-adhered_10x_caged_4_class,20240624_mc38_10x_uncaged_4_class,20240509_Hs675Tfibroblasts_10x_caged_4_class,20250108_neuron-adhered_10x_uncaged_4_class,20250305_neuron-adhered_10x_uncaged_4_class"
20240509_Hs675Tfibroblasts_10x_caged_4_class,test_ds,0.672,lora_r32_0.5_2025-neuron-adhered,"20240516_DC-adhered_10x_caged_4_class,20240422_neuron-adhered_10x_uncaged_4_class,20240703_neuron-adhered_10x_caged_4_class,20260316_a549-tomm20-gfp-adhered_10x_caged_at_4x_4_class,231212_imr90_multichannel_overlay_4_class,20250227_preadipocytes-adhered_10x_caged_4_class,20240624_mc38_10x_uncaged_4_class,20240509_Hs675Tfibroblasts_10x_caged_4_class,20250108_neuron-adhered_10x_uncaged_4_class,20250305_neuron-adhered_10x_uncaged_4_class"
20240509_hela-adhered_10x_caged_4_class,test_ds,0.534,lora_r32_0.5_2025-neuron-adhered,"20240516_DC-adhered_10x_caged_4_class,20240422_neuron-adhered_10x_uncaged_4_class,20240703_neuron-adhered_10x_caged_4_class,20260316_a549-tomm20-gfp-adhered_10x_caged_at_4x_4_class,231212_imr90_multichannel_overlay_4_class,20250227_preadipocytes-adhered_10x_caged_4_class,20240624_mc38_10x_uncaged_4_class,20240509_Hs675Tfibroblasts_10x_caged_4_class,20250108_neuron-adhered_10x_uncaged_4_class,20250305_neuron-adhered_10x_uncaged_4_class"
20240515_DC-adhered_10x_caged_4_class,test_ds,0.671,lora_r32_0.5_2025-neuron-adhered,"20240516_DC-adhered_10x_caged_4_class,20240422_neuron-adhered_10x_uncaged_4_class,20240703_neuron-adhered_10x_caged_4_class,20260316_a549-tomm20-gfp-adhered_10x_caged_at_4x_4_class,231212_imr90_multichannel_overlay_4_class,20250227_preadipocytes-adhered_10x_caged_4_class,20240624_mc38_10x_uncaged_4_class,20240509_Hs675Tfibroblasts_10x_caged_4_class,20250108_neuron-adhered_10x_uncaged_4_class,20250305_neuron-adhered_10x_uncaged_4_class"
20240516_DC-adhered_10x_caged_4_class,test_ds,0.685,lora_r32_0.5_2025-neuron-adhered,"20240516_DC-adhered_10x_caged_4_class,20240422_neuron-adhered_10x_uncaged_4_class,20240703_neuron-adhered_10x_caged_4_class,20260316_a549-tomm20-gfp-adhered_10x_caged_at_4x_4_class,231212_imr90_multichannel_overlay_4_class,20250227_preadipocytes-adhered_10x_caged_4_class,20240624_mc38_10x_uncaged_4_class,20240509_Hs675Tfibroblasts_10x_caged_4_class,20250108_neuron-adhered_10x_uncaged_4_class,20250305_neuron-adhered_10x_uncaged_4_class"
20240624_mc38_10x_caged_4_class,test_ds,0.557,lora_r32_0.5_2025-neuron-adhered,"20240516_DC-adhered_10x_caged_4_class,20240422_neuron-adhered_10x_uncaged_4_class,20240703_neuron-adhered_10x_caged_4_class,20260316_a549-tomm20-gfp-adhered_10x_caged_at_4x_4_class,231212_imr90_multichannel_overlay_4_class,20250227_preadipocytes-adhered_10x_caged_4_class,20240624_mc38_10x_uncaged_4_class,20240509_Hs675Tfibroblasts_10x_caged_4_class,20250108_neuron-adhered_10x_uncaged_4_class,20250305_neuron-adhered_10x_uncaged_4_class"
20240624_mc38_10x_uncaged_4_class,test_ds,0.695,lora_r32_0.5_2025-neuron-adhered,"20240516_DC-adhered_10x_caged_4_class,20240422_neuron-adhered_10x_uncaged_4_class,20240703_neuron-adhered_10x_caged_4_class,20260316_a549-tomm20-gfp-adhered_10x_caged_at_4x_4_class,231212_imr90_multichannel_overlay_4_class,20250227_preadipocytes-adhered_10x_caged_4_class,20240624_mc38_10x_uncaged_4_class,20240509_Hs675Tfibroblasts_10x_caged_4_class,20250108_neuron-adhered_10x_uncaged_4_class,20250305_neuron-adhered_10x_uncaged_4_class"
20240625_mc38_10x_caged_4_class,test_ds,0.561,lora_r32_0.5_2025-neuron-adhered,"20240516_DC-adhered_10x_caged_4_class,20240422_neuron-adhered_10x_uncaged_4_class,20240703_neuron-adhered_10x_caged_4_class,20260316_a549-tomm20-gfp-adhered_10x_caged_at_4x_4_class,231212_imr90_multichannel_overlay_4_class,20250227_preadipocytes-adhered_10x_caged_4_class,20240624_mc38_10x_uncaged_4_class,20240509_Hs675Tfibroblasts_10x_caged_4_class,20250108_neuron-adhered_10x_uncaged_4_class,20250305_neuron-adhered_10x_uncaged_4_class"
20240703_neuron-adhered_10x_caged_4_class,test_ds,0.455,lora_r32_0.5_2025-neuron-adhered,"20240516_DC-adhered_10x_caged_4_class,20240422_neuron-adhered_10x_uncaged_4_class,20240703_neuron-adhered_10x_caged_4_class,20260316_a549-tomm20-gfp-adhered_10x_caged_at_4x_4_class,231212_imr90_multichannel_overlay_4_class,20250227_preadipocytes-adhered_10x_caged_4_class,20240624_mc38_10x_uncaged_4_class,20240509_Hs675Tfibroblasts_10x_caged_4_class,20250108_neuron-adhered_10x_uncaged_4_class,20250305_neuron-adhered_10x_uncaged_4_class"
20240704_neuron-adhered_10x_caged_4_class,test_ds,0.486,lora_r32_0.5_2025-neuron-adhered,"20240516_DC-adhered_10x_caged_4_class,20240422_neuron-adhered_10x_uncaged_4_class,20240703_neuron-adhered_10x_caged_4_class,20260316_a549-tomm20-gfp-adhered_10x_caged_at_4x_4_class,231212_imr90_multichannel_overlay_4_class,20250227_preadipocytes-adhered_10x_caged_4_class,20240624_mc38_10x_uncaged_4_class,20240509_Hs675Tfibroblasts_10x_caged_4_class,20250108_neuron-adhered_10x_uncaged_4_class,20250305_neuron-adhered_10x_uncaged_4_class"
20240905_u87-adhered_10x_caged_4_class,test_ds,0.503,lora_r32_0.5_2025-neuron-adhered,"20240516_DC-adhered_10x_caged_4_class,20240422_neuron-adhered_10x_uncaged_4_class,20240703_neuron-adhered_10x_caged_4_class,20260316_a549-tomm20-gfp-adhered_10x_caged_at_4x_4_class,231212_imr90_multichannel_overlay_4_class,20250227_preadipocytes-adhered_10x_caged_4_class,20240624_mc38_10x_uncaged_4_class,20240509_Hs675Tfibroblasts_10x_caged_4_class,20250108_neuron-adhered_10x_uncaged_4_class,20250305_neuron-adhered_10x_uncaged_4_class"
20240924_enteric-glia-adhered_10x_uncaged_4_class,test_ds,0.636,lora_r32_0.5_2025-neuron-adhered,"20240516_DC-adhered_10x_caged_4_class,20240422_neuron-adhered_10x_uncaged_4_class,20240703_neuron-adhered_10x_caged_4_class,20260316_a549-tomm20-gfp-adhered_10x_caged_at_4x_4_class,231212_imr90_multichannel_overlay_4_class,20250227_preadipocytes-adhered_10x_caged_4_class,20240624_mc38_10x_uncaged_4_class,20240509_Hs675Tfibroblasts_10x_caged_4_class,20250108_neuron-adhered_10x_uncaged_4_class,20250305_neuron-adhered_10x_uncaged_4_class"
20241212_preadipocytes-adhered_10x_uncaged_4_class,test_ds,0.336,lora_r32_0.5_2025-neuron-adhered,"20240516_DC-adhered_10x_caged_4_class,20240422_neuron-adhered_10x_uncaged_4_class,20240703_neuron-adhered_10x_caged_4_class,20260316_a549-tomm20-gfp-adhered_10x_caged_at_4x_4_class,231212_imr90_multichannel_overlay_4_class,20250227_preadipocytes-adhered_10x_caged_4_class,20240624_mc38_10x_uncaged_4_class,20240509_Hs675Tfibroblasts_10x_caged_4_class,20250108_neuron-adhered_10x_uncaged_4_class,20250305_neuron-adhered_10x_uncaged_4_class"
20250108_neuron-adhered_10x_uncaged_4_class,test_ds,0.535,lora_r32_0.5_2025-neuron-adhered,"20240516_DC-adhered_10x_caged_4_class,20240422_neuron-adhered_10x_uncaged_4_class,20240703_neuron-adhered_10x_caged_4_class,20260316_a549-tomm20-gfp-adhered_10x_caged_at_4x_4_class,231212_imr90_multichannel_overlay_4_class,20250227_preadipocytes-adhered_10x_caged_4_class,20240624_mc38_10x_uncaged_4_class,20240509_Hs675Tfibroblasts_10x_caged_4_class,20250108_neuron-adhered_10x_uncaged_4_class,20250305_neuron-adhered_10x_uncaged_4_class"
20250227_preadipocytes-adhered_10x_caged_4_class,test_ds,0.48,lora_r32_0.5_2025-neuron-adhered,"20240516_DC-adhered_10x_caged_4_class,20240422_neuron-adhered_10x_uncaged_4_class,20240703_neuron-adhered_10x_caged_4_class,20260316_a549-tomm20-gfp-adhered_10x_caged_at_4x_4_class,231212_imr90_multichannel_overlay_4_class,20250227_preadipocytes-adhered_10x_caged_4_class,20240624_mc38_10x_uncaged_4_class,20240509_Hs675Tfibroblasts_10x_caged_4_class,20250108_neuron-adhered_10x_uncaged_4_class,20250305_neuron-adhered_10x_uncaged_4_class"
20250305_neuron-adhered_10x_uncaged_4_class,test_ds,0.706,lora_r32_0.5_2025-neuron-adhered,"20240516_DC-adhered_10x_caged_4_class,20240422_neuron-adhered_10x_uncaged_4_class,20240703_neuron-adhered_10x_caged_4_class,20260316_a549-tomm20-gfp-adhered_10x_caged_at_4x_4_class,231212_imr90_multichannel_overlay_4_class,20250227_preadipocytes-adhered_10x_caged_4_class,20240624_mc38_10x_uncaged_4_class,20240509_Hs675Tfibroblasts_10x_caged_4_class,20250108_neuron-adhered_10x_uncaged_4_class,20250305_neuron-adhered_10x_uncaged_4_class"
20250820_c8d1a_astrocytes-adherent_10x_caged_4_class,test_ds,0.509,lora_r32_0.5_2025-neuron-adhered,"20240516_DC-adhered_10x_caged_4_class,20240422_neuron-adhered_10x_uncaged_4_class,20240703_neuron-adhered_10x_caged_4_class,20260316_a549-tomm20-gfp-adhered_10x_caged_at_4x_4_class,231212_imr90_multichannel_overlay_4_class,20250227_preadipocytes-adhered_10x_caged_4_class,20240624_mc38_10x_uncaged_4_class,20240509_Hs675Tfibroblasts_10x_caged_4_class,20250108_neuron-adhered_10x_uncaged_4_class,20250305_neuron-adhered_10x_uncaged_4_class"
20250917_moc22-adhered_10x_caged_4_class,test_ds,0.529,lora_r32_0.5_2025-neuron-adhered,"20240516_DC-adhered_10x_caged_4_class,20240422_neuron-adhered_10x_uncaged_4_class,20240703_neuron-adhered_10x_caged_4_class,20260316_a549-tomm20-gfp-adhered_10x_caged_at_4x_4_class,231212_imr90_multichannel_overlay_4_class,20250227_preadipocytes-adhered_10x_caged_4_class,20240624_mc38_10x_uncaged_4_class,20240509_Hs675Tfibroblasts_10x_caged_4_class,20250108_neuron-adhered_10x_uncaged_4_class,20250305_neuron-adhered_10x_uncaged_4_class"
20260316_a549-tomm20-gfp-adhered_10x_caged_at_4x_4_class,test_ds,0.717,lora_r32_0.5_2025-neuron-adhered,"20240516_DC-adhered_10x_caged_4_class,20240422_neuron-adhered_10x_uncaged_4_class,20240703_neuron-adhered_10x_caged_4_class,20260316_a549-tomm20-gfp-adhered_10x_caged_at_4x_4_class,231212_imr90_multichannel_overlay_4_class,20250227_preadipocytes-adhered_10x_caged_4_class,20240624_mc38_10x_uncaged_4_class,20240509_Hs675Tfibroblasts_10x_caged_4_class,20250108_neuron-adhered_10x_uncaged_4_class,20250305_neuron-adhered_10x_uncaged_4_class"
231212_imr90_multichannel_overlay_4_class,test_ds,0.762,lora_r32_0.5_2025-neuron-adhered,"20240516_DC-adhered_10x_caged_4_class,20240422_neuron-adhered_10x_uncaged_4_class,20240703_neuron-adhered_10x_caged_4_class,20260316_a549-tomm20-gfp-adhered_10x_caged_at_4x_4_class,231212_imr90_multichannel_overlay_4_class,20250227_preadipocytes-adhered_10x_caged_4_class,20240624_mc38_10x_uncaged_4_class,20240509_Hs675Tfibroblasts_10x_caged_4_class,20250108_neuron-adhered_10x_uncaged_4_class,20250305_neuron-adhered_10x_uncaged_4_class"
240213_imr90_multichannel_overlay_4_class,test_ds,0.541,lora_r32_0.5_2025-neuron-adhered,"20240516_DC-adhered_10x_caged_4_class,20240422_neuron-adhered_10x_uncaged_4_class,20240703_neuron-adhered_10x_caged_4_class,20260316_a549-tomm20-gfp-adhered_10x_caged_at_4x_4_class,231212_imr90_multichannel_overlay_4_class,20250227_preadipocytes-adhered_10x_caged_4_class,20240624_mc38_10x_uncaged_4_class,20240509_Hs675Tfibroblasts_10x_caged_4_class,20250108_neuron-adhered_10x_uncaged_4_class,20250305_neuron-adhered_10x_uncaged_4_class"
20240516_DC-adhered_10x_caged_4_class,train_ds,0.699,lora_r32_0.01_u87-2025-neuron-adhered,"20240516_DC-adhered_10x_caged_4_class,20240422_neuron-adhered_10x_uncaged_4_class,20240703_neuron-adhered_10x_caged_4_class,20260316_a549-tomm20-gfp-adhered_10x_caged_at_4x_4_class,231212_imr90_multichannel_overlay_4_class,20250227_preadipocytes-adhered_10x_caged_4_class,20240624_mc38_10x_uncaged_4_class,20240509_Hs675Tfibroblasts_10x_caged_4_class,20240905_u87-adhered_10x_caged_4_class,20250108_neuron-adhered_10x_uncaged_4_class,20250305_neuron-adhered_10x_uncaged_4_class"
20240422_neuron-adhered_10x_uncaged_4_class,train_ds,0.551,lora_r32_0.01_u87-2025-neuron-adhered,"20240516_DC-adhered_10x_caged_4_class,20240422_neuron-adhered_10x_uncaged_4_class,20240703_neuron-adhered_10x_caged_4_class,20260316_a549-tomm20-gfp-adhered_10x_caged_at_4x_4_class,231212_imr90_multichannel_overlay_4_class,20250227_preadipocytes-adhered_10x_caged_4_class,20240624_mc38_10x_uncaged_4_class,20240509_Hs675Tfibroblasts_10x_caged_4_class,20240905_u87-adhered_10x_caged_4_class,20250108_neuron-adhered_10x_uncaged_4_class,20250305_neuron-adhered_10x_uncaged_4_class"
20240703_neuron-adhered_10x_caged_4_class,train_ds,0.592,lora_r32_0.01_u87-2025-neuron-adhered,"20240516_DC-adhered_10x_caged_4_class,20240422_neuron-adhered_10x_uncaged_4_class,20240703_neuron-adhered_10x_caged_4_class,20260316_a549-tomm20-gfp-adhered_10x_caged_at_4x_4_class,231212_imr90_multichannel_overlay_4_class,20250227_preadipocytes-adhered_10x_caged_4_class,20240624_mc38_10x_uncaged_4_class,20240509_Hs675Tfibroblasts_10x_caged_4_class,20240905_u87-adhered_10x_caged_4_class,20250108_neuron-adhered_10x_uncaged_4_class,20250305_neuron-adhered_10x_uncaged_4_class"
20260316_a549-tomm20-gfp-adhered_10x_caged_at_4x_4_class,train_ds,0.722,lora_r32_0.01_u87-2025-neuron-adhered,"20240516_DC-adhered_10x_caged_4_class,20240422_neuron-adhered_10x_uncaged_4_class,20240703_neuron-adhered_10x_caged_4_class,20260316_a549-tomm20-gfp-adhered_10x_caged_at_4x_4_class,231212_imr90_multichannel_overlay_4_class,20250227_preadipocytes-adhered_10x_caged_4_class,20240624_mc38_10x_uncaged_4_class,20240509_Hs675Tfibroblasts_10x_caged_4_class,20240905_u87-adhered_10x_caged_4_class,20250108_neuron-adhered_10x_uncaged_4_class,20250305_neuron-adhered_10x_uncaged_4_class"
231212_imr90_multichannel_overlay_4_class,train_ds,0.773,lora_r32_0.01_u87-2025-neuron-adhered,"20240516_DC-adhered_10x_caged_4_class,20240422_neuron-adhered_10x_uncaged_4_class,20240703_neuron-adhered_10x_caged_4_class,20260316_a549-tomm20-gfp-adhered_10x_caged_at_4x_4_class,231212_imr90_multichannel_overlay_4_class,20250227_preadipocytes-adhered_10x_caged_4_class,20240624_mc38_10x_uncaged_4_class,20240509_Hs675Tfibroblasts_10x_caged_4_class,20240905_u87-adhered_10x_caged_4_class,20250108_neuron-adhered_10x_uncaged_4_class,20250305_neuron-adhered_10x_uncaged_4_class"
20250227_preadipocytes-adhered_10x_caged_4_class,train_ds,0.501,lora_r32_0.01_u87-2025-neuron-adhered,"20240516_DC-adhered_10x_caged_4_class,20240422_neuron-adhered_10x_uncaged_4_class,20240703_neuron-adhered_10x_caged_4_class,20260316_a549-tomm20-gfp-adhered_10x_caged_at_4x_4_class,231212_imr90_multichannel_overlay_4_class,20250227_preadipocytes-adhered_10x_caged_4_class,20240624_mc38_10x_uncaged_4_class,20240509_Hs675Tfibroblasts_10x_caged_4_class,20240905_u87-adhered_10x_caged_4_class,20250108_neuron-adhered_10x_uncaged_4_class,20250305_neuron-adhered_10x_uncaged_4_class"
20240624_mc38_10x_uncaged_4_class,train_ds,0.719,lora_r32_0.01_u87-2025-neuron-adhered,"20240516_DC-adhered_10x_caged_4_class,20240422_neuron-adhered_10x_uncaged_4_class,20240703_neuron-adhered_10x_caged_4_class,20260316_a549-tomm20-gfp-adhered_10x_caged_at_4x_4_class,231212_imr90_multichannel_overlay_4_class,20250227_preadipocytes-adhered_10x_caged_4_class,20240624_mc38_10x_uncaged_4_class,20240509_Hs675Tfibroblasts_10x_caged_4_class,20240905_u87-adhered_10x_caged_4_class,20250108_neuron-adhered_10x_uncaged_4_class,20250305_neuron-adhered_10x_uncaged_4_class"
20240509_Hs675Tfibroblasts_10x_caged_4_class,train_ds,0.688,lora_r32_0.01_u87-2025-neuron-adhered,"20240516_DC-adhered_10x_caged_4_class,20240422_neuron-adhered_10x_uncaged_4_class,20240703_neuron-adhered_10x_caged_4_class,20260316_a549-tomm20-gfp-adhered_10x_caged_at_4x_4_class,231212_imr90_multichannel_overlay_4_class,20250227_preadipocytes-adhered_10x_caged_4_class,20240624_mc38_10x_uncaged_4_class,20240509_Hs675Tfibroblasts_10x_caged_4_class,20240905_u87-adhered_10x_caged_4_class,20250108_neuron-adhered_10x_uncaged_4_class,20250305_neuron-adhered_10x_uncaged_4_class"
20240905_u87-adhered_10x_caged_4_class,train_ds,0.556,lora_r32_0.01_u87-2025-neuron-adhered,"20240516_DC-adhered_10x_caged_4_class,20240422_neuron-adhered_10x_uncaged_4_class,20240703_neuron-adhered_10x_caged_4_class,20260316_a549-tomm20-gfp-adhered_10x_caged_at_4x_4_class,231212_imr90_multichannel_overlay_4_class,20250227_preadipocytes-adhered_10x_caged_4_class,20240624_mc38_10x_uncaged_4_class,20240509_Hs675Tfibroblasts_10x_caged_4_class,20240905_u87-adhered_10x_caged_4_class,20250108_neuron-adhered_10x_uncaged_4_class,20250305_neuron-adhered_10x_uncaged_4_class"
20250108_neuron-adhered_10x_uncaged_4_class,train_ds,0.402,lora_r32_0.01_u87-2025-neuron-adhered,"20240516_DC-adhered_10x_caged_4_class,20240422_neuron-adhered_10x_uncaged_4_class,20240703_neuron-adhered_10x_caged_4_class,20260316_a549-tomm20-gfp-adhered_10x_caged_at_4x_4_class,231212_imr90_multichannel_overlay_4_class,20250227_preadipocytes-adhered_10x_caged_4_class,20240624_mc38_10x_uncaged_4_class,20240509_Hs675Tfibroblasts_10x_caged_4_class,20240905_u87-adhered_10x_caged_4_class,20250108_neuron-adhered_10x_uncaged_4_class,20250305_neuron-adhered_10x_uncaged_4_class"
20250305_neuron-adhered_10x_uncaged_4_class,train_ds,0.63,lora_r32_0.01_u87-2025-neuron-adhered,"20240516_DC-adhered_10x_caged_4_class,20240422_neuron-adhered_10x_uncaged_4_class,20240703_neuron-adhered_10x_caged_4_class,20260316_a549-tomm20-gfp-adhered_10x_caged_at_4x_4_class,231212_imr90_multichannel_overlay_4_class,20250227_preadipocytes-adhered_10x_caged_4_class,20240624_mc38_10x_uncaged_4_class,20240509_Hs675Tfibroblasts_10x_caged_4_class,20240905_u87-adhered_10x_caged_4_class,20250108_neuron-adhered_10x_uncaged_4_class,20250305_neuron-adhered_10x_uncaged_4_class"
20240422_neuron-adhered_10x_uncaged_4_class,test_ds,0.551,lora_r32_0.01_u87-2025-neuron-adhered,"20240516_DC-adhered_10x_caged_4_class,20240422_neuron-adhered_10x_uncaged_4_class,20240703_neuron-adhered_10x_caged_4_class,20260316_a549-tomm20-gfp-adhered_10x_caged_at_4x_4_class,231212_imr90_multichannel_overlay_4_class,20250227_preadipocytes-adhered_10x_caged_4_class,20240624_mc38_10x_uncaged_4_class,20240509_Hs675Tfibroblasts_10x_caged_4_class,20240905_u87-adhered_10x_caged_4_class,20250108_neuron-adhered_10x_uncaged_4_class,20250305_neuron-adhered_10x_uncaged_4_class"
20240509_Hs675Tfibroblasts_10x_caged_4_class,test_ds,0.688,lora_r32_0.01_u87-2025-neuron-adhered,"20240516_DC-adhered_10x_caged_4_class,20240422_neuron-adhered_10x_uncaged_4_class,20240703_neuron-adhered_10x_caged_4_class,20260316_a549-tomm20-gfp-adhered_10x_caged_at_4x_4_class,231212_imr90_multichannel_overlay_4_class,20250227_preadipocytes-adhered_10x_caged_4_class,20240624_mc38_10x_uncaged_4_class,20240509_Hs675Tfibroblasts_10x_caged_4_class,20240905_u87-adhered_10x_caged_4_class,20250108_neuron-adhered_10x_uncaged_4_class,20250305_neuron-adhered_10x_uncaged_4_class"
20240509_hela-adhered_10x_caged_4_class,test_ds,0.556,lora_r32_0.01_u87-2025-neuron-adhered,"20240516_DC-adhered_10x_caged_4_class,20240422_neuron-adhered_10x_uncaged_4_class,20240703_neuron-adhered_10x_caged_4_class,20260316_a549-tomm20-gfp-adhered_10x_caged_at_4x_4_class,231212_imr90_multichannel_overlay_4_class,20250227_preadipocytes-adhered_10x_caged_4_class,20240624_mc38_10x_uncaged_4_class,20240509_Hs675Tfibroblasts_10x_caged_4_class,20240905_u87-adhered_10x_caged_4_class,20250108_neuron-adhered_10x_uncaged_4_class,20250305_neuron-adhered_10x_uncaged_4_class"
20240515_DC-adhered_10x_caged_4_class,test_ds,0.687,lora_r32_0.01_u87-2025-neuron-adhered,"20240516_DC-adhered_10x_caged_4_class,20240422_neuron-adhered_10x_uncaged_4_class,20240703_neuron-adhered_10x_caged_4_class,20260316_a549-tomm20-gfp-adhered_10x_caged_at_4x_4_class,231212_imr90_multichannel_overlay_4_class,20250227_preadipocytes-adhered_10x_caged_4_class,20240624_mc38_10x_uncaged_4_class,20240509_Hs675Tfibroblasts_10x_caged_4_class,20240905_u87-adhered_10x_caged_4_class,20250108_neuron-adhered_10x_uncaged_4_class,20250305_neuron-adhered_10x_uncaged_4_class"
20240516_DC-adhered_10x_caged_4_class,test_ds,0.699,lora_r32_0.01_u87-2025-neuron-adhered,"20240516_DC-adhered_10x_caged_4_class,20240422_neuron-adhered_10x_uncaged_4_class,20240703_neuron-adhered_10x_caged_4_class,20260316_a549-tomm20-gfp-adhered_10x_caged_at_4x_4_class,231212_imr90_multichannel_overlay_4_class,20250227_preadipocytes-adhered_10x_caged_4_class,20240624_mc38_10x_uncaged_4_class,20240509_Hs675Tfibroblasts_10x_caged_4_class,20240905_u87-adhered_10x_caged_4_class,20250108_neuron-adhered_10x_uncaged_4_class,20250305_neuron-adhered_10x_uncaged_4_class"
20240624_mc38_10x_caged_4_class,test_ds,0.594,lora_r32_0.01_u87-2025-neuron-adhered,"20240516_DC-adhered_10x_caged_4_class,20240422_neuron-adhered_10x_uncaged_4_class,20240703_neuron-adhered_10x_caged_4_class,20260316_a549-tomm20-gfp-adhered_10x_caged_at_4x_4_class,231212_imr90_multichannel_overlay_4_class,20250227_preadipocytes-adhered_10x_caged_4_class,20240624_mc38_10x_uncaged_4_class,20240509_Hs675Tfibroblasts_10x_caged_4_class,20240905_u87-adhered_10x_caged_4_class,20250108_neuron-adhered_10x_uncaged_4_class,20250305_neuron-adhered_10x_uncaged_4_class"
20240624_mc38_10x_uncaged_4_class,test_ds,0.719,lora_r32_0.01_u87-2025-neuron-adhered,"20240516_DC-adhered_10x_caged_4_class,20240422_neuron-adhered_10x_uncaged_4_class,20240703_neuron-adhered_10x_caged_4_class,20260316_a549-tomm20-gfp-adhered_10x_caged_at_4x_4_class,231212_imr90_multichannel_overlay_4_class,20250227_preadipocytes-adhered_10x_caged_4_class,20240624_mc38_10x_uncaged_4_class,20240509_Hs675Tfibroblasts_10x_caged_4_class,20240905_u87-adhered_10x_caged_4_class,20250108_neuron-adhered_10x_uncaged_4_class,20250305_neuron-adhered_10x_uncaged_4_class"
20240625_mc38_10x_caged_4_class,test_ds,0.582,lora_r32_0.01_u87-2025-neuron-adhered,"20240516_DC-adhered_10x_caged_4_class,20240422_neuron-adhered_10x_uncaged_4_class,20240703_neuron-adhered_10x_caged_4_class,20260316_a549-tomm20-gfp-adhered_10x_caged_at_4x_4_class,231212_imr90_multichannel_overlay_4_class,20250227_preadipocytes-adhered_10x_caged_4_class,20240624_mc38_10x_uncaged_4_class,20240509_Hs675Tfibroblasts_10x_caged_4_class,20240905_u87-adhered_10x_caged_4_class,20250108_neuron-adhered_10x_uncaged_4_class,20250305_neuron-adhered_10x_uncaged_4_class"
20240703_neuron-adhered_10x_caged_4_class,test_ds,0.592,lora_r32_0.01_u87-2025-neuron-adhered,"20240516_DC-adhered_10x_caged_4_class,20240422_neuron-adhered_10x_uncaged_4_class,20240703_neuron-adhered_10x_caged_4_class,20260316_a549-tomm20-gfp-adhered_10x_caged_at_4x_4_class,231212_imr90_multichannel_overlay_4_class,20250227_preadipocytes-adhered_10x_caged_4_class,20240624_mc38_10x_uncaged_4_class,20240509_Hs675Tfibroblasts_10x_caged_4_class,20240905_u87-adhered_10x_caged_4_class,20250108_neuron-adhered_10x_uncaged_4_class,20250305_neuron-adhered_10x_uncaged_4_class"
20240704_neuron-adhered_10x_caged_4_class,test_ds,0.599,lora_r32_0.01_u87-2025-neuron-adhered,"20240516_DC-adhered_10x_caged_4_class,20240422_neuron-adhered_10x_uncaged_4_class,20240703_neuron-adhered_10x_caged_4_class,20260316_a549-tomm20-gfp-adhered_10x_caged_at_4x_4_class,231212_imr90_multichannel_overlay_4_class,20250227_preadipocytes-adhered_10x_caged_4_class,20240624_mc38_10x_uncaged_4_class,20240509_Hs675Tfibroblasts_10x_caged_4_class,20240905_u87-adhered_10x_caged_4_class,20250108_neuron-adhered_10x_uncaged_4_class,20250305_neuron-adhered_10x_uncaged_4_class"
20240905_u87-adhered_10x_caged_4_class,test_ds,0.556,lora_r32_0.01_u87-2025-neuron-adhered,"20240516_DC-adhered_10x_caged_4_class,20240422_neuron-adhered_10x_uncaged_4_class,20240703_neuron-adhered_10x_caged_4_class,20260316_a549-tomm20-gfp-adhered_10x_caged_at_4x_4_class,231212_imr90_multichannel_overlay_4_class,20250227_preadipocytes-adhered_10x_caged_4_class,20240624_mc38_10x_uncaged_4_class,20240509_Hs675Tfibroblasts_10x_caged_4_class,20240905_u87-adhered_10x_caged_4_class,20250108_neuron-adhered_10x_uncaged_4_class,20250305_neuron-adhered_10x_uncaged_4_class"
20240924_enteric-glia-adhered_10x_uncaged_4_class,test_ds,0.686,lora_r32_0.01_u87-2025-neuron-adhered,"20240516_DC-adhered_10x_caged_4_class,20240422_neuron-adhered_10x_uncaged_4_class,20240703_neuron-adhered_10x_caged_4_class,20260316_a549-tomm20-gfp-adhered_10x_caged_at_4x_4_class,231212_imr90_multichannel_overlay_4_class,20250227_preadipocytes-adhered_10x_caged_4_class,20240624_mc38_10x_uncaged_4_class,20240509_Hs675Tfibroblasts_10x_caged_4_class,20240905_u87-adhered_10x_caged_4_class,20250108_neuron-adhered_10x_uncaged_4_class,20250305_neuron-adhered_10x_uncaged_4_class"
20241212_preadipocytes-adhered_10x_uncaged_4_class,test_ds,0.356,lora_r32_0.01_u87-2025-neuron-adhered,"20240516_DC-adhered_10x_caged_4_class,20240422_neuron-adhered_10x_uncaged_4_class,20240703_neuron-adhered_10x_caged_4_class,20260316_a549-tomm20-gfp-adhered_10x_caged_at_4x_4_class,231212_imr90_multichannel_overlay_4_class,20250227_preadipocytes-adhered_10x_caged_4_class,20240624_mc38_10x_uncaged_4_class,20240509_Hs675Tfibroblasts_10x_caged_4_class,20240905_u87-adhered_10x_caged_4_class,20250108_neuron-adhered_10x_uncaged_4_class,20250305_neuron-adhered_10x_uncaged_4_class"
20250108_neuron-adhered_10x_uncaged_4_class,test_ds,0.402,lora_r32_0.01_u87-2025-neuron-adhered,"20240516_DC-adhered_10x_caged_4_class,20240422_neuron-adhered_10x_uncaged_4_class,20240703_neuron-adhered_10x_caged_4_class,20260316_a549-tomm20-gfp-adhered_10x_caged_at_4x_4_class,231212_imr90_multichannel_overlay_4_class,20250227_preadipocytes-adhered_10x_caged_4_class,20240624_mc38_10x_uncaged_4_class,20240509_Hs675Tfibroblasts_10x_caged_4_class,20240905_u87-adhered_10x_caged_4_class,20250108_neuron-adhered_10x_uncaged_4_class,20250305_neuron-adhered_10x_uncaged_4_class"
20250227_preadipocytes-adhered_10x_caged_4_class,test_ds,0.501,lora_r32_0.01_u87-2025-neuron-adhered,"20240516_DC-adhered_10x_caged_4_class,20240422_neuron-adhered_10x_uncaged_4_class,20240703_neuron-adhered_10x_caged_4_class,20260316_a549-tomm20-gfp-adhered_10x_caged_at_4x_4_class,231212_imr90_multichannel_overlay_4_class,20250227_preadipocytes-adhered_10x_caged_4_class,20240624_mc38_10x_uncaged_4_class,20240509_Hs675Tfibroblasts_10x_caged_4_class,20240905_u87-adhered_10x_caged_4_class,20250108_neuron-adhered_10x_uncaged_4_class,20250305_neuron-adhered_10x_uncaged_4_class"
20250305_neuron-adhered_10x_uncaged_4_class,test_ds,0.63,lora_r32_0.01_u87-2025-neuron-adhered,"20240516_DC-adhered_10x_caged_4_class,20240422_neuron-adhered_10x_uncaged_4_class,20240703_neuron-adhered_10x_caged_4_class,20260316_a549-tomm20-gfp-adhered_10x_caged_at_4x_4_class,231212_imr90_multichannel_overlay_4_class,20250227_preadipocytes-adhered_10x_caged_4_class,20240624_mc38_10x_uncaged_4_class,20240509_Hs675Tfibroblasts_10x_caged_4_class,20240905_u87-adhered_10x_caged_4_class,20250108_neuron-adhered_10x_uncaged_4_class,20250305_neuron-adhered_10x_uncaged_4_class"
20250820_c8d1a_astrocytes-adherent_10x_caged_4_class,test_ds,0.518,lora_r32_0.01_u87-2025-neuron-adhered,"20240516_DC-adhered_10x_caged_4_class,20240422_neuron-adhered_10x_uncaged_4_class,20240703_neuron-adhered_10x_caged_4_class,20260316_a549-tomm20-gfp-adhered_10x_caged_at_4x_4_class,231212_imr90_multichannel_overlay_4_class,20250227_preadipocytes-adhered_10x_caged_4_class,20240624_mc38_10x_uncaged_4_class,20240509_Hs675Tfibroblasts_10x_caged_4_class,20240905_u87-adhered_10x_caged_4_class,20250108_neuron-adhered_10x_uncaged_4_class,20250305_neuron-adhered_10x_uncaged_4_class"
20250917_moc22-adhered_10x_caged_4_class,test_ds,0.535,lora_r32_0.01_u87-2025-neuron-adhered,"20240516_DC-adhered_10x_caged_4_class,20240422_neuron-adhered_10x_uncaged_4_class,20240703_neuron-adhered_10x_caged_4_class,20260316_a549-tomm20-gfp-adhered_10x_caged_at_4x_4_class,231212_imr90_multichannel_overlay_4_class,20250227_preadipocytes-adhered_10x_caged_4_class,20240624_mc38_10x_uncaged_4_class,20240509_Hs675Tfibroblasts_10x_caged_4_class,20240905_u87-adhered_10x_caged_4_class,20250108_neuron-adhered_10x_uncaged_4_class,20250305_neuron-adhered_10x_uncaged_4_class"
20260316_a549-tomm20-gfp-adhered_10x_caged_at_4x_4_class,test_ds,0.722,lora_r32_0.01_u87-2025-neuron-adhered,"20240516_DC-adhered_10x_caged_4_class,20240422_neuron-adhered_10x_uncaged_4_class,20240703_neuron-adhered_10x_caged_4_class,20260316_a549-tomm20-gfp-adhered_10x_caged_at_4x_4_class,231212_imr90_multichannel_overlay_4_class,20250227_preadipocytes-adhered_10x_caged_4_class,20240624_mc38_10x_uncaged_4_class,20240509_Hs675Tfibroblasts_10x_caged_4_class,20240905_u87-adhered_10x_caged_4_class,20250108_neuron-adhered_10x_uncaged_4_class,20250305_neuron-adhered_10x_uncaged_4_class"
231212_imr90_multichannel_overlay_4_class,test_ds,0.773,lora_r32_0.01_u87-2025-neuron-adhered,"20240516_DC-adhered_10x_caged_4_class,20240422_neuron-adhered_10x_uncaged_4_class,20240703_neuron-adhered_10x_caged_4_class,20260316_a549-tomm20-gfp-adhered_10x_caged_at_4x_4_class,231212_imr90_multichannel_overlay_4_class,20250227_preadipocytes-adhered_10x_caged_4_class,20240624_mc38_10x_uncaged_4_class,20240509_Hs675Tfibroblasts_10x_caged_4_class,20240905_u87-adhered_10x_caged_4_class,20250108_neuron-adhered_10x_uncaged_4_class,20250305_neuron-adhered_10x_uncaged_4_class"
240213_imr90_multichannel_overlay_4_class,test_ds,0.562,lora_r32_0.01_u87-2025-neuron-adhered,"20240516_DC-adhered_10x_caged_4_class,20240422_neuron-adhered_10x_uncaged_4_class,20240703_neuron-adhered_10x_caged_4_class,20260316_a549-tomm20-gfp-adhered_10x_caged_at_4x_4_class,231212_imr90_multichannel_overlay_4_class,20250227_preadipocytes-adhered_10x_caged_4_class,20240624_mc38_10x_uncaged_4_class,20240509_Hs675Tfibroblasts_10x_caged_4_class,20240905_u87-adhered_10x_caged_4_class,20250108_neuron-adhered_10x_uncaged_4_class,20250305_neuron-adhered_10x_uncaged_4_class"
20240516_DC-adhered_10x_caged_4_class,train_ds,0.679,lora_r32_0.1_u87-2025-neuron-adhered,"20240516_DC-adhered_10x_caged_4_class,20240422_neuron-adhered_10x_uncaged_4_class,20240703_neuron-adhered_10x_caged_4_class,20260316_a549-tomm20-gfp-adhered_10x_caged_at_4x_4_class,231212_imr90_multichannel_overlay_4_class,20250227_preadipocytes-adhered_10x_caged_4_class,20240624_mc38_10x_uncaged_4_class,20240509_Hs675Tfibroblasts_10x_caged_4_class,20240905_u87-adhered_10x_caged_4_class,20250108_neuron-adhered_10x_uncaged_4_class,20250305_neuron-adhered_10x_uncaged_4_class"
20240422_neuron-adhered_10x_uncaged_4_class,train_ds,0.551,lora_r32_0.1_u87-2025-neuron-adhered,"20240516_DC-adhered_10x_caged_4_class,20240422_neuron-adhered_10x_uncaged_4_class,20240703_neuron-adhered_10x_caged_4_class,20260316_a549-tomm20-gfp-adhered_10x_caged_at_4x_4_class,231212_imr90_multichannel_overlay_4_class,20250227_preadipocytes-adhered_10x_caged_4_class,20240624_mc38_10x_uncaged_4_class,20240509_Hs675Tfibroblasts_10x_caged_4_class,20240905_u87-adhered_10x_caged_4_class,20250108_neuron-adhered_10x_uncaged_4_class,20250305_neuron-adhered_10x_uncaged_4_class"
20240703_neuron-adhered_10x_caged_4_class,train_ds,0.496,lora_r32_0.1_u87-2025-neuron-adhered,"20240516_DC-adhered_10x_caged_4_class,20240422_neuron-adhered_10x_uncaged_4_class,20240703_neuron-adhered_10x_caged_4_class,20260316_a549-tomm20-gfp-adhered_10x_caged_at_4x_4_class,231212_imr90_multichannel_overlay_4_class,20250227_preadipocytes-adhered_10x_caged_4_class,20240624_mc38_10x_uncaged_4_class,20240509_Hs675Tfibroblasts_10x_caged_4_class,20240905_u87-adhered_10x_caged_4_class,20250108_neuron-adhered_10x_uncaged_4_class,20250305_neuron-adhered_10x_uncaged_4_class"
20260316_a549-tomm20-gfp-adhered_10x_caged_at_4x_4_class,train_ds,0.718,lora_r32_0.1_u87-2025-neuron-adhered,"20240516_DC-adhered_10x_caged_4_class,20240422_neuron-adhered_10x_uncaged_4_class,20240703_neuron-adhered_10x_caged_4_class,20260316_a549-tomm20-gfp-adhered_10x_caged_at_4x_4_class,231212_imr90_multichannel_overlay_4_class,20250227_preadipocytes-adhered_10x_caged_4_class,20240624_mc38_10x_uncaged_4_class,20240509_Hs675Tfibroblasts_10x_caged_4_class,20240905_u87-adhered_10x_caged_4_class,20250108_neuron-adhered_10x_uncaged_4_class,20250305_neuron-adhered_10x_uncaged_4_class"
231212_imr90_multichannel_overlay_4_class,train_ds,0.755,lora_r32_0.1_u87-2025-neuron-adhered,"20240516_DC-adhered_10x_caged_4_class,20240422_neuron-adhered_10x_uncaged_4_class,20240703_neuron-adhered_10x_caged_4_class,20260316_a549-tomm20-gfp-adhered_10x_caged_at_4x_4_class,231212_imr90_multichannel_overlay_4_class,20250227_preadipocytes-adhered_10x_caged_4_class,20240624_mc38_10x_uncaged_4_class,20240509_Hs675Tfibroblasts_10x_caged_4_class,20240905_u87-adhered_10x_caged_4_class,20250108_neuron-adhered_10x_uncaged_4_class,20250305_neuron-adhered_10x_uncaged_4_class"
20250227_preadipocytes-adhered_10x_caged_4_class,train_ds,0.489,lora_r32_0.1_u87-2025-neuron-adhered,"20240516_DC-adhered_10x_caged_4_class,20240422_neuron-adhered_10x_uncaged_4_class,20240703_neuron-adhered_10x_caged_4_class,20260316_a549-tomm20-gfp-adhered_10x_caged_at_4x_4_class,231212_imr90_multichannel_overlay_4_class,20250227_preadipocytes-adhered_10x_caged_4_class,20240624_mc38_10x_uncaged_4_class,20240509_Hs675Tfibroblasts_10x_caged_4_class,20240905_u87-adhered_10x_caged_4_class,20250108_neuron-adhered_10x_uncaged_4_class,20250305_neuron-adhered_10x_uncaged_4_class"
20240624_mc38_10x_uncaged_4_class,train_ds,0.707,lora_r32_0.1_u87-2025-neuron-adhered,"20240516_DC-adhered_10x_caged_4_class,20240422_neuron-adhered_10x_uncaged_4_class,20240703_neuron-adhered_10x_caged_4_class,20260316_a549-tomm20-gfp-adhered_10x_caged_at_4x_4_class,231212_imr90_multichannel_overlay_4_class,20250227_preadipocytes-adhered_10x_caged_4_class,20240624_mc38_10x_uncaged_4_class,20240509_Hs675Tfibroblasts_10x_caged_4_class,20240905_u87-adhered_10x_caged_4_class,20250108_neuron-adhered_10x_uncaged_4_class,20250305_neuron-adhered_10x_uncaged_4_class"
20240509_Hs675Tfibroblasts_10x_caged_4_class,train_ds,0.659,lora_r32_0.1_u87-2025-neuron-adhered,"20240516_DC-adhered_10x_caged_4_class,20240422_neuron-adhered_10x_uncaged_4_class,20240703_neuron-adhered_10x_caged_4_class,20260316_a549-tomm20-gfp-adhered_10x_caged_at_4x_4_class,231212_imr90_multichannel_overlay_4_class,20250227_preadipocytes-adhered_10x_caged_4_class,20240624_mc38_10x_uncaged_4_class,20240509_Hs675Tfibroblasts_10x_caged_4_class,20240905_u87-adhered_10x_caged_4_class,20250108_neuron-adhered_10x_uncaged_4_class,20250305_neuron-adhered_10x_uncaged_4_class"
20240905_u87-adhered_10x_caged_4_class,train_ds,0.565,lora_r32_0.1_u87-2025-neuron-adhered,"20240516_DC-adhered_10x_caged_4_class,20240422_neuron-adhered_10x_uncaged_4_class,20240703_neuron-adhered_10x_caged_4_class,20260316_a549-tomm20-gfp-adhered_10x_caged_at_4x_4_class,231212_imr90_multichannel_overlay_4_class,20250227_preadipocytes-adhered_10x_caged_4_class,20240624_mc38_10x_uncaged_4_class,20240509_Hs675Tfibroblasts_10x_caged_4_class,20240905_u87-adhered_10x_caged_4_class,20250108_neuron-adhered_10x_uncaged_4_class,20250305_neuron-adhered_10x_uncaged_4_class"
20250108_neuron-adhered_10x_uncaged_4_class,train_ds,0.456,lora_r32_0.1_u87-2025-neuron-adhered,"20240516_DC-adhered_10x_caged_4_class,20240422_neuron-adhered_10x_uncaged_4_class,20240703_neuron-adhered_10x_caged_4_class,20260316_a549-tomm20-gfp-adhered_10x_caged_at_4x_4_class,231212_imr90_multichannel_overlay_4_class,20250227_preadipocytes-adhered_10x_caged_4_class,20240624_mc38_10x_uncaged_4_class,20240509_Hs675Tfibroblasts_10x_caged_4_class,20240905_u87-adhered_10x_caged_4_class,20250108_neuron-adhered_10x_uncaged_4_class,20250305_neuron-adhered_10x_uncaged_4_class"
20250305_neuron-adhered_10x_uncaged_4_class,train_ds,0.678,lora_r32_0.1_u87-2025-neuron-adhered,"20240516_DC-adhered_10x_caged_4_class,20240422_neuron-adhered_10x_uncaged_4_class,20240703_neuron-adhered_10x_caged_4_class,20260316_a549-tomm20-gfp-adhered_10x_caged_at_4x_4_class,231212_imr90_multichannel_overlay_4_class,20250227_preadipocytes-adhered_10x_caged_4_class,20240624_mc38_10x_uncaged_4_class,20240509_Hs675Tfibroblasts_10x_caged_4_class,20240905_u87-adhered_10x_caged_4_class,20250108_neuron-adhered_10x_uncaged_4_class,20250305_neuron-adhered_10x_uncaged_4_class"
20240422_neuron-adhered_10x_uncaged_4_class,test_ds,0.551,lora_r32_0.1_u87-2025-neuron-adhered,"20240516_DC-adhered_10x_caged_4_class,20240422_neuron-adhered_10x_uncaged_4_class,20240703_neuron-adhered_10x_caged_4_class,20260316_a549-tomm20-gfp-adhered_10x_caged_at_4x_4_class,231212_imr90_multichannel_overlay_4_class,20250227_preadipocytes-adhered_10x_caged_4_class,20240624_mc38_10x_uncaged_4_class,20240509_Hs675Tfibroblasts_10x_caged_4_class,20240905_u87-adhered_10x_caged_4_class,20250108_neuron-adhered_10x_uncaged_4_class,20250305_neuron-adhered_10x_uncaged_4_class"
20240509_Hs675Tfibroblasts_10x_caged_4_class,test_ds,0.659,lora_r32_0.1_u87-2025-neuron-adhered,"20240516_DC-adhered_10x_caged_4_class,20240422_neuron-adhered_10x_uncaged_4_class,20240703_neuron-adhered_10x_caged_4_class,20260316_a549-tomm20-gfp-adhered_10x_caged_at_4x_4_class,231212_imr90_multichannel_overlay_4_class,20250227_preadipocytes-adhered_10x_caged_4_class,20240624_mc38_10x_uncaged_4_class,20240509_Hs675Tfibroblasts_10x_caged_4_class,20240905_u87-adhered_10x_caged_4_class,20250108_neuron-adhered_10x_uncaged_4_class,20250305_neuron-adhered_10x_uncaged_4_class"
20240509_hela-adhered_10x_caged_4_class,test_ds,0.533,lora_r32_0.1_u87-2025-neuron-adhered,"20240516_DC-adhered_10x_caged_4_class,20240422_neuron-adhered_10x_uncaged_4_class,20240703_neuron-adhered_10x_caged_4_class,20260316_a549-tomm20-gfp-adhered_10x_caged_at_4x_4_class,231212_imr90_multichannel_overlay_4_class,20250227_preadipocytes-adhered_10x_caged_4_class,20240624_mc38_10x_uncaged_4_class,20240509_Hs675Tfibroblasts_10x_caged_4_class,20240905_u87-adhered_10x_caged_4_class,20250108_neuron-adhered_10x_uncaged_4_class,20250305_neuron-adhered_10x_uncaged_4_class"
20240515_DC-adhered_10x_caged_4_class,test_ds,0.673,lora_r32_0.1_u87-2025-neuron-adhered,"20240516_DC-adhered_10x_caged_4_class,20240422_neuron-adhered_10x_uncaged_4_class,20240703_neuron-adhered_10x_caged_4_class,20260316_a549-tomm20-gfp-adhered_10x_caged_at_4x_4_class,231212_imr90_multichannel_overlay_4_class,20250227_preadipocytes-adhered_10x_caged_4_class,20240624_mc38_10x_uncaged_4_class,20240509_Hs675Tfibroblasts_10x_caged_4_class,20240905_u87-adhered_10x_caged_4_class,20250108_neuron-adhered_10x_uncaged_4_class,20250305_neuron-adhered_10x_uncaged_4_class"
20240516_DC-adhered_10x_caged_4_class,test_ds,0.679,lora_r32_0.1_u87-2025-neuron-adhered,"20240516_DC-adhered_10x_caged_4_class,20240422_neuron-adhered_10x_uncaged_4_class,20240703_neuron-adhered_10x_caged_4_class,20260316_a549-tomm20-gfp-adhered_10x_caged_at_4x_4_class,231212_imr90_multichannel_overlay_4_class,20250227_preadipocytes-adhered_10x_caged_4_class,20240624_mc38_10x_uncaged_4_class,20240509_Hs675Tfibroblasts_10x_caged_4_class,20240905_u87-adhered_10x_caged_4_class,20250108_neuron-adhered_10x_uncaged_4_class,20250305_neuron-adhered_10x_uncaged_4_class"
20240624_mc38_10x_caged_4_class,test_ds,0.593,lora_r32_0.1_u87-2025-neuron-adhered,"20240516_DC-adhered_10x_caged_4_class,20240422_neuron-adhered_10x_uncaged_4_class,20240703_neuron-adhered_10x_caged_4_class,20260316_a549-tomm20-gfp-adhered_10x_caged_at_4x_4_class,231212_imr90_multichannel_overlay_4_class,20250227_preadipocytes-adhered_10x_caged_4_class,20240624_mc38_10x_uncaged_4_class,20240509_Hs675Tfibroblasts_10x_caged_4_class,20240905_u87-adhered_10x_caged_4_class,20250108_neuron-adhered_10x_uncaged_4_class,20250305_neuron-adhered_10x_uncaged_4_class"
20240624_mc38_10x_uncaged_4_class,test_ds,0.707,lora_r32_0.1_u87-2025-neuron-adhered,"20240516_DC-adhered_10x_caged_4_class,20240422_neuron-adhered_10x_uncaged_4_class,20240703_neuron-adhered_10x_caged_4_class,20260316_a549-tomm20-gfp-adhered_10x_caged_at_4x_4_class,231212_imr90_multichannel_overlay_4_class,20250227_preadipocytes-adhered_10x_caged_4_class,20240624_mc38_10x_uncaged_4_class,20240509_Hs675Tfibroblasts_10x_caged_4_class,20240905_u87-adhered_10x_caged_4_class,20250108_neuron-adhered_10x_uncaged_4_class,20250305_neuron-adhered_10x_uncaged_4_class"
20240625_mc38_10x_caged_4_class,test_ds,0.558,lora_r32_0.1_u87-2025-neuron-adhered,"20240516_DC-adhered_10x_caged_4_class,20240422_neuron-adhered_10x_uncaged_4_class,20240703_neuron-adhered_10x_caged_4_class,20260316_a549-tomm20-gfp-adhered_10x_caged_at_4x_4_class,231212_imr90_multichannel_overlay_4_class,20250227_preadipocytes-adhered_10x_caged_4_class,20240624_mc38_10x_uncaged_4_class,20240509_Hs675Tfibroblasts_10x_caged_4_class,20240905_u87-adhered_10x_caged_4_class,20250108_neuron-adhered_10x_uncaged_4_class,20250305_neuron-adhered_10x_uncaged_4_class"
20240703_neuron-adhered_10x_caged_4_class,test_ds,0.496,lora_r32_0.1_u87-2025-neuron-adhered,"20240516_DC-adhered_10x_caged_4_class,20240422_neuron-adhered_10x_uncaged_4_class,20240703_neuron-adhered_10x_caged_4_class,20260316_a549-tomm20-gfp-adhered_10x_caged_at_4x_4_class,231212_imr90_multichannel_overlay_4_class,20250227_preadipocytes-adhered_10x_caged_4_class,20240624_mc38_10x_uncaged_4_class,20240509_Hs675Tfibroblasts_10x_caged_4_class,20240905_u87-adhered_10x_caged_4_class,20250108_neuron-adhered_10x_uncaged_4_class,20250305_neuron-adhered_10x_uncaged_4_class"
20240704_neuron-adhered_10x_caged_4_class,test_ds,0.525,lora_r32_0.1_u87-2025-neuron-adhered,"20240516_DC-adhered_10x_caged_4_class,20240422_neuron-adhered_10x_uncaged_4_class,20240703_neuron-adhered_10x_caged_4_class,20260316_a549-tomm20-gfp-adhered_10x_caged_at_4x_4_class,231212_imr90_multichannel_overlay_4_class,20250227_preadipocytes-adhered_10x_caged_4_class,20240624_mc38_10x_uncaged_4_class,20240509_Hs675Tfibroblasts_10x_caged_4_class,20240905_u87-adhered_10x_caged_4_class,20250108_neuron-adhered_10x_uncaged_4_class,20250305_neuron-adhered_10x_uncaged_4_class"
20240905_u87-adhered_10x_caged_4_class,test_ds,0.565,lora_r32_0.1_u87-2025-neuron-adhered,"20240516_DC-adhered_10x_caged_4_class,20240422_neuron-adhered_10x_uncaged_4_class,20240703_neuron-adhered_10x_caged_4_class,20260316_a549-tomm20-gfp-adhered_10x_caged_at_4x_4_class,231212_imr90_multichannel_overlay_4_class,20250227_preadipocytes-adhered_10x_caged_4_class,20240624_mc38_10x_uncaged_4_class,20240509_Hs675Tfibroblasts_10x_caged_4_class,20240905_u87-adhered_10x_caged_4_class,20250108_neuron-adhered_10x_uncaged_4_class,20250305_neuron-adhered_10x_uncaged_4_class"
20240924_enteric-glia-adhered_10x_uncaged_4_class,test_ds,0.699,lora_r32_0.1_u87-2025-neuron-adhered,"20240516_DC-adhered_10x_caged_4_class,20240422_neuron-adhered_10x_uncaged_4_class,20240703_neuron-adhered_10x_caged_4_class,20260316_a549-tomm20-gfp-adhered_10x_caged_at_4x_4_class,231212_imr90_multichannel_overlay_4_class,20250227_preadipocytes-adhered_10x_caged_4_class,20240624_mc38_10x_uncaged_4_class,20240509_Hs675Tfibroblasts_10x_caged_4_class,20240905_u87-adhered_10x_caged_4_class,20250108_neuron-adhered_10x_uncaged_4_class,20250305_neuron-adhered_10x_uncaged_4_class"
20241212_preadipocytes-adhered_10x_uncaged_4_class,test_ds,0.349,lora_r32_0.1_u87-2025-neuron-adhered,"20240516_DC-adhered_10x_caged_4_class,20240422_neuron-adhered_10x_uncaged_4_class,20240703_neuron-adhered_10x_caged_4_class,20260316_a549-tomm20-gfp-adhered_10x_caged_at_4x_4_class,231212_imr90_multichannel_overlay_4_class,20250227_preadipocytes-adhered_10x_caged_4_class,20240624_mc38_10x_uncaged_4_class,20240509_Hs675Tfibroblasts_10x_caged_4_class,20240905_u87-adhered_10x_caged_4_class,20250108_neuron-adhered_10x_uncaged_4_class,20250305_neuron-adhered_10x_uncaged_4_class"
20250108_neuron-adhered_10x_uncaged_4_class,test_ds,0.456,lora_r32_0.1_u87-2025-neuron-adhered,"20240516_DC-adhered_10x_caged_4_class,20240422_neuron-adhered_10x_uncaged_4_class,20240703_neuron-adhered_10x_caged_4_class,20260316_a549-tomm20-gfp-adhered_10x_caged_at_4x_4_class,231212_imr90_multichannel_overlay_4_class,20250227_preadipocytes-adhered_10x_caged_4_class,20240624_mc38_10x_uncaged_4_class,20240509_Hs675Tfibroblasts_10x_caged_4_class,20240905_u87-adhered_10x_caged_4_class,20250108_neuron-adhered_10x_uncaged_4_class,20250305_neuron-adhered_10x_uncaged_4_class"
20250227_preadipocytes-adhered_10x_caged_4_class,test_ds,0.489,lora_r32_0.1_u87-2025-neuron-adhered,"20240516_DC-adhered_10x_caged_4_class,20240422_neuron-adhered_10x_uncaged_4_class,20240703_neuron-adhered_10x_caged_4_class,20260316_a549-tomm20-gfp-adhered_10x_caged_at_4x_4_class,231212_imr90_multichannel_overlay_4_class,20250227_preadipocytes-adhered_10x_caged_4_class,20240624_mc38_10x_uncaged_4_class,20240509_Hs675Tfibroblasts_10x_caged_4_class,20240905_u87-adhered_10x_caged_4_class,20250108_neuron-adhered_10x_uncaged_4_class,20250305_neuron-adhered_10x_uncaged_4_class"
20250305_neuron-adhered_10x_uncaged_4_class,test_ds,0.678,lora_r32_0.1_u87-2025-neuron-adhered,"20240516_DC-adhered_10x_caged_4_class,20240422_neuron-adhered_10x_uncaged_4_class,20240703_neuron-adhered_10x_caged_4_class,20260316_a549-tomm20-gfp-adhered_10x_caged_at_4x_4_class,231212_imr90_multichannel_overlay_4_class,20250227_preadipocytes-adhered_10x_caged_4_class,20240624_mc38_10x_uncaged_4_class,20240509_Hs675Tfibroblasts_10x_caged_4_class,20240905_u87-adhered_10x_caged_4_class,20250108_neuron-adhered_10x_uncaged_4_class,20250305_neuron-adhered_10x_uncaged_4_class"
20250820_c8d1a_astrocytes-adherent_10x_caged_4_class,test_ds,0.501,lora_r32_0.1_u87-2025-neuron-adhered,"20240516_DC-adhered_10x_caged_4_class,20240422_neuron-adhered_10x_uncaged_4_class,20240703_neuron-adhered_10x_caged_4_class,20260316_a549-tomm20-gfp-adhered_10x_caged_at_4x_4_class,231212_imr90_multichannel_overlay_4_class,20250227_preadipocytes-adhered_10x_caged_4_class,20240624_mc38_10x_uncaged_4_class,20240509_Hs675Tfibroblasts_10x_caged_4_class,20240905_u87-adhered_10x_caged_4_class,20250108_neuron-adhered_10x_uncaged_4_class,20250305_neuron-adhered_10x_uncaged_4_class"
20250917_moc22-adhered_10x_caged_4_class,test_ds,0.519,lora_r32_0.1_u87-2025-neuron-adhered,"20240516_DC-adhered_10x_caged_4_class,20240422_neuron-adhered_10x_uncaged_4_class,20240703_neuron-adhered_10x_caged_4_class,20260316_a549-tomm20-gfp-adhered_10x_caged_at_4x_4_class,231212_imr90_multichannel_overlay_4_class,20250227_preadipocytes-adhered_10x_caged_4_class,20240624_mc38_10x_uncaged_4_class,20240509_Hs675Tfibroblasts_10x_caged_4_class,20240905_u87-adhered_10x_caged_4_class,20250108_neuron-adhered_10x_uncaged_4_class,20250305_neuron-adhered_10x_uncaged_4_class"
20260316_a549-tomm20-gfp-adhered_10x_caged_at_4x_4_class,test_ds,0.718,lora_r32_0.1_u87-2025-neuron-adhered,"20240516_DC-adhered_10x_caged_4_class,20240422_neuron-adhered_10x_uncaged_4_class,20240703_neuron-adhered_10x_caged_4_class,20260316_a549-tomm20-gfp-adhered_10x_caged_at_4x_4_class,231212_imr90_multichannel_overlay_4_class,20250227_preadipocytes-adhered_10x_caged_4_class,20240624_mc38_10x_uncaged_4_class,20240509_Hs675Tfibroblasts_10x_caged_4_class,20240905_u87-adhered_10x_caged_4_class,20250108_neuron-adhered_10x_uncaged_4_class,20250305_neuron-adhered_10x_uncaged_4_class"
231212_imr90_multichannel_overlay_4_class,test_ds,0.755,lora_r32_0.1_u87-2025-neuron-adhered,"20240516_DC-adhered_10x_caged_4_class,20240422_neuron-adhered_10x_uncaged_4_class,20240703_neuron-adhered_10x_caged_4_class,20260316_a549-tomm20-gfp-adhered_10x_caged_at_4x_4_class,231212_imr90_multichannel_overlay_4_class,20250227_preadipocytes-adhered_10x_caged_4_class,20240624_mc38_10x_uncaged_4_class,20240509_Hs675Tfibroblasts_10x_caged_4_class,20240905_u87-adhered_10x_caged_4_class,20250108_neuron-adhered_10x_uncaged_4_class,20250305_neuron-adhered_10x_uncaged_4_class"
240213_imr90_multichannel_overlay_4_class,test_ds,0.561,lora_r32_0.1_u87-2025-neuron-adhered,"20240516_DC-adhered_10x_caged_4_class,20240422_neuron-adhered_10x_uncaged_4_class,20240703_neuron-adhered_10x_caged_4_class,20260316_a549-tomm20-gfp-adhered_10x_caged_at_4x_4_class,231212_imr90_multichannel_overlay_4_class,20250227_preadipocytes-adhered_10x_caged_4_class,20240624_mc38_10x_uncaged_4_class,20240509_Hs675Tfibroblasts_10x_caged_4_class,20240905_u87-adhered_10x_caged_4_class,20250108_neuron-adhered_10x_uncaged_4_class,20250305_neuron-adhered_10x_uncaged_4_class"
20240516_DC-adhered_10x_caged_4_class,train_ds,0.689,lora_r32_0.25_u87-2025-neuron-adhered,"20240516_DC-adhered_10x_caged_4_class,20240422_neuron-adhered_10x_uncaged_4_class,20240703_neuron-adhered_10x_caged_4_class,20260316_a549-tomm20-gfp-adhered_10x_caged_at_4x_4_class,231212_imr90_multichannel_overlay_4_class,20250227_preadipocytes-adhered_10x_caged_4_class,20240624_mc38_10x_uncaged_4_class,20240509_Hs675Tfibroblasts_10x_caged_4_class,20240905_u87-adhered_10x_caged_4_class,20250108_neuron-adhered_10x_uncaged_4_class,20250305_neuron-adhered_10x_uncaged_4_class"
20240422_neuron-adhered_10x_uncaged_4_class,train_ds,0.542,lora_r32_0.25_u87-2025-neuron-adhered,"20240516_DC-adhered_10x_caged_4_class,20240422_neuron-adhered_10x_uncaged_4_class,20240703_neuron-adhered_10x_caged_4_class,20260316_a549-tomm20-gfp-adhered_10x_caged_at_4x_4_class,231212_imr90_multichannel_overlay_4_class,20250227_preadipocytes-adhered_10x_caged_4_class,20240624_mc38_10x_uncaged_4_class,20240509_Hs675Tfibroblasts_10x_caged_4_class,20240905_u87-adhered_10x_caged_4_class,20250108_neuron-adhered_10x_uncaged_4_class,20250305_neuron-adhered_10x_uncaged_4_class"
20240703_neuron-adhered_10x_caged_4_class,train_ds,0.52,lora_r32_0.25_u87-2025-neuron-adhered,"20240516_DC-adhered_10x_caged_4_class,20240422_neuron-adhered_10x_uncaged_4_class,20240703_neuron-adhered_10x_caged_4_class,20260316_a549-tomm20-gfp-adhered_10x_caged_at_4x_4_class,231212_imr90_multichannel_overlay_4_class,20250227_preadipocytes-adhered_10x_caged_4_class,20240624_mc38_10x_uncaged_4_class,20240509_Hs675Tfibroblasts_10x_caged_4_class,20240905_u87-adhered_10x_caged_4_class,20250108_neuron-adhered_10x_uncaged_4_class,20250305_neuron-adhered_10x_uncaged_4_class"
20260316_a549-tomm20-gfp-adhered_10x_caged_at_4x_4_class,train_ds,0.691,lora_r32_0.25_u87-2025-neuron-adhered,"20240516_DC-adhered_10x_caged_4_class,20240422_neuron-adhered_10x_uncaged_4_class,20240703_neuron-adhered_10x_caged_4_class,20260316_a549-tomm20-gfp-adhered_10x_caged_at_4x_4_class,231212_imr90_multichannel_overlay_4_class,20250227_preadipocytes-adhered_10x_caged_4_class,20240624_mc38_10x_uncaged_4_class,20240509_Hs675Tfibroblasts_10x_caged_4_class,20240905_u87-adhered_10x_caged_4_class,20250108_neuron-adhered_10x_uncaged_4_class,20250305_neuron-adhered_10x_uncaged_4_class"
231212_imr90_multichannel_overlay_4_class,train_ds,0.755,lora_r32_0.25_u87-2025-neuron-adhered,"20240516_DC-adhered_10x_caged_4_class,20240422_neuron-adhered_10x_uncaged_4_class,20240703_neuron-adhered_10x_caged_4_class,20260316_a549-tomm20-gfp-adhered_10x_caged_at_4x_4_class,231212_imr90_multichannel_overlay_4_class,20250227_preadipocytes-adhered_10x_caged_4_class,20240624_mc38_10x_uncaged_4_class,20240509_Hs675Tfibroblasts_10x_caged_4_class,20240905_u87-adhered_10x_caged_4_class,20250108_neuron-adhered_10x_uncaged_4_class,20250305_neuron-adhered_10x_uncaged_4_class"
20250227_preadipocytes-adhered_10x_caged_4_class,train_ds,0.482,lora_r32_0.25_u87-2025-neuron-adhered,"20240516_DC-adhered_10x_caged_4_class,20240422_neuron-adhered_10x_uncaged_4_class,20240703_neuron-adhered_10x_caged_4_class,20260316_a549-tomm20-gfp-adhered_10x_caged_at_4x_4_class,231212_imr90_multichannel_overlay_4_class,20250227_preadipocytes-adhered_10x_caged_4_class,20240624_mc38_10x_uncaged_4_class,20240509_Hs675Tfibroblasts_10x_caged_4_class,20240905_u87-adhered_10x_caged_4_class,20250108_neuron-adhered_10x_uncaged_4_class,20250305_neuron-adhered_10x_uncaged_4_class"
20240624_mc38_10x_uncaged_4_class,train_ds,0.699,lora_r32_0.25_u87-2025-neuron-adhered,"20240516_DC-adhered_10x_caged_4_class,20240422_neuron-adhered_10x_uncaged_4_class,20240703_neuron-adhered_10x_caged_4_class,20260316_a549-tomm20-gfp-adhered_10x_caged_at_4x_4_class,231212_imr90_multichannel_overlay_4_class,20250227_preadipocytes-adhered_10x_caged_4_class,20240624_mc38_10x_uncaged_4_class,20240509_Hs675Tfibroblasts_10x_caged_4_class,20240905_u87-adhered_10x_caged_4_class,20250108_neuron-adhered_10x_uncaged_4_class,20250305_neuron-adhered_10x_uncaged_4_class"
20240509_Hs675Tfibroblasts_10x_caged_4_class,train_ds,0.629,lora_r32_0.25_u87-2025-neuron-adhered,"20240516_DC-adhered_10x_caged_4_class,20240422_neuron-adhered_10x_uncaged_4_class,20240703_neuron-adhered_10x_caged_4_class,20260316_a549-tomm20-gfp-adhered_10x_caged_at_4x_4_class,231212_imr90_multichannel_overlay_4_class,20250227_preadipocytes-adhered_10x_caged_4_class,20240624_mc38_10x_uncaged_4_class,20240509_Hs675Tfibroblasts_10x_caged_4_class,20240905_u87-adhered_10x_caged_4_class,20250108_neuron-adhered_10x_uncaged_4_class,20250305_neuron-adhered_10x_uncaged_4_class"
20240905_u87-adhered_10x_caged_4_class,train_ds,0.621,lora_r32_0.25_u87-2025-neuron-adhered,"20240516_DC-adhered_10x_caged_4_class,20240422_neuron-adhered_10x_uncaged_4_class,20240703_neuron-adhered_10x_caged_4_class,20260316_a549-tomm20-gfp-adhered_10x_caged_at_4x_4_class,231212_imr90_multichannel_overlay_4_class,20250227_preadipocytes-adhered_10x_caged_4_class,20240624_mc38_10x_uncaged_4_class,20240509_Hs675Tfibroblasts_10x_caged_4_class,20240905_u87-adhered_10x_caged_4_class,20250108_neuron-adhered_10x_uncaged_4_class,20250305_neuron-adhered_10x_uncaged_4_class"
20250108_neuron-adhered_10x_uncaged_4_class,train_ds,0.518,lora_r32_0.25_u87-2025-neuron-adhered,"20240516_DC-adhered_10x_caged_4_class,20240422_neuron-adhered_10x_uncaged_4_class,20240703_neuron-adhered_10x_caged_4_class,20260316_a549-tomm20-gfp-adhered_10x_caged_at_4x_4_class,231212_imr90_multichannel_overlay_4_class,20250227_preadipocytes-adhered_10x_caged_4_class,20240624_mc38_10x_uncaged_4_class,20240509_Hs675Tfibroblasts_10x_caged_4_class,20240905_u87-adhered_10x_caged_4_class,20250108_neuron-adhered_10x_uncaged_4_class,20250305_neuron-adhered_10x_uncaged_4_class"
20250305_neuron-adhered_10x_uncaged_4_class,train_ds,0.703,lora_r32_0.25_u87-2025-neuron-adhered,"20240516_DC-adhered_10x_caged_4_class,20240422_neuron-adhered_10x_uncaged_4_class,20240703_neuron-adhered_10x_caged_4_class,20260316_a549-tomm20-gfp-adhered_10x_caged_at_4x_4_class,231212_imr90_multichannel_overlay_4_class,20250227_preadipocytes-adhered_10x_caged_4_class,20240624_mc38_10x_uncaged_4_class,20240509_Hs675Tfibroblasts_10x_caged_4_class,20240905_u87-adhered_10x_caged_4_class,20250108_neuron-adhered_10x_uncaged_4_class,20250305_neuron-adhered_10x_uncaged_4_class"
20240422_neuron-adhered_10x_uncaged_4_class,test_ds,0.542,lora_r32_0.25_u87-2025-neuron-adhered,"20240516_DC-adhered_10x_caged_4_class,20240422_neuron-adhered_10x_uncaged_4_class,20240703_neuron-adhered_10x_caged_4_class,20260316_a549-tomm20-gfp-adhered_10x_caged_at_4x_4_class,231212_imr90_multichannel_overlay_4_class,20250227_preadipocytes-adhered_10x_caged_4_class,20240624_mc38_10x_uncaged_4_class,20240509_Hs675Tfibroblasts_10x_caged_4_class,20240905_u87-adhered_10x_caged_4_class,20250108_neuron-adhered_10x_uncaged_4_class,20250305_neuron-adhered_10x_uncaged_4_class"
20240509_Hs675Tfibroblasts_10x_caged_4_class,test_ds,0.629,lora_r32_0.25_u87-2025-neuron-adhered,"20240516_DC-adhered_10x_caged_4_class,20240422_neuron-adhered_10x_uncaged_4_class,20240703_neuron-adhered_10x_caged_4_class,20260316_a549-tomm20-gfp-adhered_10x_caged_at_4x_4_class,231212_imr90_multichannel_overlay_4_class,20250227_preadipocytes-adhered_10x_caged_4_class,20240624_mc38_10x_uncaged_4_class,20240509_Hs675Tfibroblasts_10x_caged_4_class,20240905_u87-adhered_10x_caged_4_class,20250108_neuron-adhered_10x_uncaged_4_class,20250305_neuron-adhered_10x_uncaged_4_class"
20240509_hela-adhered_10x_caged_4_class,test_ds,0.521,lora_r32_0.25_u87-2025-neuron-adhered,"20240516_DC-adhered_10x_caged_4_class,20240422_neuron-adhered_10x_uncaged_4_class,20240703_neuron-adhered_10x_caged_4_class,20260316_a549-tomm20-gfp-adhered_10x_caged_at_4x_4_class,231212_imr90_multichannel_overlay_4_class,20250227_preadipocytes-adhered_10x_caged_4_class,20240624_mc38_10x_uncaged_4_class,20240509_Hs675Tfibroblasts_10x_caged_4_class,20240905_u87-adhered_10x_caged_4_class,20250108_neuron-adhered_10x_uncaged_4_class,20250305_neuron-adhered_10x_uncaged_4_class"
20240515_DC-adhered_10x_caged_4_class,test_ds,0.677,lora_r32_0.25_u87-2025-neuron-adhered,"20240516_DC-adhered_10x_caged_4_class,20240422_neuron-adhered_10x_uncaged_4_class,20240703_neuron-adhered_10x_caged_4_class,20260316_a549-tomm20-gfp-adhered_10x_caged_at_4x_4_class,231212_imr90_multichannel_overlay_4_class,20250227_preadipocytes-adhered_10x_caged_4_class,20240624_mc38_10x_uncaged_4_class,20240509_Hs675Tfibroblasts_10x_caged_4_class,20240905_u87-adhered_10x_caged_4_class,20250108_neuron-adhered_10x_uncaged_4_class,20250305_neuron-adhered_10x_uncaged_4_class"
20240516_DC-adhered_10x_caged_4_class,test_ds,0.689,lora_r32_0.25_u87-2025-neuron-adhered,"20240516_DC-adhered_10x_caged_4_class,20240422_neuron-adhered_10x_uncaged_4_class,20240703_neuron-adhered_10x_caged_4_class,20260316_a549-tomm20-gfp-adhered_10x_caged_at_4x_4_class,231212_imr90_multichannel_overlay_4_class,20250227_preadipocytes-adhered_10x_caged_4_class,20240624_mc38_10x_uncaged_4_class,20240509_Hs675Tfibroblasts_10x_caged_4_class,20240905_u87-adhered_10x_caged_4_class,20250108_neuron-adhered_10x_uncaged_4_class,20250305_neuron-adhered_10x_uncaged_4_class"
20240624_mc38_10x_caged_4_class,test_ds,0.609,lora_r32_0.25_u87-2025-neuron-adhered,"20240516_DC-adhered_10x_caged_4_class,20240422_neuron-adhered_10x_uncaged_4_class,20240703_neuron-adhered_10x_caged_4_class,20260316_a549-tomm20-gfp-adhered_10x_caged_at_4x_4_class,231212_imr90_multichannel_overlay_4_class,20250227_preadipocytes-adhered_10x_caged_4_class,20240624_mc38_10x_uncaged_4_class,20240509_Hs675Tfibroblasts_10x_caged_4_class,20240905_u87-adhered_10x_caged_4_class,20250108_neuron-adhered_10x_uncaged_4_class,20250305_neuron-adhered_10x_uncaged_4_class"
20240624_mc38_10x_uncaged_4_class,test_ds,0.699,lora_r32_0.25_u87-2025-neuron-adhered,"20240516_DC-adhered_10x_caged_4_class,20240422_neuron-adhered_10x_uncaged_4_class,20240703_neuron-adhered_10x_caged_4_class,20260316_a549-tomm20-gfp-adhered_10x_caged_at_4x_4_class,231212_imr90_multichannel_overlay_4_class,20250227_preadipocytes-adhered_10x_caged_4_class,20240624_mc38_10x_uncaged_4_class,20240509_Hs675Tfibroblasts_10x_caged_4_class,20240905_u87-adhered_10x_caged_4_class,20250108_neuron-adhered_10x_uncaged_4_class,20250305_neuron-adhered_10x_uncaged_4_class"
20240625_mc38_10x_caged_4_class,test_ds,0.579,lora_r32_0.25_u87-2025-neuron-adhered,"20240516_DC-adhered_10x_caged_4_class,20240422_neuron-adhered_10x_uncaged_4_class,20240703_neuron-adhered_10x_caged_4_class,20260316_a549-tomm20-gfp-adhered_10x_caged_at_4x_4_class,231212_imr90_multichannel_overlay_4_class,20250227_preadipocytes-adhered_10x_caged_4_class,20240624_mc38_10x_uncaged_4_class,20240509_Hs675Tfibroblasts_10x_caged_4_class,20240905_u87-adhered_10x_caged_4_class,20250108_neuron-adhered_10x_uncaged_4_class,20250305_neuron-adhered_10x_uncaged_4_class"
20240703_neuron-adhered_10x_caged_4_class,test_ds,0.52,lora_r32_0.25_u87-2025-neuron-adhered,"20240516_DC-adhered_10x_caged_4_class,20240422_neuron-adhered_10x_uncaged_4_class,20240703_neuron-adhered_10x_caged_4_class,20260316_a549-tomm20-gfp-adhered_10x_caged_at_4x_4_class,231212_imr90_multichannel_overlay_4_class,20250227_preadipocytes-adhered_10x_caged_4_class,20240624_mc38_10x_uncaged_4_class,20240509_Hs675Tfibroblasts_10x_caged_4_class,20240905_u87-adhered_10x_caged_4_class,20250108_neuron-adhered_10x_uncaged_4_class,20250305_neuron-adhered_10x_uncaged_4_class"
20240704_neuron-adhered_10x_caged_4_class,test_ds,0.526,lora_r32_0.25_u87-2025-neuron-adhered,"20240516_DC-adhered_10x_caged_4_class,20240422_neuron-adhered_10x_uncaged_4_class,20240703_neuron-adhered_10x_caged_4_class,20260316_a549-tomm20-gfp-adhered_10x_caged_at_4x_4_class,231212_imr90_multichannel_overlay_4_class,20250227_preadipocytes-adhered_10x_caged_4_class,20240624_mc38_10x_uncaged_4_class,20240509_Hs675Tfibroblasts_10x_caged_4_class,20240905_u87-adhered_10x_caged_4_class,20250108_neuron-adhered_10x_uncaged_4_class,20250305_neuron-adhered_10x_uncaged_4_class"
20240905_u87-adhered_10x_caged_4_class,test_ds,0.621,lora_r32_0.25_u87-2025-neuron-adhered,"20240516_DC-adhered_10x_caged_4_class,20240422_neuron-adhered_10x_uncaged_4_class,20240703_neuron-adhered_10x_caged_4_class,20260316_a549-tomm20-gfp-adhered_10x_caged_at_4x_4_class,231212_imr90_multichannel_overlay_4_class,20250227_preadipocytes-adhered_10x_caged_4_class,20240624_mc38_10x_uncaged_4_class,20240509_Hs675Tfibroblasts_10x_caged_4_class,20240905_u87-adhered_10x_caged_4_class,20250108_neuron-adhered_10x_uncaged_4_class,20250305_neuron-adhered_10x_uncaged_4_class"
20240924_enteric-glia-adhered_10x_uncaged_4_class,test_ds,0.734,lora_r32_0.25_u87-2025-neuron-adhered,"20240516_DC-adhered_10x_caged_4_class,20240422_neuron-adhered_10x_uncaged_4_class,20240703_neuron-adhered_10x_caged_4_class,20260316_a549-tomm20-gfp-adhered_10x_caged_at_4x_4_class,231212_imr90_multichannel_overlay_4_class,20250227_preadipocytes-adhered_10x_caged_4_class,20240624_mc38_10x_uncaged_4_class,20240509_Hs675Tfibroblasts_10x_caged_4_class,20240905_u87-adhered_10x_caged_4_class,20250108_neuron-adhered_10x_uncaged_4_class,20250305_neuron-adhered_10x_uncaged_4_class"
20241212_preadipocytes-adhered_10x_uncaged_4_class,test_ds,0.343,lora_r32_0.25_u87-2025-neuron-adhered,"20240516_DC-adhered_10x_caged_4_class,20240422_neuron-adhered_10x_uncaged_4_class,20240703_neuron-adhered_10x_caged_4_class,20260316_a549-tomm20-gfp-adhered_10x_caged_at_4x_4_class,231212_imr90_multichannel_overlay_4_class,20250227_preadipocytes-adhered_10x_caged_4_class,20240624_mc38_10x_uncaged_4_class,20240509_Hs675Tfibroblasts_10x_caged_4_class,20240905_u87-adhered_10x_caged_4_class,20250108_neuron-adhered_10x_uncaged_4_class,20250305_neuron-adhered_10x_uncaged_4_class"
20250108_neuron-adhered_10x_uncaged_4_class,test_ds,0.518,lora_r32_0.25_u87-2025-neuron-adhered,"20240516_DC-adhered_10x_caged_4_class,20240422_neuron-adhered_10x_uncaged_4_class,20240703_neuron-adhered_10x_caged_4_class,20260316_a549-tomm20-gfp-adhered_10x_caged_at_4x_4_class,231212_imr90_multichannel_overlay_4_class,20250227_preadipocytes-adhered_10x_caged_4_class,20240624_mc38_10x_uncaged_4_class,20240509_Hs675Tfibroblasts_10x_caged_4_class,20240905_u87-adhered_10x_caged_4_class,20250108_neuron-adhered_10x_uncaged_4_class,20250305_neuron-adhered_10x_uncaged_4_class"
20250227_preadipocytes-adhered_10x_caged_4_class,test_ds,0.482,lora_r32_0.25_u87-2025-neuron-adhered,"20240516_DC-adhered_10x_caged_4_class,20240422_neuron-adhered_10x_uncaged_4_class,20240703_neuron-adhered_10x_caged_4_class,20260316_a549-tomm20-gfp-adhered_10x_caged_at_4x_4_class,231212_imr90_multichannel_overlay_4_class,20250227_preadipocytes-adhered_10x_caged_4_class,20240624_mc38_10x_uncaged_4_class,20240509_Hs675Tfibroblasts_10x_caged_4_class,20240905_u87-adhered_10x_caged_4_class,20250108_neuron-adhered_10x_uncaged_4_class,20250305_neuron-adhered_10x_uncaged_4_class"
20250305_neuron-adhered_10x_uncaged_4_class,test_ds,0.703,lora_r32_0.25_u87-2025-neuron-adhered,"20240516_DC-adhered_10x_caged_4_class,20240422_neuron-adhered_10x_uncaged_4_class,20240703_neuron-adhered_10x_caged_4_class,20260316_a549-tomm20-gfp-adhered_10x_caged_at_4x_4_class,231212_imr90_multichannel_overlay_4_class,20250227_preadipocytes-adhered_10x_caged_4_class,20240624_mc38_10x_uncaged_4_class,20240509_Hs675Tfibroblasts_10x_caged_4_class,20240905_u87-adhered_10x_caged_4_class,20250108_neuron-adhered_10x_uncaged_4_class,20250305_neuron-adhered_10x_uncaged_4_class"
20250820_c8d1a_astrocytes-adherent_10x_caged_4_class,test_ds,0.469,lora_r32_0.25_u87-2025-neuron-adhered,"20240516_DC-adhered_10x_caged_4_class,20240422_neuron-adhered_10x_uncaged_4_class,20240703_neuron-adhered_10x_caged_4_class,20260316_a549-tomm20-gfp-adhered_10x_caged_at_4x_4_class,231212_imr90_multichannel_overlay_4_class,20250227_preadipocytes-adhered_10x_caged_4_class,20240624_mc38_10x_uncaged_4_class,20240509_Hs675Tfibroblasts_10x_caged_4_class,20240905_u87-adhered_10x_caged_4_class,20250108_neuron-adhered_10x_uncaged_4_class,20250305_neuron-adhered_10x_uncaged_4_class"
20250917_moc22-adhered_10x_caged_4_class,test_ds,0.523,lora_r32_0.25_u87-2025-neuron-adhered,"20240516_DC-adhered_10x_caged_4_class,20240422_neuron-adhered_10x_uncaged_4_class,20240703_neuron-adhered_10x_caged_4_class,20260316_a549-tomm20-gfp-adhered_10x_caged_at_4x_4_class,231212_imr90_multichannel_overlay_4_class,20250227_preadipocytes-adhered_10x_caged_4_class,20240624_mc38_10x_uncaged_4_class,20240509_Hs675Tfibroblasts_10x_caged_4_class,20240905_u87-adhered_10x_caged_4_class,20250108_neuron-adhered_10x_uncaged_4_class,20250305_neuron-adhered_10x_uncaged_4_class"
20260316_a549-tomm20-gfp-adhered_10x_caged_at_4x_4_class,test_ds,0.691,lora_r32_0.25_u87-2025-neuron-adhered,"20240516_DC-adhered_10x_caged_4_class,20240422_neuron-adhered_10x_uncaged_4_class,20240703_neuron-adhered_10x_caged_4_class,20260316_a549-tomm20-gfp-adhered_10x_caged_at_4x_4_class,231212_imr90_multichannel_overlay_4_class,20250227_preadipocytes-adhered_10x_caged_4_class,20240624_mc38_10x_uncaged_4_class,20240509_Hs675Tfibroblasts_10x_caged_4_class,20240905_u87-adhered_10x_caged_4_class,20250108_neuron-adhered_10x_uncaged_4_class,20250305_neuron-adhered_10x_uncaged_4_class"
231212_imr90_multichannel_overlay_4_class,test_ds,0.755,lora_r32_0.25_u87-2025-neuron-adhered,"20240516_DC-adhered_10x_caged_4_class,20240422_neuron-adhered_10x_uncaged_4_class,20240703_neuron-adhered_10x_caged_4_class,20260316_a549-tomm20-gfp-adhered_10x_caged_at_4x_4_class,231212_imr90_multichannel_overlay_4_class,20250227_preadipocytes-adhered_10x_caged_4_class,20240624_mc38_10x_uncaged_4_class,20240509_Hs675Tfibroblasts_10x_caged_4_class,20240905_u87-adhered_10x_caged_4_class,20250108_neuron-adhered_10x_uncaged_4_class,20250305_neuron-adhered_10x_uncaged_4_class"
240213_imr90_multichannel_overlay_4_class,test_ds,0.589,lora_r32_0.25_u87-2025-neuron-adhered,"20240516_DC-adhered_10x_caged_4_class,20240422_neuron-adhered_10x_uncaged_4_class,20240703_neuron-adhered_10x_caged_4_class,20260316_a549-tomm20-gfp-adhered_10x_caged_at_4x_4_class,231212_imr90_multichannel_overlay_4_class,20250227_preadipocytes-adhered_10x_caged_4_class,20240624_mc38_10x_uncaged_4_class,20240509_Hs675Tfibroblasts_10x_caged_4_class,20240905_u87-adhered_10x_caged_4_class,20250108_neuron-adhered_10x_uncaged_4_class,20250305_neuron-adhered_10x_uncaged_4_class"
20240516_DC-adhered_10x_caged_4_class,train_ds,0.681,lora_r32_0.5_u87-2025-neuron-adhered,"20240516_DC-adhered_10x_caged_4_class,20240422_neuron-adhered_10x_uncaged_4_class,20240703_neuron-adhered_10x_caged_4_class,20260316_a549-tomm20-gfp-adhered_10x_caged_at_4x_4_class,231212_imr90_multichannel_overlay_4_class,20250227_preadipocytes-adhered_10x_caged_4_class,20240624_mc38_10x_uncaged_4_class,20240509_Hs675Tfibroblasts_10x_caged_4_class,20240905_u87-adhered_10x_caged_4_class,20250108_neuron-adhered_10x_uncaged_4_class,20250305_neuron-adhered_10x_uncaged_4_class"
20240422_neuron-adhered_10x_uncaged_4_class,train_ds,0.543,lora_r32_0.5_u87-2025-neuron-adhered,"20240516_DC-adhered_10x_caged_4_class,20240422_neuron-adhered_10x_uncaged_4_class,20240703_neuron-adhered_10x_caged_4_class,20260316_a549-tomm20-gfp-adhered_10x_caged_at_4x_4_class,231212_imr90_multichannel_overlay_4_class,20250227_preadipocytes-adhered_10x_caged_4_class,20240624_mc38_10x_uncaged_4_class,20240509_Hs675Tfibroblasts_10x_caged_4_class,20240905_u87-adhered_10x_caged_4_class,20250108_neuron-adhered_10x_uncaged_4_class,20250305_neuron-adhered_10x_uncaged_4_class"
20240703_neuron-adhered_10x_caged_4_class,train_ds,0.501,lora_r32_0.5_u87-2025-neuron-adhered,"20240516_DC-adhered_10x_caged_4_class,20240422_neuron-adhered_10x_uncaged_4_class,20240703_neuron-adhered_10x_caged_4_class,20260316_a549-tomm20-gfp-adhered_10x_caged_at_4x_4_class,231212_imr90_multichannel_overlay_4_class,20250227_preadipocytes-adhered_10x_caged_4_class,20240624_mc38_10x_uncaged_4_class,20240509_Hs675Tfibroblasts_10x_caged_4_class,20240905_u87-adhered_10x_caged_4_class,20250108_neuron-adhered_10x_uncaged_4_class,20250305_neuron-adhered_10x_uncaged_4_class"
20260316_a549-tomm20-gfp-adhered_10x_caged_at_4x_4_class,train_ds,0.687,lora_r32_0.5_u87-2025-neuron-adhered,"20240516_DC-adhered_10x_caged_4_class,20240422_neuron-adhered_10x_uncaged_4_class,20240703_neuron-adhered_10x_caged_4_class,20260316_a549-tomm20-gfp-adhered_10x_caged_at_4x_4_class,231212_imr90_multichannel_overlay_4_class,20250227_preadipocytes-adhered_10x_caged_4_class,20240624_mc38_10x_uncaged_4_class,20240509_Hs675Tfibroblasts_10x_caged_4_class,20240905_u87-adhered_10x_caged_4_class,20250108_neuron-adhered_10x_uncaged_4_class,20250305_neuron-adhered_10x_uncaged_4_class"
231212_imr90_multichannel_overlay_4_class,train_ds,0.741,lora_r32_0.5_u87-2025-neuron-adhered,"20240516_DC-adhered_10x_caged_4_class,20240422_neuron-adhered_10x_uncaged_4_class,20240703_neuron-adhered_10x_caged_4_class,20260316_a549-tomm20-gfp-adhered_10x_caged_at_4x_4_class,231212_imr90_multichannel_overlay_4_class,20250227_preadipocytes-adhered_10x_caged_4_class,20240624_mc38_10x_uncaged_4_class,20240509_Hs675Tfibroblasts_10x_caged_4_class,20240905_u87-adhered_10x_caged_4_class,20250108_neuron-adhered_10x_uncaged_4_class,20250305_neuron-adhered_10x_uncaged_4_class"
20250227_preadipocytes-adhered_10x_caged_4_class,train_ds,0.469,lora_r32_0.5_u87-2025-neuron-adhered,"20240516_DC-adhered_10x_caged_4_class,20240422_neuron-adhered_10x_uncaged_4_class,20240703_neuron-adhered_10x_caged_4_class,20260316_a549-tomm20-gfp-adhered_10x_caged_at_4x_4_class,231212_imr90_multichannel_overlay_4_class,20250227_preadipocytes-adhered_10x_caged_4_class,20240624_mc38_10x_uncaged_4_class,20240509_Hs675Tfibroblasts_10x_caged_4_class,20240905_u87-adhered_10x_caged_4_class,20250108_neuron-adhered_10x_uncaged_4_class,20250305_neuron-adhered_10x_uncaged_4_class"
20240624_mc38_10x_uncaged_4_class,train_ds,0.699,lora_r32_0.5_u87-2025-neuron-adhered,"20240516_DC-adhered_10x_caged_4_class,20240422_neuron-adhered_10x_uncaged_4_class,20240703_neuron-adhered_10x_caged_4_class,20260316_a549-tomm20-gfp-adhered_10x_caged_at_4x_4_class,231212_imr90_multichannel_overlay_4_class,20250227_preadipocytes-adhered_10x_caged_4_class,20240624_mc38_10x_uncaged_4_class,20240509_Hs675Tfibroblasts_10x_caged_4_class,20240905_u87-adhered_10x_caged_4_class,20250108_neuron-adhered_10x_uncaged_4_class,20250305_neuron-adhered_10x_uncaged_4_class"
20240509_Hs675Tfibroblasts_10x_caged_4_class,train_ds,0.595,lora_r32_0.5_u87-2025-neuron-adhered,"20240516_DC-adhered_10x_caged_4_class,20240422_neuron-adhered_10x_uncaged_4_class,20240703_neuron-adhered_10x_caged_4_class,20260316_a549-tomm20-gfp-adhered_10x_caged_at_4x_4_class,231212_imr90_multichannel_overlay_4_class,20250227_preadipocytes-adhered_10x_caged_4_class,20240624_mc38_10x_uncaged_4_class,20240509_Hs675Tfibroblasts_10x_caged_4_class,20240905_u87-adhered_10x_caged_4_class,20250108_neuron-adhered_10x_uncaged_4_class,20250305_neuron-adhered_10x_uncaged_4_class"
20240905_u87-adhered_10x_caged_4_class,train_ds,0.632,lora_r32_0.5_u87-2025-neuron-adhered,"20240516_DC-adhered_10x_caged_4_class,20240422_neuron-adhered_10x_uncaged_4_class,20240703_neuron-adhered_10x_caged_4_class,20260316_a549-tomm20-gfp-adhered_10x_caged_at_4x_4_class,231212_imr90_multichannel_overlay_4_class,20250227_preadipocytes-adhered_10x_caged_4_class,20240624_mc38_10x_uncaged_4_class,20240509_Hs675Tfibroblasts_10x_caged_4_class,20240905_u87-adhered_10x_caged_4_class,20250108_neuron-adhered_10x_uncaged_4_class,20250305_neuron-adhered_10x_uncaged_4_class"
20250108_neuron-adhered_10x_uncaged_4_class,train_ds,0.539,lora_r32_0.5_u87-2025-neuron-adhered,"20240516_DC-adhered_10x_caged_4_class,20240422_neuron-adhered_10x_uncaged_4_class,20240703_neuron-adhered_10x_caged_4_class,20260316_a549-tomm20-gfp-adhered_10x_caged_at_4x_4_class,231212_imr90_multichannel_overlay_4_class,20250227_preadipocytes-adhered_10x_caged_4_class,20240624_mc38_10x_uncaged_4_class,20240509_Hs675Tfibroblasts_10x_caged_4_class,20240905_u87-adhered_10x_caged_4_class,20250108_neuron-adhered_10x_uncaged_4_class,20250305_neuron-adhered_10x_uncaged_4_class"
20250305_neuron-adhered_10x_uncaged_4_class,train_ds,0.707,lora_r32_0.5_u87-2025-neuron-adhered,"20240516_DC-adhered_10x_caged_4_class,20240422_neuron-adhered_10x_uncaged_4_class,20240703_neuron-adhered_10x_caged_4_class,20260316_a549-tomm20-gfp-adhered_10x_caged_at_4x_4_class,231212_imr90_multichannel_overlay_4_class,20250227_preadipocytes-adhered_10x_caged_4_class,20240624_mc38_10x_uncaged_4_class,20240509_Hs675Tfibroblasts_10x_caged_4_class,20240905_u87-adhered_10x_caged_4_class,20250108_neuron-adhered_10x_uncaged_4_class,20250305_neuron-adhered_10x_uncaged_4_class"
20240422_neuron-adhered_10x_uncaged_4_class,test_ds,0.543,lora_r32_0.5_u87-2025-neuron-adhered,"20240516_DC-adhered_10x_caged_4_class,20240422_neuron-adhered_10x_uncaged_4_class,20240703_neuron-adhered_10x_caged_4_class,20260316_a549-tomm20-gfp-adhered_10x_caged_at_4x_4_class,231212_imr90_multichannel_overlay_4_class,20250227_preadipocytes-adhered_10x_caged_4_class,20240624_mc38_10x_uncaged_4_class,20240509_Hs675Tfibroblasts_10x_caged_4_class,20240905_u87-adhered_10x_caged_4_class,20250108_neuron-adhered_10x_uncaged_4_class,20250305_neuron-adhered_10x_uncaged_4_class"
20240509_Hs675Tfibroblasts_10x_caged_4_class,test_ds,0.595,lora_r32_0.5_u87-2025-neuron-adhered,"20240516_DC-adhered_10x_caged_4_class,20240422_neuron-adhered_10x_uncaged_4_class,20240703_neuron-adhered_10x_caged_4_class,20260316_a549-tomm20-gfp-adhered_10x_caged_at_4x_4_class,231212_imr90_multichannel_overlay_4_class,20250227_preadipocytes-adhered_10x_caged_4_class,20240624_mc38_10x_uncaged_4_class,20240509_Hs675Tfibroblasts_10x_caged_4_class,20240905_u87-adhered_10x_caged_4_class,20250108_neuron-adhered_10x_uncaged_4_class,20250305_neuron-adhered_10x_uncaged_4_class"
20240509_hela-adhered_10x_caged_4_class,test_ds,0.515,lora_r32_0.5_u87-2025-neuron-adhered,"20240516_DC-adhered_10x_caged_4_class,20240422_neuron-adhered_10x_uncaged_4_class,20240703_neuron-adhered_10x_caged_4_class,20260316_a549-tomm20-gfp-adhered_10x_caged_at_4x_4_class,231212_imr90_multichannel_overlay_4_class,20250227_preadipocytes-adhered_10x_caged_4_class,20240624_mc38_10x_uncaged_4_class,20240509_Hs675Tfibroblasts_10x_caged_4_class,20240905_u87-adhered_10x_caged_4_class,20250108_neuron-adhered_10x_uncaged_4_class,20250305_neuron-adhered_10x_uncaged_4_class"
20240515_DC-adhered_10x_caged_4_class,test_ds,0.674,lora_r32_0.5_u87-2025-neuron-adhered,"20240516_DC-adhered_10x_caged_4_class,20240422_neuron-adhered_10x_uncaged_4_class,20240703_neuron-adhered_10x_caged_4_class,20260316_a549-tomm20-gfp-adhered_10x_caged_at_4x_4_class,231212_imr90_multichannel_overlay_4_class,20250227_preadipocytes-adhered_10x_caged_4_class,20240624_mc38_10x_uncaged_4_class,20240509_Hs675Tfibroblasts_10x_caged_4_class,20240905_u87-adhered_10x_caged_4_class,20250108_neuron-adhered_10x_uncaged_4_class,20250305_neuron-adhered_10x_uncaged_4_class"
20240516_DC-adhered_10x_caged_4_class,test_ds,0.681,lora_r32_0.5_u87-2025-neuron-adhered,"20240516_DC-adhered_10x_caged_4_class,20240422_neuron-adhered_10x_uncaged_4_class,20240703_neuron-adhered_10x_caged_4_class,20260316_a549-tomm20-gfp-adhered_10x_caged_at_4x_4_class,231212_imr90_multichannel_overlay_4_class,20250227_preadipocytes-adhered_10x_caged_4_class,20240624_mc38_10x_uncaged_4_class,20240509_Hs675Tfibroblasts_10x_caged_4_class,20240905_u87-adhered_10x_caged_4_class,20250108_neuron-adhered_10x_uncaged_4_class,20250305_neuron-adhered_10x_uncaged_4_class"
20240624_mc38_10x_caged_4_class,test_ds,0.608,lora_r32_0.5_u87-2025-neuron-adhered,"20240516_DC-adhered_10x_caged_4_class,20240422_neuron-adhered_10x_uncaged_4_class,20240703_neuron-adhered_10x_caged_4_class,20260316_a549-tomm20-gfp-adhered_10x_caged_at_4x_4_class,231212_imr90_multichannel_overlay_4_class,20250227_preadipocytes-adhered_10x_caged_4_class,20240624_mc38_10x_uncaged_4_class,20240509_Hs675Tfibroblasts_10x_caged_4_class,20240905_u87-adhered_10x_caged_4_class,20250108_neuron-adhered_10x_uncaged_4_class,20250305_neuron-adhered_10x_uncaged_4_class"
20240624_mc38_10x_uncaged_4_class,test_ds,0.699,lora_r32_0.5_u87-2025-neuron-adhered,"20240516_DC-adhered_10x_caged_4_class,20240422_neuron-adhered_10x_uncaged_4_class,20240703_neuron-adhered_10x_caged_4_class,20260316_a549-tomm20-gfp-adhered_10x_caged_at_4x_4_class,231212_imr90_multichannel_overlay_4_class,20250227_preadipocytes-adhered_10x_caged_4_class,20240624_mc38_10x_uncaged_4_class,20240509_Hs675Tfibroblasts_10x_caged_4_class,20240905_u87-adhered_10x_caged_4_class,20250108_neuron-adhered_10x_uncaged_4_class,20250305_neuron-adhered_10x_uncaged_4_class"
20240625_mc38_10x_caged_4_class,test_ds,0.572,lora_r32_0.5_u87-2025-neuron-adhered,"20240516_DC-adhered_10x_caged_4_class,20240422_neuron-adhered_10x_uncaged_4_class,20240703_neuron-adhered_10x_caged_4_class,20260316_a549-tomm20-gfp-adhered_10x_caged_at_4x_4_class,231212_imr90_multichannel_overlay_4_class,20250227_preadipocytes-adhered_10x_caged_4_class,20240624_mc38_10x_uncaged_4_class,20240509_Hs675Tfibroblasts_10x_caged_4_class,20240905_u87-adhered_10x_caged_4_class,20250108_neuron-adhered_10x_uncaged_4_class,20250305_neuron-adhered_10x_uncaged_4_class"
20240703_neuron-adhered_10x_caged_4_class,test_ds,0.501,lora_r32_0.5_u87-2025-neuron-adhered,"20240516_DC-adhered_10x_caged_4_class,20240422_neuron-adhered_10x_uncaged_4_class,20240703_neuron-adhered_10x_caged_4_class,20260316_a549-tomm20-gfp-adhered_10x_caged_at_4x_4_class,231212_imr90_multichannel_overlay_4_class,20250227_preadipocytes-adhered_10x_caged_4_class,20240624_mc38_10x_uncaged_4_class,20240509_Hs675Tfibroblasts_10x_caged_4_class,20240905_u87-adhered_10x_caged_4_class,20250108_neuron-adhered_10x_uncaged_4_class,20250305_neuron-adhered_10x_uncaged_4_class"
20240704_neuron-adhered_10x_caged_4_class,test_ds,0.509,lora_r32_0.5_u87-2025-neuron-adhered,"20240516_DC-adhered_10x_caged_4_class,20240422_neuron-adhered_10x_uncaged_4_class,20240703_neuron-adhered_10x_caged_4_class,20260316_a549-tomm20-gfp-adhered_10x_caged_at_4x_4_class,231212_imr90_multichannel_overlay_4_class,20250227_preadipocytes-adhered_10x_caged_4_class,20240624_mc38_10x_uncaged_4_class,20240509_Hs675Tfibroblasts_10x_caged_4_class,20240905_u87-adhered_10x_caged_4_class,20250108_neuron-adhered_10x_uncaged_4_class,20250305_neuron-adhered_10x_uncaged_4_class"
20240905_u87-adhered_10x_caged_4_class,test_ds,0.632,lora_r32_0.5_u87-2025-neuron-adhered,"20240516_DC-adhered_10x_caged_4_class,20240422_neuron-adhered_10x_uncaged_4_class,20240703_neuron-adhered_10x_caged_4_class,20260316_a549-tomm20-gfp-adhered_10x_caged_at_4x_4_class,231212_imr90_multichannel_overlay_4_class,20250227_preadipocytes-adhered_10x_caged_4_class,20240624_mc38_10x_uncaged_4_class,20240509_Hs675Tfibroblasts_10x_caged_4_class,20240905_u87-adhered_10x_caged_4_class,20250108_neuron-adhered_10x_uncaged_4_class,20250305_neuron-adhered_10x_uncaged_4_class"
20240924_enteric-glia-adhered_10x_uncaged_4_class,test_ds,0.74,lora_r32_0.5_u87-2025-neuron-adhered,"20240516_DC-adhered_10x_caged_4_class,20240422_neuron-adhered_10x_uncaged_4_class,20240703_neuron-adhered_10x_caged_4_class,20260316_a549-tomm20-gfp-adhered_10x_caged_at_4x_4_class,231212_imr90_multichannel_overlay_4_class,20250227_preadipocytes-adhered_10x_caged_4_class,20240624_mc38_10x_uncaged_4_class,20240509_Hs675Tfibroblasts_10x_caged_4_class,20240905_u87-adhered_10x_caged_4_class,20250108_neuron-adhered_10x_uncaged_4_class,20250305_neuron-adhered_10x_uncaged_4_class"
20241212_preadipocytes-adhered_10x_uncaged_4_class,test_ds,0.338,lora_r32_0.5_u87-2025-neuron-adhered,"20240516_DC-adhered_10x_caged_4_class,20240422_neuron-adhered_10x_uncaged_4_class,20240703_neuron-adhered_10x_caged_4_class,20260316_a549-tomm20-gfp-adhered_10x_caged_at_4x_4_class,231212_imr90_multichannel_overlay_4_class,20250227_preadipocytes-adhered_10x_caged_4_class,20240624_mc38_10x_uncaged_4_class,20240509_Hs675Tfibroblasts_10x_caged_4_class,20240905_u87-adhered_10x_caged_4_class,20250108_neuron-adhered_10x_uncaged_4_class,20250305_neuron-adhered_10x_uncaged_4_class"
20250108_neuron-adhered_10x_uncaged_4_class,test_ds,0.539,lora_r32_0.5_u87-2025-neuron-adhered,"20240516_DC-adhered_10x_caged_4_class,20240422_neuron-adhered_10x_uncaged_4_class,20240703_neuron-adhered_10x_caged_4_class,20260316_a549-tomm20-gfp-adhered_10x_caged_at_4x_4_class,231212_imr90_multichannel_overlay_4_class,20250227_preadipocytes-adhered_10x_caged_4_class,20240624_mc38_10x_uncaged_4_class,20240509_Hs675Tfibroblasts_10x_caged_4_class,20240905_u87-adhered_10x_caged_4_class,20250108_neuron-adhered_10x_uncaged_4_class,20250305_neuron-adhered_10x_uncaged_4_class"
20250227_preadipocytes-adhered_10x_caged_4_class,test_ds,0.469,lora_r32_0.5_u87-2025-neuron-adhered,"20240516_DC-adhered_10x_caged_4_class,20240422_neuron-adhered_10x_uncaged_4_class,20240703_neuron-adhered_10x_caged_4_class,20260316_a549-tomm20-gfp-adhered_10x_caged_at_4x_4_class,231212_imr90_multichannel_overlay_4_class,20250227_preadipocytes-adhered_10x_caged_4_class,20240624_mc38_10x_uncaged_4_class,20240509_Hs675Tfibroblasts_10x_caged_4_class,20240905_u87-adhered_10x_caged_4_class,20250108_neuron-adhered_10x_uncaged_4_class,20250305_neuron-adhered_10x_uncaged_4_class"
20250305_neuron-adhered_10x_uncaged_4_class,test_ds,0.707,lora_r32_0.5_u87-2025-neuron-adhered,"20240516_DC-adhered_10x_caged_4_class,20240422_neuron-adhered_10x_uncaged_4_class,20240703_neuron-adhered_10x_caged_4_class,20260316_a549-tomm20-gfp-adhered_10x_caged_at_4x_4_class,231212_imr90_multichannel_overlay_4_class,20250227_preadipocytes-adhered_10x_caged_4_class,20240624_mc38_10x_uncaged_4_class,20240509_Hs675Tfibroblasts_10x_caged_4_class,20240905_u87-adhered_10x_caged_4_class,20250108_neuron-adhered_10x_uncaged_4_class,20250305_neuron-adhered_10x_uncaged_4_class"
20250820_c8d1a_astrocytes-adherent_10x_caged_4_class,test_ds,0.456,lora_r32_0.5_u87-2025-neuron-adhered,"20240516_DC-adhered_10x_caged_4_class,20240422_neuron-adhered_10x_uncaged_4_class,20240703_neuron-adhered_10x_caged_4_class,20260316_a549-tomm20-gfp-adhered_10x_caged_at_4x_4_class,231212_imr90_multichannel_overlay_4_class,20250227_preadipocytes-adhered_10x_caged_4_class,20240624_mc38_10x_uncaged_4_class,20240509_Hs675Tfibroblasts_10x_caged_4_class,20240905_u87-adhered_10x_caged_4_class,20250108_neuron-adhered_10x_uncaged_4_class,20250305_neuron-adhered_10x_uncaged_4_class"
20250917_moc22-adhered_10x_caged_4_class,test_ds,0.508,lora_r32_0.5_u87-2025-neuron-adhered,"20240516_DC-adhered_10x_caged_4_class,20240422_neuron-adhered_10x_uncaged_4_class,20240703_neuron-adhered_10x_caged_4_class,20260316_a549-tomm20-gfp-adhered_10x_caged_at_4x_4_class,231212_imr90_multichannel_overlay_4_class,20250227_preadipocytes-adhered_10x_caged_4_class,20240624_mc38_10x_uncaged_4_class,20240509_Hs675Tfibroblasts_10x_caged_4_class,20240905_u87-adhered_10x_caged_4_class,20250108_neuron-adhered_10x_uncaged_4_class,20250305_neuron-adhered_10x_uncaged_4_class"
20260316_a549-tomm20-gfp-adhered_10x_caged_at_4x_4_class,test_ds,0.687,lora_r32_0.5_u87-2025-neuron-adhered,"20240516_DC-adhered_10x_caged_4_class,20240422_neuron-adhered_10x_uncaged_4_class,20240703_neuron-adhered_10x_caged_4_class,20260316_a549-tomm20-gfp-adhered_10x_caged_at_4x_4_class,231212_imr90_multichannel_overlay_4_class,20250227_preadipocytes-adhered_10x_caged_4_class,20240624_mc38_10x_uncaged_4_class,20240509_Hs675Tfibroblasts_10x_caged_4_class,20240905_u87-adhered_10x_caged_4_class,20250108_neuron-adhered_10x_uncaged_4_class,20250305_neuron-adhered_10x_uncaged_4_class"
231212_imr90_multichannel_overlay_4_class,test_ds,0.741,lora_r32_0.5_u87-2025-neuron-adhered,"20240516_DC-adhered_10x_caged_4_class,20240422_neuron-adhered_10x_uncaged_4_class,20240703_neuron-adhered_10x_caged_4_class,20260316_a549-tomm20-gfp-adhered_10x_caged_at_4x_4_class,231212_imr90_multichannel_overlay_4_class,20250227_preadipocytes-adhered_10x_caged_4_class,20240624_mc38_10x_uncaged_4_class,20240509_Hs675Tfibroblasts_10x_caged_4_class,20240905_u87-adhered_10x_caged_4_class,20250108_neuron-adhered_10x_uncaged_4_class,20250305_neuron-adhered_10x_uncaged_4_class"
240213_imr90_multichannel_overlay_4_class,test_ds,0.599,lora_r32_0.5_u87-2025-neuron-adhered,"20240516_DC-adhered_10x_caged_4_class,20240422_neuron-adhered_10x_uncaged_4_class,20240703_neuron-adhered_10x_caged_4_class,20260316_a549-tomm20-gfp-adhered_10x_caged_at_4x_4_class,231212_imr90_multichannel_overlay_4_class,20250227_preadipocytes-adhered_10x_caged_4_class,20240624_mc38_10x_uncaged_4_class,20240509_Hs675Tfibroblasts_10x_caged_4_class,20240905_u87-adhered_10x_caged_4_class,20250108_neuron-adhered_10x_uncaged_4_class,20250305_neuron-adhered_10x_uncaged_4_class"
20240516_DC-adhered_10x_caged_4_class,train_ds,0.687,lora_r32_frac0.05_u87-2025-neuron-adhered,"20240516_DC-adhered_10x_caged_4_class,20240422_neuron-adhered_10x_uncaged_4_class,20240703_neuron-adhered_10x_caged_4_class,20260316_a549-tomm20-gfp-adhered_10x_caged_at_4x_4_class,231212_imr90_multichannel_overlay_4_class,20250227_preadipocytes-adhered_10x_caged_4_class,20240624_mc38_10x_uncaged_4_class,20240509_Hs675Tfibroblasts_10x_caged_4_class,20240905_u87-adhered_10x_caged_4_class,20250108_neuron-adhered_10x_uncaged_4_class,20250305_neuron-adhered_10x_uncaged_4_class"
20240422_neuron-adhered_10x_uncaged_4_class,train_ds,0.551,lora_r32_frac0.05_u87-2025-neuron-adhered,"20240516_DC-adhered_10x_caged_4_class,20240422_neuron-adhered_10x_uncaged_4_class,20240703_neuron-adhered_10x_caged_4_class,20260316_a549-tomm20-gfp-adhered_10x_caged_at_4x_4_class,231212_imr90_multichannel_overlay_4_class,20250227_preadipocytes-adhered_10x_caged_4_class,20240624_mc38_10x_uncaged_4_class,20240509_Hs675Tfibroblasts_10x_caged_4_class,20240905_u87-adhered_10x_caged_4_class,20250108_neuron-adhered_10x_uncaged_4_class,20250305_neuron-adhered_10x_uncaged_4_class"
20240703_neuron-adhered_10x_caged_4_class,train_ds,0.526,lora_r32_frac0.05_u87-2025-neuron-adhered,"20240516_DC-adhered_10x_caged_4_class,20240422_neuron-adhered_10x_uncaged_4_class,20240703_neuron-adhered_10x_caged_4_class,20260316_a549-tomm20-gfp-adhered_10x_caged_at_4x_4_class,231212_imr90_multichannel_overlay_4_class,20250227_preadipocytes-adhered_10x_caged_4_class,20240624_mc38_10x_uncaged_4_class,20240509_Hs675Tfibroblasts_10x_caged_4_class,20240905_u87-adhered_10x_caged_4_class,20250108_neuron-adhered_10x_uncaged_4_class,20250305_neuron-adhered_10x_uncaged_4_class"
20260316_a549-tomm20-gfp-adhered_10x_caged_at_4x_4_class,train_ds,0.72,lora_r32_frac0.05_u87-2025-neuron-adhered,"20240516_DC-adhered_10x_caged_4_class,20240422_neuron-adhered_10x_uncaged_4_class,20240703_neuron-adhered_10x_caged_4_class,20260316_a549-tomm20-gfp-adhered_10x_caged_at_4x_4_class,231212_imr90_multichannel_overlay_4_class,20250227_preadipocytes-adhered_10x_caged_4_class,20240624_mc38_10x_uncaged_4_class,20240509_Hs675Tfibroblasts_10x_caged_4_class,20240905_u87-adhered_10x_caged_4_class,20250108_neuron-adhered_10x_uncaged_4_class,20250305_neuron-adhered_10x_uncaged_4_class"
231212_imr90_multichannel_overlay_4_class,train_ds,0.763,lora_r32_frac0.05_u87-2025-neuron-adhered,"20240516_DC-adhered_10x_caged_4_class,20240422_neuron-adhered_10x_uncaged_4_class,20240703_neuron-adhered_10x_caged_4_class,20260316_a549-tomm20-gfp-adhered_10x_caged_at_4x_4_class,231212_imr90_multichannel_overlay_4_class,20250227_preadipocytes-adhered_10x_caged_4_class,20240624_mc38_10x_uncaged_4_class,20240509_Hs675Tfibroblasts_10x_caged_4_class,20240905_u87-adhered_10x_caged_4_class,20250108_neuron-adhered_10x_uncaged_4_class,20250305_neuron-adhered_10x_uncaged_4_class"
20250227_preadipocytes-adhered_10x_caged_4_class,train_ds,0.494,lora_r32_frac0.05_u87-2025-neuron-adhered,"20240516_DC-adhered_10x_caged_4_class,20240422_neuron-adhered_10x_uncaged_4_class,20240703_neuron-adhered_10x_caged_4_class,20260316_a549-tomm20-gfp-adhered_10x_caged_at_4x_4_class,231212_imr90_multichannel_overlay_4_class,20250227_preadipocytes-adhered_10x_caged_4_class,20240624_mc38_10x_uncaged_4_class,20240509_Hs675Tfibroblasts_10x_caged_4_class,20240905_u87-adhered_10x_caged_4_class,20250108_neuron-adhered_10x_uncaged_4_class,20250305_neuron-adhered_10x_uncaged_4_class"
20240624_mc38_10x_uncaged_4_class,train_ds,0.711,lora_r32_frac0.05_u87-2025-neuron-adhered,"20240516_DC-adhered_10x_caged_4_class,20240422_neuron-adhered_10x_uncaged_4_class,20240703_neuron-adhered_10x_caged_4_class,20260316_a549-tomm20-gfp-adhered_10x_caged_at_4x_4_class,231212_imr90_multichannel_overlay_4_class,20250227_preadipocytes-adhered_10x_caged_4_class,20240624_mc38_10x_uncaged_4_class,20240509_Hs675Tfibroblasts_10x_caged_4_class,20240905_u87-adhered_10x_caged_4_class,20250108_neuron-adhered_10x_uncaged_4_class,20250305_neuron-adhered_10x_uncaged_4_class"
20240509_Hs675Tfibroblasts_10x_caged_4_class,train_ds,0.671,lora_r32_frac0.05_u87-2025-neuron-adhered,"20240516_DC-adhered_10x_caged_4_class,20240422_neuron-adhered_10x_uncaged_4_class,20240703_neuron-adhered_10x_caged_4_class,20260316_a549-tomm20-gfp-adhered_10x_caged_at_4x_4_class,231212_imr90_multichannel_overlay_4_class,20250227_preadipocytes-adhered_10x_caged_4_class,20240624_mc38_10x_uncaged_4_class,20240509_Hs675Tfibroblasts_10x_caged_4_class,20240905_u87-adhered_10x_caged_4_class,20250108_neuron-adhered_10x_uncaged_4_class,20250305_neuron-adhered_10x_uncaged_4_class"
20240905_u87-adhered_10x_caged_4_class,train_ds,0.559,lora_r32_frac0.05_u87-2025-neuron-adhered,"20240516_DC-adhered_10x_caged_4_class,20240422_neuron-adhered_10x_uncaged_4_class,20240703_neuron-adhered_10x_caged_4_class,20260316_a549-tomm20-gfp-adhered_10x_caged_at_4x_4_class,231212_imr90_multichannel_overlay_4_class,20250227_preadipocytes-adhered_10x_caged_4_class,20240624_mc38_10x_uncaged_4_class,20240509_Hs675Tfibroblasts_10x_caged_4_class,20240905_u87-adhered_10x_caged_4_class,20250108_neuron-adhered_10x_uncaged_4_class,20250305_neuron-adhered_10x_uncaged_4_class"
20250108_neuron-adhered_10x_uncaged_4_class,train_ds,0.446,lora_r32_frac0.05_u87-2025-neuron-adhered,"20240516_DC-adhered_10x_caged_4_class,20240422_neuron-adhered_10x_uncaged_4_class,20240703_neuron-adhered_10x_caged_4_class,20260316_a549-tomm20-gfp-adhered_10x_caged_at_4x_4_class,231212_imr90_multichannel_overlay_4_class,20250227_preadipocytes-adhered_10x_caged_4_class,20240624_mc38_10x_uncaged_4_class,20240509_Hs675Tfibroblasts_10x_caged_4_class,20240905_u87-adhered_10x_caged_4_class,20250108_neuron-adhered_10x_uncaged_4_class,20250305_neuron-adhered_10x_uncaged_4_class"
20250305_neuron-adhered_10x_uncaged_4_class,train_ds,0.667,lora_r32_frac0.05_u87-2025-neuron-adhered,"20240516_DC-adhered_10x_caged_4_class,20240422_neuron-adhered_10x_uncaged_4_class,20240703_neuron-adhered_10x_caged_4_class,20260316_a549-tomm20-gfp-adhered_10x_caged_at_4x_4_class,231212_imr90_multichannel_overlay_4_class,20250227_preadipocytes-adhered_10x_caged_4_class,20240624_mc38_10x_uncaged_4_class,20240509_Hs675Tfibroblasts_10x_caged_4_class,20240905_u87-adhered_10x_caged_4_class,20250108_neuron-adhered_10x_uncaged_4_class,20250305_neuron-adhered_10x_uncaged_4_class"
20240422_neuron-adhered_10x_uncaged_4_class,test_ds,0.551,lora_r32_frac0.05_u87-2025-neuron-adhered,"20240516_DC-adhered_10x_caged_4_class,20240422_neuron-adhered_10x_uncaged_4_class,20240703_neuron-adhered_10x_caged_4_class,20260316_a549-tomm20-gfp-adhered_10x_caged_at_4x_4_class,231212_imr90_multichannel_overlay_4_class,20250227_preadipocytes-adhered_10x_caged_4_class,20240624_mc38_10x_uncaged_4_class,20240509_Hs675Tfibroblasts_10x_caged_4_class,20240905_u87-adhered_10x_caged_4_class,20250108_neuron-adhered_10x_uncaged_4_class,20250305_neuron-adhered_10x_uncaged_4_class"
20240509_Hs675Tfibroblasts_10x_caged_4_class,test_ds,0.671,lora_r32_frac0.05_u87-2025-neuron-adhered,"20240516_DC-adhered_10x_caged_4_class,20240422_neuron-adhered_10x_uncaged_4_class,20240703_neuron-adhered_10x_caged_4_class,20260316_a549-tomm20-gfp-adhered_10x_caged_at_4x_4_class,231212_imr90_multichannel_overlay_4_class,20250227_preadipocytes-adhered_10x_caged_4_class,20240624_mc38_10x_uncaged_4_class,20240509_Hs675Tfibroblasts_10x_caged_4_class,20240905_u87-adhered_10x_caged_4_class,20250108_neuron-adhered_10x_uncaged_4_class,20250305_neuron-adhered_10x_uncaged_4_class"
20240509_hela-adhered_10x_caged_4_class,test_ds,0.541,lora_r32_frac0.05_u87-2025-neuron-adhered,"20240516_DC-adhered_10x_caged_4_class,20240422_neuron-adhered_10x_uncaged_4_class,20240703_neuron-adhered_10x_caged_4_class,20260316_a549-tomm20-gfp-adhered_10x_caged_at_4x_4_class,231212_imr90_multichannel_overlay_4_class,20250227_preadipocytes-adhered_10x_caged_4_class,20240624_mc38_10x_uncaged_4_class,20240509_Hs675Tfibroblasts_10x_caged_4_class,20240905_u87-adhered_10x_caged_4_class,20250108_neuron-adhered_10x_uncaged_4_class,20250305_neuron-adhered_10x_uncaged_4_class"
20240515_DC-adhered_10x_caged_4_class,test_ds,0.68,lora_r32_frac0.05_u87-2025-neuron-adhered,"20240516_DC-adhered_10x_caged_4_class,20240422_neuron-adhered_10x_uncaged_4_class,20240703_neuron-adhered_10x_caged_4_class,20260316_a549-tomm20-gfp-adhered_10x_caged_at_4x_4_class,231212_imr90_multichannel_overlay_4_class,20250227_preadipocytes-adhered_10x_caged_4_class,20240624_mc38_10x_uncaged_4_class,20240509_Hs675Tfibroblasts_10x_caged_4_class,20240905_u87-adhered_10x_caged_4_class,20250108_neuron-adhered_10x_uncaged_4_class,20250305_neuron-adhered_10x_uncaged_4_class"
20240516_DC-adhered_10x_caged_4_class,test_ds,0.687,lora_r32_frac0.05_u87-2025-neuron-adhered,"20240516_DC-adhered_10x_caged_4_class,20240422_neuron-adhered_10x_uncaged_4_class,20240703_neuron-adhered_10x_caged_4_class,20260316_a549-tomm20-gfp-adhered_10x_caged_at_4x_4_class,231212_imr90_multichannel_overlay_4_class,20250227_preadipocytes-adhered_10x_caged_4_class,20240624_mc38_10x_uncaged_4_class,20240509_Hs675Tfibroblasts_10x_caged_4_class,20240905_u87-adhered_10x_caged_4_class,20250108_neuron-adhered_10x_uncaged_4_class,20250305_neuron-adhered_10x_uncaged_4_class"
20240624_mc38_10x_caged_4_class,test_ds,0.595,lora_r32_frac0.05_u87-2025-neuron-adhered,"20240516_DC-adhered_10x_caged_4_class,20240422_neuron-adhered_10x_uncaged_4_class,20240703_neuron-adhered_10x_caged_4_class,20260316_a549-tomm20-gfp-adhered_10x_caged_at_4x_4_class,231212_imr90_multichannel_overlay_4_class,20250227_preadipocytes-adhered_10x_caged_4_class,20240624_mc38_10x_uncaged_4_class,20240509_Hs675Tfibroblasts_10x_caged_4_class,20240905_u87-adhered_10x_caged_4_class,20250108_neuron-adhered_10x_uncaged_4_class,20250305_neuron-adhered_10x_uncaged_4_class"
20240624_mc38_10x_uncaged_4_class,test_ds,0.711,lora_r32_frac0.05_u87-2025-neuron-adhered,"20240516_DC-adhered_10x_caged_4_class,20240422_neuron-adhered_10x_uncaged_4_class,20240703_neuron-adhered_10x_caged_4_class,20260316_a549-tomm20-gfp-adhered_10x_caged_at_4x_4_class,231212_imr90_multichannel_overlay_4_class,20250227_preadipocytes-adhered_10x_caged_4_class,20240624_mc38_10x_uncaged_4_class,20240509_Hs675Tfibroblasts_10x_caged_4_class,20240905_u87-adhered_10x_caged_4_class,20250108_neuron-adhered_10x_uncaged_4_class,20250305_neuron-adhered_10x_uncaged_4_class"
20240625_mc38_10x_caged_4_class,test_ds,0.565,lora_r32_frac0.05_u87-2025-neuron-adhered,"20240516_DC-adhered_10x_caged_4_class,20240422_neuron-adhered_10x_uncaged_4_class,20240703_neuron-adhered_10x_caged_4_class,20260316_a549-tomm20-gfp-adhered_10x_caged_at_4x_4_class,231212_imr90_multichannel_overlay_4_class,20250227_preadipocytes-adhered_10x_caged_4_class,20240624_mc38_10x_uncaged_4_class,20240509_Hs675Tfibroblasts_10x_caged_4_class,20240905_u87-adhered_10x_caged_4_class,20250108_neuron-adhered_10x_uncaged_4_class,20250305_neuron-adhered_10x_uncaged_4_class"
20240703_neuron-adhered_10x_caged_4_class,test_ds,0.526,lora_r32_frac0.05_u87-2025-neuron-adhered,"20240516_DC-adhered_10x_caged_4_class,20240422_neuron-adhered_10x_uncaged_4_class,20240703_neuron-adhered_10x_caged_4_class,20260316_a549-tomm20-gfp-adhered_10x_caged_at_4x_4_class,231212_imr90_multichannel_overlay_4_class,20250227_preadipocytes-adhered_10x_caged_4_class,20240624_mc38_10x_uncaged_4_class,20240509_Hs675Tfibroblasts_10x_caged_4_class,20240905_u87-adhered_10x_caged_4_class,20250108_neuron-adhered_10x_uncaged_4_class,20250305_neuron-adhered_10x_uncaged_4_class"
20240704_neuron-adhered_10x_caged_4_class,test_ds,0.552,lora_r32_frac0.05_u87-2025-neuron-adhered,"20240516_DC-adhered_10x_caged_4_class,20240422_neuron-adhered_10x_uncaged_4_class,20240703_neuron-adhered_10x_caged_4_class,20260316_a549-tomm20-gfp-adhered_10x_caged_at_4x_4_class,231212_imr90_multichannel_overlay_4_class,20250227_preadipocytes-adhered_10x_caged_4_class,20240624_mc38_10x_uncaged_4_class,20240509_Hs675Tfibroblasts_10x_caged_4_class,20240905_u87-adhered_10x_caged_4_class,20250108_neuron-adhered_10x_uncaged_4_class,20250305_neuron-adhered_10x_uncaged_4_class"
20240905_u87-adhered_10x_caged_4_class,test_ds,0.559,lora_r32_frac0.05_u87-2025-neuron-adhered,"20240516_DC-adhered_10x_caged_4_class,20240422_neuron-adhered_10x_uncaged_4_class,20240703_neuron-adhered_10x_caged_4_class,20260316_a549-tomm20-gfp-adhered_10x_caged_at_4x_4_class,231212_imr90_multichannel_overlay_4_class,20250227_preadipocytes-adhered_10x_caged_4_class,20240624_mc38_10x_uncaged_4_class,20240509_Hs675Tfibroblasts_10x_caged_4_class,20240905_u87-adhered_10x_caged_4_class,20250108_neuron-adhered_10x_uncaged_4_class,20250305_neuron-adhered_10x_uncaged_4_class"
20240924_enteric-glia-adhered_10x_uncaged_4_class,test_ds,0.695,lora_r32_frac0.05_u87-2025-neuron-adhered,"20240516_DC-adhered_10x_caged_4_class,20240422_neuron-adhered_10x_uncaged_4_class,20240703_neuron-adhered_10x_caged_4_class,20260316_a549-tomm20-gfp-adhered_10x_caged_at_4x_4_class,231212_imr90_multichannel_overlay_4_class,20250227_preadipocytes-adhered_10x_caged_4_class,20240624_mc38_10x_uncaged_4_class,20240509_Hs675Tfibroblasts_10x_caged_4_class,20240905_u87-adhered_10x_caged_4_class,20250108_neuron-adhered_10x_uncaged_4_class,20250305_neuron-adhered_10x_uncaged_4_class"
20241212_preadipocytes-adhered_10x_uncaged_4_class,test_ds,0.352,lora_r32_frac0.05_u87-2025-neuron-adhered,"20240516_DC-adhered_10x_caged_4_class,20240422_neuron-adhered_10x_uncaged_4_class,20240703_neuron-adhered_10x_caged_4_class,20260316_a549-tomm20-gfp-adhered_10x_caged_at_4x_4_class,231212_imr90_multichannel_overlay_4_class,20250227_preadipocytes-adhered_10x_caged_4_class,20240624_mc38_10x_uncaged_4_class,20240509_Hs675Tfibroblasts_10x_caged_4_class,20240905_u87-adhered_10x_caged_4_class,20250108_neuron-adhered_10x_uncaged_4_class,20250305_neuron-adhered_10x_uncaged_4_class"
20250108_neuron-adhered_10x_uncaged_4_class,test_ds,0.446,lora_r32_frac0.05_u87-2025-neuron-adhered,"20240516_DC-adhered_10x_caged_4_class,20240422_neuron-adhered_10x_uncaged_4_class,20240703_neuron-adhered_10x_caged_4_class,20260316_a549-tomm20-gfp-adhered_10x_caged_at_4x_4_class,231212_imr90_multichannel_overlay_4_class,20250227_preadipocytes-adhered_10x_caged_4_class,20240624_mc38_10x_uncaged_4_class,20240509_Hs675Tfibroblasts_10x_caged_4_class,20240905_u87-adhered_10x_caged_4_class,20250108_neuron-adhered_10x_uncaged_4_class,20250305_neuron-adhered_10x_uncaged_4_class"
20250227_preadipocytes-adhered_10x_caged_4_class,test_ds,0.494,lora_r32_frac0.05_u87-2025-neuron-adhered,"20240516_DC-adhered_10x_caged_4_class,20240422_neuron-adhered_10x_uncaged_4_class,20240703_neuron-adhered_10x_caged_4_class,20260316_a549-tomm20-gfp-adhered_10x_caged_at_4x_4_class,231212_imr90_multichannel_overlay_4_class,20250227_preadipocytes-adhered_10x_caged_4_class,20240624_mc38_10x_uncaged_4_class,20240509_Hs675Tfibroblasts_10x_caged_4_class,20240905_u87-adhered_10x_caged_4_class,20250108_neuron-adhered_10x_uncaged_4_class,20250305_neuron-adhered_10x_uncaged_4_class"
20250305_neuron-adhered_10x_uncaged_4_class,test_ds,0.667,lora_r32_frac0.05_u87-2025-neuron-adhered,"20240516_DC-adhered_10x_caged_4_class,20240422_neuron-adhered_10x_uncaged_4_class,20240703_neuron-adhered_10x_caged_4_class,20260316_a549-tomm20-gfp-adhered_10x_caged_at_4x_4_class,231212_imr90_multichannel_overlay_4_class,20250227_preadipocytes-adhered_10x_caged_4_class,20240624_mc38_10x_uncaged_4_class,20240509_Hs675Tfibroblasts_10x_caged_4_class,20240905_u87-adhered_10x_caged_4_class,20250108_neuron-adhered_10x_uncaged_4_class,20250305_neuron-adhered_10x_uncaged_4_class"
20250820_c8d1a_astrocytes-adherent_10x_caged_4_class,test_ds,0.507,lora_r32_frac0.05_u87-2025-neuron-adhered,"20240516_DC-adhered_10x_caged_4_class,20240422_neuron-adhered_10x_uncaged_4_class,20240703_neuron-adhered_10x_caged_4_class,20260316_a549-tomm20-gfp-adhered_10x_caged_at_4x_4_class,231212_imr90_multichannel_overlay_4_class,20250227_preadipocytes-adhered_10x_caged_4_class,20240624_mc38_10x_uncaged_4_class,20240509_Hs675Tfibroblasts_10x_caged_4_class,20240905_u87-adhered_10x_caged_4_class,20250108_neuron-adhered_10x_uncaged_4_class,20250305_neuron-adhered_10x_uncaged_4_class"
20250917_moc22-adhered_10x_caged_4_class,test_ds,0.519,lora_r32_frac0.05_u87-2025-neuron-adhered,"20240516_DC-adhered_10x_caged_4_class,20240422_neuron-adhered_10x_uncaged_4_class,20240703_neuron-adhered_10x_caged_4_class,20260316_a549-tomm20-gfp-adhered_10x_caged_at_4x_4_class,231212_imr90_multichannel_overlay_4_class,20250227_preadipocytes-adhered_10x_caged_4_class,20240624_mc38_10x_uncaged_4_class,20240509_Hs675Tfibroblasts_10x_caged_4_class,20240905_u87-adhered_10x_caged_4_class,20250108_neuron-adhered_10x_uncaged_4_class,20250305_neuron-adhered_10x_uncaged_4_class"
20260316_a549-tomm20-gfp-adhered_10x_caged_at_4x_4_class,test_ds,0.72,lora_r32_frac0.05_u87-2025-neuron-adhered,"20240516_DC-adhered_10x_caged_4_class,20240422_neuron-adhered_10x_uncaged_4_class,20240703_neuron-adhered_10x_caged_4_class,20260316_a549-tomm20-gfp-adhered_10x_caged_at_4x_4_class,231212_imr90_multichannel_overlay_4_class,20250227_preadipocytes-adhered_10x_caged_4_class,20240624_mc38_10x_uncaged_4_class,20240509_Hs675Tfibroblasts_10x_caged_4_class,20240905_u87-adhered_10x_caged_4_class,20250108_neuron-adhered_10x_uncaged_4_class,20250305_neuron-adhered_10x_uncaged_4_class"
231212_imr90_multichannel_overlay_4_class,test_ds,0.763,lora_r32_frac0.05_u87-2025-neuron-adhered,"20240516_DC-adhered_10x_caged_4_class,20240422_neuron-adhered_10x_uncaged_4_class,20240703_neuron-adhered_10x_caged_4_class,20260316_a549-tomm20-gfp-adhered_10x_caged_at_4x_4_class,231212_imr90_multichannel_overlay_4_class,20250227_preadipocytes-adhered_10x_caged_4_class,20240624_mc38_10x_uncaged_4_class,20240509_Hs675Tfibroblasts_10x_caged_4_class,20240905_u87-adhered_10x_caged_4_class,20250108_neuron-adhered_10x_uncaged_4_class,20250305_neuron-adhered_10x_uncaged_4_class"
240213_imr90_multichannel_overlay_4_class,test_ds,0.562,lora_r32_frac0.05_u87-2025-neuron-adhered,"20240516_DC-adhered_10x_caged_4_class,20240422_neuron-adhered_10x_uncaged_4_class,20240703_neuron-adhered_10x_caged_4_class,20260316_a549-tomm20-gfp-adhered_10x_caged_at_4x_4_class,231212_imr90_multichannel_overlay_4_class,20250227_preadipocytes-adhered_10x_caged_4_class,20240624_mc38_10x_uncaged_4_class,20240509_Hs675Tfibroblasts_10x_caged_4_class,20240905_u87-adhered_10x_caged_4_class,20250108_neuron-adhered_10x_uncaged_4_class,20250305_neuron-adhered_10x_uncaged_4_class"
20240516_DC-adhered_10x_caged_4_class,train_ds,0.7,lora_r64_0.01_u87-2025-neuron-adhered,"20240516_DC-adhered_10x_caged_4_class,20240422_neuron-adhered_10x_uncaged_4_class,20240703_neuron-adhered_10x_caged_4_class,20260316_a549-tomm20-gfp-adhered_10x_caged_at_4x_4_class,231212_imr90_multichannel_overlay_4_class,20250227_preadipocytes-adhered_10x_caged_4_class,20240624_mc38_10x_uncaged_4_class,20240509_Hs675Tfibroblasts_10x_caged_4_class,20240905_u87-adhered_10x_caged_4_class,20250108_neuron-adhered_10x_uncaged_4_class,20250305_neuron-adhered_10x_uncaged_4_class"
20240422_neuron-adhered_10x_uncaged_4_class,train_ds,0.551,lora_r64_0.01_u87-2025-neuron-adhered,"20240516_DC-adhered_10x_caged_4_class,20240422_neuron-adhered_10x_uncaged_4_class,20240703_neuron-adhered_10x_caged_4_class,20260316_a549-tomm20-gfp-adhered_10x_caged_at_4x_4_class,231212_imr90_multichannel_overlay_4_class,20250227_preadipocytes-adhered_10x_caged_4_class,20240624_mc38_10x_uncaged_4_class,20240509_Hs675Tfibroblasts_10x_caged_4_class,20240905_u87-adhered_10x_caged_4_class,20250108_neuron-adhered_10x_uncaged_4_class,20250305_neuron-adhered_10x_uncaged_4_class"
20240703_neuron-adhered_10x_caged_4_class,train_ds,0.589,lora_r64_0.01_u87-2025-neuron-adhered,"20240516_DC-adhered_10x_caged_4_class,20240422_neuron-adhered_10x_uncaged_4_class,20240703_neuron-adhered_10x_caged_4_class,20260316_a549-tomm20-gfp-adhered_10x_caged_at_4x_4_class,231212_imr90_multichannel_overlay_4_class,20250227_preadipocytes-adhered_10x_caged_4_class,20240624_mc38_10x_uncaged_4_class,20240509_Hs675Tfibroblasts_10x_caged_4_class,20240905_u87-adhered_10x_caged_4_class,20250108_neuron-adhered_10x_uncaged_4_class,20250305_neuron-adhered_10x_uncaged_4_class"
20260316_a549-tomm20-gfp-adhered_10x_caged_at_4x_4_class,train_ds,0.723,lora_r64_0.01_u87-2025-neuron-adhered,"20240516_DC-adhered_10x_caged_4_class,20240422_neuron-adhered_10x_uncaged_4_class,20240703_neuron-adhered_10x_caged_4_class,20260316_a549-tomm20-gfp-adhered_10x_caged_at_4x_4_class,231212_imr90_multichannel_overlay_4_class,20250227_preadipocytes-adhered_10x_caged_4_class,20240624_mc38_10x_uncaged_4_class,20240509_Hs675Tfibroblasts_10x_caged_4_class,20240905_u87-adhered_10x_caged_4_class,20250108_neuron-adhered_10x_uncaged_4_class,20250305_neuron-adhered_10x_uncaged_4_class"
231212_imr90_multichannel_overlay_4_class,train_ds,0.773,lora_r64_0.01_u87-2025-neuron-adhered,"20240516_DC-adhered_10x_caged_4_class,20240422_neuron-adhered_10x_uncaged_4_class,20240703_neuron-adhered_10x_caged_4_class,20260316_a549-tomm20-gfp-adhered_10x_caged_at_4x_4_class,231212_imr90_multichannel_overlay_4_class,20250227_preadipocytes-adhered_10x_caged_4_class,20240624_mc38_10x_uncaged_4_class,20240509_Hs675Tfibroblasts_10x_caged_4_class,20240905_u87-adhered_10x_caged_4_class,20250108_neuron-adhered_10x_uncaged_4_class,20250305_neuron-adhered_10x_uncaged_4_class"
20250227_preadipocytes-adhered_10x_caged_4_class,train_ds,0.501,lora_r64_0.01_u87-2025-neuron-adhered,"20240516_DC-adhered_10x_caged_4_class,20240422_neuron-adhered_10x_uncaged_4_class,20240703_neuron-adhered_10x_caged_4_class,20260316_a549-tomm20-gfp-adhered_10x_caged_at_4x_4_class,231212_imr90_multichannel_overlay_4_class,20250227_preadipocytes-adhered_10x_caged_4_class,20240624_mc38_10x_uncaged_4_class,20240509_Hs675Tfibroblasts_10x_caged_4_class,20240905_u87-adhered_10x_caged_4_class,20250108_neuron-adhered_10x_uncaged_4_class,20250305_neuron-adhered_10x_uncaged_4_class"
20240624_mc38_10x_uncaged_4_class,train_ds,0.718,lora_r64_0.01_u87-2025-neuron-adhered,"20240516_DC-adhered_10x_caged_4_class,20240422_neuron-adhered_10x_uncaged_4_class,20240703_neuron-adhered_10x_caged_4_class,20260316_a549-tomm20-gfp-adhered_10x_caged_at_4x_4_class,231212_imr90_multichannel_overlay_4_class,20250227_preadipocytes-adhered_10x_caged_4_class,20240624_mc38_10x_uncaged_4_class,20240509_Hs675Tfibroblasts_10x_caged_4_class,20240905_u87-adhered_10x_caged_4_class,20250108_neuron-adhered_10x_uncaged_4_class,20250305_neuron-adhered_10x_uncaged_4_class"
20240509_Hs675Tfibroblasts_10x_caged_4_class,train_ds,0.688,lora_r64_0.01_u87-2025-neuron-adhered,"20240516_DC-adhered_10x_caged_4_class,20240422_neuron-adhered_10x_uncaged_4_class,20240703_neuron-adhered_10x_caged_4_class,20260316_a549-tomm20-gfp-adhered_10x_caged_at_4x_4_class,231212_imr90_multichannel_overlay_4_class,20250227_preadipocytes-adhered_10x_caged_4_class,20240624_mc38_10x_uncaged_4_class,20240509_Hs675Tfibroblasts_10x_caged_4_class,20240905_u87-adhered_10x_caged_4_class,20250108_neuron-adhered_10x_uncaged_4_class,20250305_neuron-adhered_10x_uncaged_4_class"
20240905_u87-adhered_10x_caged_4_class,train_ds,0.556,lora_r64_0.01_u87-2025-neuron-adhered,"20240516_DC-adhered_10x_caged_4_class,20240422_neuron-adhered_10x_uncaged_4_class,20240703_neuron-adhered_10x_caged_4_class,20260316_a549-tomm20-gfp-adhered_10x_caged_at_4x_4_class,231212_imr90_multichannel_overlay_4_class,20250227_preadipocytes-adhered_10x_caged_4_class,20240624_mc38_10x_uncaged_4_class,20240509_Hs675Tfibroblasts_10x_caged_4_class,20240905_u87-adhered_10x_caged_4_class,20250108_neuron-adhered_10x_uncaged_4_class,20250305_neuron-adhered_10x_uncaged_4_class"
20250108_neuron-adhered_10x_uncaged_4_class,train_ds,0.412,lora_r64_0.01_u87-2025-neuron-adhered,"20240516_DC-adhered_10x_caged_4_class,20240422_neuron-adhered_10x_uncaged_4_class,20240703_neuron-adhered_10x_caged_4_class,20260316_a549-tomm20-gfp-adhered_10x_caged_at_4x_4_class,231212_imr90_multichannel_overlay_4_class,20250227_preadipocytes-adhered_10x_caged_4_class,20240624_mc38_10x_uncaged_4_class,20240509_Hs675Tfibroblasts_10x_caged_4_class,20240905_u87-adhered_10x_caged_4_class,20250108_neuron-adhered_10x_uncaged_4_class,20250305_neuron-adhered_10x_uncaged_4_class"
20250305_neuron-adhered_10x_uncaged_4_class,train_ds,0.637,lora_r64_0.01_u87-2025-neuron-adhered,"20240516_DC-adhered_10x_caged_4_class,20240422_neuron-adhered_10x_uncaged_4_class,20240703_neuron-adhered_10x_caged_4_class,20260316_a549-tomm20-gfp-adhered_10x_caged_at_4x_4_class,231212_imr90_multichannel_overlay_4_class,20250227_preadipocytes-adhered_10x_caged_4_class,20240624_mc38_10x_uncaged_4_class,20240509_Hs675Tfibroblasts_10x_caged_4_class,20240905_u87-adhered_10x_caged_4_class,20250108_neuron-adhered_10x_uncaged_4_class,20250305_neuron-adhered_10x_uncaged_4_class"
20240422_neuron-adhered_10x_uncaged_4_class,test_ds,0.551,lora_r64_0.01_u87-2025-neuron-adhered,"20240516_DC-adhered_10x_caged_4_class,20240422_neuron-adhered_10x_uncaged_4_class,20240703_neuron-adhered_10x_caged_4_class,20260316_a549-tomm20-gfp-adhered_10x_caged_at_4x_4_class,231212_imr90_multichannel_overlay_4_class,20250227_preadipocytes-adhered_10x_caged_4_class,20240624_mc38_10x_uncaged_4_class,20240509_Hs675Tfibroblasts_10x_caged_4_class,20240905_u87-adhered_10x_caged_4_class,20250108_neuron-adhered_10x_uncaged_4_class,20250305_neuron-adhered_10x_uncaged_4_class"
20240509_Hs675Tfibroblasts_10x_caged_4_class,test_ds,0.688,lora_r64_0.01_u87-2025-neuron-adhered,"20240516_DC-adhered_10x_caged_4_class,20240422_neuron-adhered_10x_uncaged_4_class,20240703_neuron-adhered_10x_caged_4_class,20260316_a549-tomm20-gfp-adhered_10x_caged_at_4x_4_class,231212_imr90_multichannel_overlay_4_class,20250227_preadipocytes-adhered_10x_caged_4_class,20240624_mc38_10x_uncaged_4_class,20240509_Hs675Tfibroblasts_10x_caged_4_class,20240905_u87-adhered_10x_caged_4_class,20250108_neuron-adhered_10x_uncaged_4_class,20250305_neuron-adhered_10x_uncaged_4_class"
20240509_hela-adhered_10x_caged_4_class,test_ds,0.556,lora_r64_0.01_u87-2025-neuron-adhered,"20240516_DC-adhered_10x_caged_4_class,20240422_neuron-adhered_10x_uncaged_4_class,20240703_neuron-adhered_10x_caged_4_class,20260316_a549-tomm20-gfp-adhered_10x_caged_at_4x_4_class,231212_imr90_multichannel_overlay_4_class,20250227_preadipocytes-adhered_10x_caged_4_class,20240624_mc38_10x_uncaged_4_class,20240509_Hs675Tfibroblasts_10x_caged_4_class,20240905_u87-adhered_10x_caged_4_class,20250108_neuron-adhered_10x_uncaged_4_class,20250305_neuron-adhered_10x_uncaged_4_class"
20240515_DC-adhered_10x_caged_4_class,test_ds,0.687,lora_r64_0.01_u87-2025-neuron-adhered,"20240516_DC-adhered_10x_caged_4_class,20240422_neuron-adhered_10x_uncaged_4_class,20240703_neuron-adhered_10x_caged_4_class,20260316_a549-tomm20-gfp-adhered_10x_caged_at_4x_4_class,231212_imr90_multichannel_overlay_4_class,20250227_preadipocytes-adhered_10x_caged_4_class,20240624_mc38_10x_uncaged_4_class,20240509_Hs675Tfibroblasts_10x_caged_4_class,20240905_u87-adhered_10x_caged_4_class,20250108_neuron-adhered_10x_uncaged_4_class,20250305_neuron-adhered_10x_uncaged_4_class"
20240516_DC-adhered_10x_caged_4_class,test_ds,0.7,lora_r64_0.01_u87-2025-neuron-adhered,"20240516_DC-adhered_10x_caged_4_class,20240422_neuron-adhered_10x_uncaged_4_class,20240703_neuron-adhered_10x_caged_4_class,20260316_a549-tomm20-gfp-adhered_10x_caged_at_4x_4_class,231212_imr90_multichannel_overlay_4_class,20250227_preadipocytes-adhered_10x_caged_4_class,20240624_mc38_10x_uncaged_4_class,20240509_Hs675Tfibroblasts_10x_caged_4_class,20240905_u87-adhered_10x_caged_4_class,20250108_neuron-adhered_10x_uncaged_4_class,20250305_neuron-adhered_10x_uncaged_4_class"
20240624_mc38_10x_caged_4_class,test_ds,0.592,lora_r64_0.01_u87-2025-neuron-adhered,"20240516_DC-adhered_10x_caged_4_class,20240422_neuron-adhered_10x_uncaged_4_class,20240703_neuron-adhered_10x_caged_4_class,20260316_a549-tomm20-gfp-adhered_10x_caged_at_4x_4_class,231212_imr90_multichannel_overlay_4_class,20250227_preadipocytes-adhered_10x_caged_4_class,20240624_mc38_10x_uncaged_4_class,20240509_Hs675Tfibroblasts_10x_caged_4_class,20240905_u87-adhered_10x_caged_4_class,20250108_neuron-adhered_10x_uncaged_4_class,20250305_neuron-adhered_10x_uncaged_4_class"
20240624_mc38_10x_uncaged_4_class,test_ds,0.718,lora_r64_0.01_u87-2025-neuron-adhered,"20240516_DC-adhered_10x_caged_4_class,20240422_neuron-adhered_10x_uncaged_4_class,20240703_neuron-adhered_10x_caged_4_class,20260316_a549-tomm20-gfp-adhered_10x_caged_at_4x_4_class,231212_imr90_multichannel_overlay_4_class,20250227_preadipocytes-adhered_10x_caged_4_class,20240624_mc38_10x_uncaged_4_class,20240509_Hs675Tfibroblasts_10x_caged_4_class,20240905_u87-adhered_10x_caged_4_class,20250108_neuron-adhered_10x_uncaged_4_class,20250305_neuron-adhered_10x_uncaged_4_class"
20240625_mc38_10x_caged_4_class,test_ds,0.583,lora_r64_0.01_u87-2025-neuron-adhered,"20240516_DC-adhered_10x_caged_4_class,20240422_neuron-adhered_10x_uncaged_4_class,20240703_neuron-adhered_10x_caged_4_class,20260316_a549-tomm20-gfp-adhered_10x_caged_at_4x_4_class,231212_imr90_multichannel_overlay_4_class,20250227_preadipocytes-adhered_10x_caged_4_class,20240624_mc38_10x_uncaged_4_class,20240509_Hs675Tfibroblasts_10x_caged_4_class,20240905_u87-adhered_10x_caged_4_class,20250108_neuron-adhered_10x_uncaged_4_class,20250305_neuron-adhered_10x_uncaged_4_class"
20240703_neuron-adhered_10x_caged_4_class,test_ds,0.589,lora_r64_0.01_u87-2025-neuron-adhered,"20240516_DC-adhered_10x_caged_4_class,20240422_neuron-adhered_10x_uncaged_4_class,20240703_neuron-adhered_10x_caged_4_class,20260316_a549-tomm20-gfp-adhered_10x_caged_at_4x_4_class,231212_imr90_multichannel_overlay_4_class,20250227_preadipocytes-adhered_10x_caged_4_class,20240624_mc38_10x_uncaged_4_class,20240509_Hs675Tfibroblasts_10x_caged_4_class,20240905_u87-adhered_10x_caged_4_class,20250108_neuron-adhered_10x_uncaged_4_class,20250305_neuron-adhered_10x_uncaged_4_class"
20240704_neuron-adhered_10x_caged_4_class,test_ds,0.596,lora_r64_0.01_u87-2025-neuron-adhered,"20240516_DC-adhered_10x_caged_4_class,20240422_neuron-adhered_10x_uncaged_4_class,20240703_neuron-adhered_10x_caged_4_class,20260316_a549-tomm20-gfp-adhered_10x_caged_at_4x_4_class,231212_imr90_multichannel_overlay_4_class,20250227_preadipocytes-adhered_10x_caged_4_class,20240624_mc38_10x_uncaged_4_class,20240509_Hs675Tfibroblasts_10x_caged_4_class,20240905_u87-adhered_10x_caged_4_class,20250108_neuron-adhered_10x_uncaged_4_class,20250305_neuron-adhered_10x_uncaged_4_class"
20240905_u87-adhered_10x_caged_4_class,test_ds,0.556,lora_r64_0.01_u87-2025-neuron-adhered,"20240516_DC-adhered_10x_caged_4_class,20240422_neuron-adhered_10x_uncaged_4_class,20240703_neuron-adhered_10x_caged_4_class,20260316_a549-tomm20-gfp-adhered_10x_caged_at_4x_4_class,231212_imr90_multichannel_overlay_4_class,20250227_preadipocytes-adhered_10x_caged_4_class,20240624_mc38_10x_uncaged_4_class,20240509_Hs675Tfibroblasts_10x_caged_4_class,20240905_u87-adhered_10x_caged_4_class,20250108_neuron-adhered_10x_uncaged_4_class,20250305_neuron-adhered_10x_uncaged_4_class"
20240924_enteric-glia-adhered_10x_uncaged_4_class,test_ds,0.685,lora_r64_0.01_u87-2025-neuron-adhered,"20240516_DC-adhered_10x_caged_4_class,20240422_neuron-adhered_10x_uncaged_4_class,20240703_neuron-adhered_10x_caged_4_class,20260316_a549-tomm20-gfp-adhered_10x_caged_at_4x_4_class,231212_imr90_multichannel_overlay_4_class,20250227_preadipocytes-adhered_10x_caged_4_class,20240624_mc38_10x_uncaged_4_class,20240509_Hs675Tfibroblasts_10x_caged_4_class,20240905_u87-adhered_10x_caged_4_class,20250108_neuron-adhered_10x_uncaged_4_class,20250305_neuron-adhered_10x_uncaged_4_class"
20241212_preadipocytes-adhered_10x_uncaged_4_class,test_ds,0.356,lora_r64_0.01_u87-2025-neuron-adhered,"20240516_DC-adhered_10x_caged_4_class,20240422_neuron-adhered_10x_uncaged_4_class,20240703_neuron-adhered_10x_caged_4_class,20260316_a549-tomm20-gfp-adhered_10x_caged_at_4x_4_class,231212_imr90_multichannel_overlay_4_class,20250227_preadipocytes-adhered_10x_caged_4_class,20240624_mc38_10x_uncaged_4_class,20240509_Hs675Tfibroblasts_10x_caged_4_class,20240905_u87-adhered_10x_caged_4_class,20250108_neuron-adhered_10x_uncaged_4_class,20250305_neuron-adhered_10x_uncaged_4_class"
20250108_neuron-adhered_10x_uncaged_4_class,test_ds,0.412,lora_r64_0.01_u87-2025-neuron-adhered,"20240516_DC-adhered_10x_caged_4_class,20240422_neuron-adhered_10x_uncaged_4_class,20240703_neuron-adhered_10x_caged_4_class,20260316_a549-tomm20-gfp-adhered_10x_caged_at_4x_4_class,231212_imr90_multichannel_overlay_4_class,20250227_preadipocytes-adhered_10x_caged_4_class,20240624_mc38_10x_uncaged_4_class,20240509_Hs675Tfibroblasts_10x_caged_4_class,20240905_u87-adhered_10x_caged_4_class,20250108_neuron-adhered_10x_uncaged_4_class,20250305_neuron-adhered_10x_uncaged_4_class"
20250227_preadipocytes-adhered_10x_caged_4_class,test_ds,0.501,lora_r64_0.01_u87-2025-neuron-adhered,"20240516_DC-adhered_10x_caged_4_class,20240422_neuron-adhered_10x_uncaged_4_class,20240703_neuron-adhered_10x_caged_4_class,20260316_a549-tomm20-gfp-adhered_10x_caged_at_4x_4_class,231212_imr90_multichannel_overlay_4_class,20250227_preadipocytes-adhered_10x_caged_4_class,20240624_mc38_10x_uncaged_4_class,20240509_Hs675Tfibroblasts_10x_caged_4_class,20240905_u87-adhered_10x_caged_4_class,20250108_neuron-adhered_10x_uncaged_4_class,20250305_neuron-adhered_10x_uncaged_4_class"
20250305_neuron-adhered_10x_uncaged_4_class,test_ds,0.637,lora_r64_0.01_u87-2025-neuron-adhered,"20240516_DC-adhered_10x_caged_4_class,20240422_neuron-adhered_10x_uncaged_4_class,20240703_neuron-adhered_10x_caged_4_class,20260316_a549-tomm20-gfp-adhered_10x_caged_at_4x_4_class,231212_imr90_multichannel_overlay_4_class,20250227_preadipocytes-adhered_10x_caged_4_class,20240624_mc38_10x_uncaged_4_class,20240509_Hs675Tfibroblasts_10x_caged_4_class,20240905_u87-adhered_10x_caged_4_class,20250108_neuron-adhered_10x_uncaged_4_class,20250305_neuron-adhered_10x_uncaged_4_class"
20250820_c8d1a_astrocytes-adherent_10x_caged_4_class,test_ds,0.519,lora_r64_0.01_u87-2025-neuron-adhered,"20240516_DC-adhered_10x_caged_4_class,20240422_neuron-adhered_10x_uncaged_4_class,20240703_neuron-adhered_10x_caged_4_class,20260316_a549-tomm20-gfp-adhered_10x_caged_at_4x_4_class,231212_imr90_multichannel_overlay_4_class,20250227_preadipocytes-adhered_10x_caged_4_class,20240624_mc38_10x_uncaged_4_class,20240509_Hs675Tfibroblasts_10x_caged_4_class,20240905_u87-adhered_10x_caged_4_class,20250108_neuron-adhered_10x_uncaged_4_class,20250305_neuron-adhered_10x_uncaged_4_class"
20250917_moc22-adhered_10x_caged_4_class,test_ds,0.534,lora_r64_0.01_u87-2025-neuron-adhered,"20240516_DC-adhered_10x_caged_4_class,20240422_neuron-adhered_10x_uncaged_4_class,20240703_neuron-adhered_10x_caged_4_class,20260316_a549-tomm20-gfp-adhered_10x_caged_at_4x_4_class,231212_imr90_multichannel_overlay_4_class,20250227_preadipocytes-adhered_10x_caged_4_class,20240624_mc38_10x_uncaged_4_class,20240509_Hs675Tfibroblasts_10x_caged_4_class,20240905_u87-adhered_10x_caged_4_class,20250108_neuron-adhered_10x_uncaged_4_class,20250305_neuron-adhered_10x_uncaged_4_class"
20260316_a549-tomm20-gfp-adhered_10x_caged_at_4x_4_class,test_ds,0.723,lora_r64_0.01_u87-2025-neuron-adhered,"20240516_DC-adhered_10x_caged_4_class,20240422_neuron-adhered_10x_uncaged_4_class,20240703_neuron-adhered_10x_caged_4_class,20260316_a549-tomm20-gfp-adhered_10x_caged_at_4x_4_class,231212_imr90_multichannel_overlay_4_class,20250227_preadipocytes-adhered_10x_caged_4_class,20240624_mc38_10x_uncaged_4_class,20240509_Hs675Tfibroblasts_10x_caged_4_class,20240905_u87-adhered_10x_caged_4_class,20250108_neuron-adhered_10x_uncaged_4_class,20250305_neuron-adhered_10x_uncaged_4_class"
231212_imr90_multichannel_overlay_4_class,test_ds,0.773,lora_r64_0.01_u87-2025-neuron-adhered,"20240516_DC-adhered_10x_caged_4_class,20240422_neuron-adhered_10x_uncaged_4_class,20240703_neuron-adhered_10x_caged_4_class,20260316_a549-tomm20-gfp-adhered_10x_caged_at_4x_4_class,231212_imr90_multichannel_overlay_4_class,20250227_preadipocytes-adhered_10x_caged_4_class,20240624_mc38_10x_uncaged_4_class,20240509_Hs675Tfibroblasts_10x_caged_4_class,20240905_u87-adhered_10x_caged_4_class,20250108_neuron-adhered_10x_uncaged_4_class,20250305_neuron-adhered_10x_uncaged_4_class"
240213_imr90_multichannel_overlay_4_class,test_ds,0.561,lora_r64_0.01_u87-2025-neuron-adhered,"20240516_DC-adhered_10x_caged_4_class,20240422_neuron-adhered_10x_uncaged_4_class,20240703_neuron-adhered_10x_caged_4_class,20260316_a549-tomm20-gfp-adhered_10x_caged_at_4x_4_class,231212_imr90_multichannel_overlay_4_class,20250227_preadipocytes-adhered_10x_caged_4_class,20240624_mc38_10x_uncaged_4_class,20240509_Hs675Tfibroblasts_10x_caged_4_class,20240905_u87-adhered_10x_caged_4_class,20250108_neuron-adhered_10x_uncaged_4_class,20250305_neuron-adhered_10x_uncaged_4_class"
20240516_DC-adhered_10x_caged_4_class,train_ds,0.699,lora_r64_0.25_2024-u87,"20240516_DC-adhered_10x_caged_4_class,20240422_neuron-adhered_10x_uncaged_4_class,20240703_neuron-adhered_10x_caged_4_class,20260316_a549-tomm20-gfp-adhered_10x_caged_at_4x_4_class,231212_imr90_multichannel_overlay_4_class,20250227_preadipocytes-adhered_10x_caged_4_class,20240624_mc38_10x_uncaged_4_class,20240509_Hs675Tfibroblasts_10x_caged_4_class,20240905_u87-adhered_10x_caged_4_class"
20240422_neuron-adhered_10x_uncaged_4_class,train_ds,0.546,lora_r64_0.25_2024-u87,"20240516_DC-adhered_10x_caged_4_class,20240422_neuron-adhered_10x_uncaged_4_class,20240703_neuron-adhered_10x_caged_4_class,20260316_a549-tomm20-gfp-adhered_10x_caged_at_4x_4_class,231212_imr90_multichannel_overlay_4_class,20250227_preadipocytes-adhered_10x_caged_4_class,20240624_mc38_10x_uncaged_4_class,20240509_Hs675Tfibroblasts_10x_caged_4_class,20240905_u87-adhered_10x_caged_4_class"
20240703_neuron-adhered_10x_caged_4_class,train_ds,0.59,lora_r64_0.25_2024-u87,"20240516_DC-adhered_10x_caged_4_class,20240422_neuron-adhered_10x_uncaged_4_class,20240703_neuron-adhered_10x_caged_4_class,20260316_a549-tomm20-gfp-adhered_10x_caged_at_4x_4_class,231212_imr90_multichannel_overlay_4_class,20250227_preadipocytes-adhered_10x_caged_4_class,20240624_mc38_10x_uncaged_4_class,20240509_Hs675Tfibroblasts_10x_caged_4_class,20240905_u87-adhered_10x_caged_4_class"
20260316_a549-tomm20-gfp-adhered_10x_caged_at_4x_4_class,train_ds,0.703,lora_r64_0.25_2024-u87,"20240516_DC-adhered_10x_caged_4_class,20240422_neuron-adhered_10x_uncaged_4_class,20240703_neuron-adhered_10x_caged_4_class,20260316_a549-tomm20-gfp-adhered_10x_caged_at_4x_4_class,231212_imr90_multichannel_overlay_4_class,20250227_preadipocytes-adhered_10x_caged_4_class,20240624_mc38_10x_uncaged_4_class,20240509_Hs675Tfibroblasts_10x_caged_4_class,20240905_u87-adhered_10x_caged_4_class"
231212_imr90_multichannel_overlay_4_class,train_ds,0.762,lora_r64_0.25_2024-u87,"20240516_DC-adhered_10x_caged_4_class,20240422_neuron-adhered_10x_uncaged_4_class,20240703_neuron-adhered_10x_caged_4_class,20260316_a549-tomm20-gfp-adhered_10x_caged_at_4x_4_class,231212_imr90_multichannel_overlay_4_class,20250227_preadipocytes-adhered_10x_caged_4_class,20240624_mc38_10x_uncaged_4_class,20240509_Hs675Tfibroblasts_10x_caged_4_class,20240905_u87-adhered_10x_caged_4_class"
20250227_preadipocytes-adhered_10x_caged_4_class,train_ds,0.488,lora_r64_0.25_2024-u87,"20240516_DC-adhered_10x_caged_4_class,20240422_neuron-adhered_10x_uncaged_4_class,20240703_neuron-adhered_10x_caged_4_class,20260316_a549-tomm20-gfp-adhered_10x_caged_at_4x_4_class,231212_imr90_multichannel_overlay_4_class,20250227_preadipocytes-adhered_10x_caged_4_class,20240624_mc38_10x_uncaged_4_class,20240509_Hs675Tfibroblasts_10x_caged_4_class,20240905_u87-adhered_10x_caged_4_class"
20240624_mc38_10x_uncaged_4_class,train_ds,0.71,lora_r64_0.25_2024-u87,"20240516_DC-adhered_10x_caged_4_class,20240422_neuron-adhered_10x_uncaged_4_class,20240703_neuron-adhered_10x_caged_4_class,20260316_a549-tomm20-gfp-adhered_10x_caged_at_4x_4_class,231212_imr90_multichannel_overlay_4_class,20250227_preadipocytes-adhered_10x_caged_4_class,20240624_mc38_10x_uncaged_4_class,20240509_Hs675Tfibroblasts_10x_caged_4_class,20240905_u87-adhered_10x_caged_4_class"
20240509_Hs675Tfibroblasts_10x_caged_4_class,train_ds,0.631,lora_r64_0.25_2024-u87,"20240516_DC-adhered_10x_caged_4_class,20240422_neuron-adhered_10x_uncaged_4_class,20240703_neuron-adhered_10x_caged_4_class,20260316_a549-tomm20-gfp-adhered_10x_caged_at_4x_4_class,231212_imr90_multichannel_overlay_4_class,20250227_preadipocytes-adhered_10x_caged_4_class,20240624_mc38_10x_uncaged_4_class,20240509_Hs675Tfibroblasts_10x_caged_4_class,20240905_u87-adhered_10x_caged_4_class"
20240905_u87-adhered_10x_caged_4_class,train_ds,0.64,lora_r64_0.25_2024-u87,"20240516_DC-adhered_10x_caged_4_class,20240422_neuron-adhered_10x_uncaged_4_class,20240703_neuron-adhered_10x_caged_4_class,20260316_a549-tomm20-gfp-adhered_10x_caged_at_4x_4_class,231212_imr90_multichannel_overlay_4_class,20250227_preadipocytes-adhered_10x_caged_4_class,20240624_mc38_10x_uncaged_4_class,20240509_Hs675Tfibroblasts_10x_caged_4_class,20240905_u87-adhered_10x_caged_4_class"
20240422_neuron-adhered_10x_uncaged_4_class,test_ds,0.546,lora_r64_0.25_2024-u87,"20240516_DC-adhered_10x_caged_4_class,20240422_neuron-adhered_10x_uncaged_4_class,20240703_neuron-adhered_10x_caged_4_class,20260316_a549-tomm20-gfp-adhered_10x_caged_at_4x_4_class,231212_imr90_multichannel_overlay_4_class,20250227_preadipocytes-adhered_10x_caged_4_class,20240624_mc38_10x_uncaged_4_class,20240509_Hs675Tfibroblasts_10x_caged_4_class,20240905_u87-adhered_10x_caged_4_class"
20240509_Hs675Tfibroblasts_10x_caged_4_class,test_ds,0.631,lora_r64_0.25_2024-u87,"20240516_DC-adhered_10x_caged_4_class,20240422_neuron-adhered_10x_uncaged_4_class,20240703_neuron-adhered_10x_caged_4_class,20260316_a549-tomm20-gfp-adhered_10x_caged_at_4x_4_class,231212_imr90_multichannel_overlay_4_class,20250227_preadipocytes-adhered_10x_caged_4_class,20240624_mc38_10x_uncaged_4_class,20240509_Hs675Tfibroblasts_10x_caged_4_class,20240905_u87-adhered_10x_caged_4_class"
20240509_hela-adhered_10x_caged_4_class,test_ds,0.514,lora_r64_0.25_2024-u87,"20240516_DC-adhered_10x_caged_4_class,20240422_neuron-adhered_10x_uncaged_4_class,20240703_neuron-adhered_10x_caged_4_class,20260316_a549-tomm20-gfp-adhered_10x_caged_at_4x_4_class,231212_imr90_multichannel_overlay_4_class,20250227_preadipocytes-adhered_10x_caged_4_class,20240624_mc38_10x_uncaged_4_class,20240509_Hs675Tfibroblasts_10x_caged_4_class,20240905_u87-adhered_10x_caged_4_class"
20240515_DC-adhered_10x_caged_4_class,test_ds,0.687,lora_r64_0.25_2024-u87,"20240516_DC-adhered_10x_caged_4_class,20240422_neuron-adhered_10x_uncaged_4_class,20240703_neuron-adhered_10x_caged_4_class,20260316_a549-tomm20-gfp-adhered_10x_caged_at_4x_4_class,231212_imr90_multichannel_overlay_4_class,20250227_preadipocytes-adhered_10x_caged_4_class,20240624_mc38_10x_uncaged_4_class,20240509_Hs675Tfibroblasts_10x_caged_4_class,20240905_u87-adhered_10x_caged_4_class"
20240516_DC-adhered_10x_caged_4_class,test_ds,0.699,lora_r64_0.25_2024-u87,"20240516_DC-adhered_10x_caged_4_class,20240422_neuron-adhered_10x_uncaged_4_class,20240703_neuron-adhered_10x_caged_4_class,20260316_a549-tomm20-gfp-adhered_10x_caged_at_4x_4_class,231212_imr90_multichannel_overlay_4_class,20250227_preadipocytes-adhered_10x_caged_4_class,20240624_mc38_10x_uncaged_4_class,20240509_Hs675Tfibroblasts_10x_caged_4_class,20240905_u87-adhered_10x_caged_4_class"
20240624_mc38_10x_caged_4_class,test_ds,0.622,lora_r64_0.25_2024-u87,"20240516_DC-adhered_10x_caged_4_class,20240422_neuron-adhered_10x_uncaged_4_class,20240703_neuron-adhered_10x_caged_4_class,20260316_a549-tomm20-gfp-adhered_10x_caged_at_4x_4_class,231212_imr90_multichannel_overlay_4_class,20250227_preadipocytes-adhered_10x_caged_4_class,20240624_mc38_10x_uncaged_4_class,20240509_Hs675Tfibroblasts_10x_caged_4_class,20240905_u87-adhered_10x_caged_4_class"
20240624_mc38_10x_uncaged_4_class,test_ds,0.71,lora_r64_0.25_2024-u87,"20240516_DC-adhered_10x_caged_4_class,20240422_neuron-adhered_10x_uncaged_4_class,20240703_neuron-adhered_10x_caged_4_class,20260316_a549-tomm20-gfp-adhered_10x_caged_at_4x_4_class,231212_imr90_multichannel_overlay_4_class,20250227_preadipocytes-adhered_10x_caged_4_class,20240624_mc38_10x_uncaged_4_class,20240509_Hs675Tfibroblasts_10x_caged_4_class,20240905_u87-adhered_10x_caged_4_class"
20240625_mc38_10x_caged_4_class,test_ds,0.572,lora_r64_0.25_2024-u87,"20240516_DC-adhered_10x_caged_4_class,20240422_neuron-adhered_10x_uncaged_4_class,20240703_neuron-adhered_10x_caged_4_class,20260316_a549-tomm20-gfp-adhered_10x_caged_at_4x_4_class,231212_imr90_multichannel_overlay_4_class,20250227_preadipocytes-adhered_10x_caged_4_class,20240624_mc38_10x_uncaged_4_class,20240509_Hs675Tfibroblasts_10x_caged_4_class,20240905_u87-adhered_10x_caged_4_class"
20240703_neuron-adhered_10x_caged_4_class,test_ds,0.59,lora_r64_0.25_2024-u87,"20240516_DC-adhered_10x_caged_4_class,20240422_neuron-adhered_10x_uncaged_4_class,20240703_neuron-adhered_10x_caged_4_class,20260316_a549-tomm20-gfp-adhered_10x_caged_at_4x_4_class,231212_imr90_multichannel_overlay_4_class,20250227_preadipocytes-adhered_10x_caged_4_class,20240624_mc38_10x_uncaged_4_class,20240509_Hs675Tfibroblasts_10x_caged_4_class,20240905_u87-adhered_10x_caged_4_class"
20240704_neuron-adhered_10x_caged_4_class,test_ds,0.548,lora_r64_0.25_2024-u87,"20240516_DC-adhered_10x_caged_4_class,20240422_neuron-adhered_10x_uncaged_4_class,20240703_neuron-adhered_10x_caged_4_class,20260316_a549-tomm20-gfp-adhered_10x_caged_at_4x_4_class,231212_imr90_multichannel_overlay_4_class,20250227_preadipocytes-adhered_10x_caged_4_class,20240624_mc38_10x_uncaged_4_class,20240509_Hs675Tfibroblasts_10x_caged_4_class,20240905_u87-adhered_10x_caged_4_class"
20240905_u87-adhered_10x_caged_4_class,test_ds,0.64,lora_r64_0.25_2024-u87,"20240516_DC-adhered_10x_caged_4_class,20240422_neuron-adhered_10x_uncaged_4_class,20240703_neuron-adhered_10x_caged_4_class,20260316_a549-tomm20-gfp-adhered_10x_caged_at_4x_4_class,231212_imr90_multichannel_overlay_4_class,20250227_preadipocytes-adhered_10x_caged_4_class,20240624_mc38_10x_uncaged_4_class,20240509_Hs675Tfibroblasts_10x_caged_4_class,20240905_u87-adhered_10x_caged_4_class"
20240924_enteric-glia-adhered_10x_uncaged_4_class,test_ds,0.749,lora_r64_0.25_2024-u87,"20240516_DC-adhered_10x_caged_4_class,20240422_neuron-adhered_10x_uncaged_4_class,20240703_neuron-adhered_10x_caged_4_class,20260316_a549-tomm20-gfp-adhered_10x_caged_at_4x_4_class,231212_imr90_multichannel_overlay_4_class,20250227_preadipocytes-adhered_10x_caged_4_class,20240624_mc38_10x_uncaged_4_class,20240509_Hs675Tfibroblasts_10x_caged_4_class,20240905_u87-adhered_10x_caged_4_class"
20241212_preadipocytes-adhered_10x_uncaged_4_class,test_ds,0.348,lora_r64_0.25_2024-u87,"20240516_DC-adhered_10x_caged_4_class,20240422_neuron-adhered_10x_uncaged_4_class,20240703_neuron-adhered_10x_caged_4_class,20260316_a549-tomm20-gfp-adhered_10x_caged_at_4x_4_class,231212_imr90_multichannel_overlay_4_class,20250227_preadipocytes-adhered_10x_caged_4_class,20240624_mc38_10x_uncaged_4_class,20240509_Hs675Tfibroblasts_10x_caged_4_class,20240905_u87-adhered_10x_caged_4_class"
20250108_neuron-adhered_10x_uncaged_4_class,test_ds,0.335,lora_r64_0.25_2024-u87,"20240516_DC-adhered_10x_caged_4_class,20240422_neuron-adhered_10x_uncaged_4_class,20240703_neuron-adhered_10x_caged_4_class,20260316_a549-tomm20-gfp-adhered_10x_caged_at_4x_4_class,231212_imr90_multichannel_overlay_4_class,20250227_preadipocytes-adhered_10x_caged_4_class,20240624_mc38_10x_uncaged_4_class,20240509_Hs675Tfibroblasts_10x_caged_4_class,20240905_u87-adhered_10x_caged_4_class"
20250227_preadipocytes-adhered_10x_caged_4_class,test_ds,0.488,lora_r64_0.25_2024-u87,"20240516_DC-adhered_10x_caged_4_class,20240422_neuron-adhered_10x_uncaged_4_class,20240703_neuron-adhered_10x_caged_4_class,20260316_a549-tomm20-gfp-adhered_10x_caged_at_4x_4_class,231212_imr90_multichannel_overlay_4_class,20250227_preadipocytes-adhered_10x_caged_4_class,20240624_mc38_10x_uncaged_4_class,20240509_Hs675Tfibroblasts_10x_caged_4_class,20240905_u87-adhered_10x_caged_4_class"
20250305_neuron-adhered_10x_uncaged_4_class,test_ds,0.352,lora_r64_0.25_2024-u87,"20240516_DC-adhered_10x_caged_4_class,20240422_neuron-adhered_10x_uncaged_4_class,20240703_neuron-adhered_10x_caged_4_class,20260316_a549-tomm20-gfp-adhered_10x_caged_at_4x_4_class,231212_imr90_multichannel_overlay_4_class,20250227_preadipocytes-adhered_10x_caged_4_class,20240624_mc38_10x_uncaged_4_class,20240509_Hs675Tfibroblasts_10x_caged_4_class,20240905_u87-adhered_10x_caged_4_class"
20250820_c8d1a_astrocytes-adherent_10x_caged_4_class,test_ds,0.476,lora_r64_0.25_2024-u87,"20240516_DC-adhered_10x_caged_4_class,20240422_neuron-adhered_10x_uncaged_4_class,20240703_neuron-adhered_10x_caged_4_class,20260316_a549-tomm20-gfp-adhered_10x_caged_at_4x_4_class,231212_imr90_multichannel_overlay_4_class,20250227_preadipocytes-adhered_10x_caged_4_class,20240624_mc38_10x_uncaged_4_class,20240509_Hs675Tfibroblasts_10x_caged_4_class,20240905_u87-adhered_10x_caged_4_class"
20250917_moc22-adhered_10x_caged_4_class,test_ds,0.526,lora_r64_0.25_2024-u87,"20240516_DC-adhered_10x_caged_4_class,20240422_neuron-adhered_10x_uncaged_4_class,20240703_neuron-adhered_10x_caged_4_class,20260316_a549-tomm20-gfp-adhered_10x_caged_at_4x_4_class,231212_imr90_multichannel_overlay_4_class,20250227_preadipocytes-adhered_10x_caged_4_class,20240624_mc38_10x_uncaged_4_class,20240509_Hs675Tfibroblasts_10x_caged_4_class,20240905_u87-adhered_10x_caged_4_class"
20260316_a549-tomm20-gfp-adhered_10x_caged_at_4x_4_class,test_ds,0.703,lora_r64_0.25_2024-u87,"20240516_DC-adhered_10x_caged_4_class,20240422_neuron-adhered_10x_uncaged_4_class,20240703_neuron-adhered_10x_caged_4_class,20260316_a549-tomm20-gfp-adhered_10x_caged_at_4x_4_class,231212_imr90_multichannel_overlay_4_class,20250227_preadipocytes-adhered_10x_caged_4_class,20240624_mc38_10x_uncaged_4_class,20240509_Hs675Tfibroblasts_10x_caged_4_class,20240905_u87-adhered_10x_caged_4_class"
231212_imr90_multichannel_overlay_4_class,test_ds,0.762,lora_r64_0.25_2024-u87,"20240516_DC-adhered_10x_caged_4_class,20240422_neuron-adhered_10x_uncaged_4_class,20240703_neuron-adhered_10x_caged_4_class,20260316_a549-tomm20-gfp-adhered_10x_caged_at_4x_4_class,231212_imr90_multichannel_overlay_4_class,20250227_preadipocytes-adhered_10x_caged_4_class,20240624_mc38_10x_uncaged_4_class,20240509_Hs675Tfibroblasts_10x_caged_4_class,20240905_u87-adhered_10x_caged_4_class"
240213_imr90_multichannel_overlay_4_class,test_ds,0.595,lora_r64_0.25_2024-u87,"20240516_DC-adhered_10x_caged_4_class,20240422_neuron-adhered_10x_uncaged_4_class,20240703_neuron-adhered_10x_caged_4_class,20260316_a549-tomm20-gfp-adhered_10x_caged_at_4x_4_class,231212_imr90_multichannel_overlay_4_class,20250227_preadipocytes-adhered_10x_caged_4_class,20240624_mc38_10x_uncaged_4_class,20240509_Hs675Tfibroblasts_10x_caged_4_class,20240905_u87-adhered_10x_caged_4_class"
20240516_DC-adhered_10x_caged_4_class,train_ds,0.69,lora_r64_0.05_u87-2025-neuron-adhered,"20240516_DC-adhered_10x_caged_4_class,20240422_neuron-adhered_10x_uncaged_4_class,20240703_neuron-adhered_10x_caged_4_class,20260316_a549-tomm20-gfp-adhered_10x_caged_at_4x_4_class,231212_imr90_multichannel_overlay_4_class,20250227_preadipocytes-adhered_10x_caged_4_class,20240624_mc38_10x_uncaged_4_class,20240509_Hs675Tfibroblasts_10x_caged_4_class,20240905_u87-adhered_10x_caged_4_class,20250108_neuron-adhered_10x_uncaged_4_class,20250305_neuron-adhered_10x_uncaged_4_class"
20240422_neuron-adhered_10x_uncaged_4_class,train_ds,0.554,lora_r64_0.05_u87-2025-neuron-adhered,"20240516_DC-adhered_10x_caged_4_class,20240422_neuron-adhered_10x_uncaged_4_class,20240703_neuron-adhered_10x_caged_4_class,20260316_a549-tomm20-gfp-adhered_10x_caged_at_4x_4_class,231212_imr90_multichannel_overlay_4_class,20250227_preadipocytes-adhered_10x_caged_4_class,20240624_mc38_10x_uncaged_4_class,20240509_Hs675Tfibroblasts_10x_caged_4_class,20240905_u87-adhered_10x_caged_4_class,20250108_neuron-adhered_10x_uncaged_4_class,20250305_neuron-adhered_10x_uncaged_4_class"
20240703_neuron-adhered_10x_caged_4_class,train_ds,0.526,lora_r64_0.05_u87-2025-neuron-adhered,"20240516_DC-adhered_10x_caged_4_class,20240422_neuron-adhered_10x_uncaged_4_class,20240703_neuron-adhered_10x_caged_4_class,20260316_a549-tomm20-gfp-adhered_10x_caged_at_4x_4_class,231212_imr90_multichannel_overlay_4_class,20250227_preadipocytes-adhered_10x_caged_4_class,20240624_mc38_10x_uncaged_4_class,20240509_Hs675Tfibroblasts_10x_caged_4_class,20240905_u87-adhered_10x_caged_4_class,20250108_neuron-adhered_10x_uncaged_4_class,20250305_neuron-adhered_10x_uncaged_4_class"
20260316_a549-tomm20-gfp-adhered_10x_caged_at_4x_4_class,train_ds,0.719,lora_r64_0.05_u87-2025-neuron-adhered,"20240516_DC-adhered_10x_caged_4_class,20240422_neuron-adhered_10x_uncaged_4_class,20240703_neuron-adhered_10x_caged_4_class,20260316_a549-tomm20-gfp-adhered_10x_caged_at_4x_4_class,231212_imr90_multichannel_overlay_4_class,20250227_preadipocytes-adhered_10x_caged_4_class,20240624_mc38_10x_uncaged_4_class,20240509_Hs675Tfibroblasts_10x_caged_4_class,20240905_u87-adhered_10x_caged_4_class,20250108_neuron-adhered_10x_uncaged_4_class,20250305_neuron-adhered_10x_uncaged_4_class"
231212_imr90_multichannel_overlay_4_class,train_ds,0.758,lora_r64_0.05_u87-2025-neuron-adhered,"20240516_DC-adhered_10x_caged_4_class,20240422_neuron-adhered_10x_uncaged_4_class,20240703_neuron-adhered_10x_caged_4_class,20260316_a549-tomm20-gfp-adhered_10x_caged_at_4x_4_class,231212_imr90_multichannel_overlay_4_class,20250227_preadipocytes-adhered_10x_caged_4_class,20240624_mc38_10x_uncaged_4_class,20240509_Hs675Tfibroblasts_10x_caged_4_class,20240905_u87-adhered_10x_caged_4_class,20250108_neuron-adhered_10x_uncaged_4_class,20250305_neuron-adhered_10x_uncaged_4_class"
20250227_preadipocytes-adhered_10x_caged_4_class,train_ds,0.494,lora_r64_0.05_u87-2025-neuron-adhered,"20240516_DC-adhered_10x_caged_4_class,20240422_neuron-adhered_10x_uncaged_4_class,20240703_neuron-adhered_10x_caged_4_class,20260316_a549-tomm20-gfp-adhered_10x_caged_at_4x_4_class,231212_imr90_multichannel_overlay_4_class,20250227_preadipocytes-adhered_10x_caged_4_class,20240624_mc38_10x_uncaged_4_class,20240509_Hs675Tfibroblasts_10x_caged_4_class,20240905_u87-adhered_10x_caged_4_class,20250108_neuron-adhered_10x_uncaged_4_class,20250305_neuron-adhered_10x_uncaged_4_class"
20240624_mc38_10x_uncaged_4_class,train_ds,0.711,lora_r64_0.05_u87-2025-neuron-adhered,"20240516_DC-adhered_10x_caged_4_class,20240422_neuron-adhered_10x_uncaged_4_class,20240703_neuron-adhered_10x_caged_4_class,20260316_a549-tomm20-gfp-adhered_10x_caged_at_4x_4_class,231212_imr90_multichannel_overlay_4_class,20250227_preadipocytes-adhered_10x_caged_4_class,20240624_mc38_10x_uncaged_4_class,20240509_Hs675Tfibroblasts_10x_caged_4_class,20240905_u87-adhered_10x_caged_4_class,20250108_neuron-adhered_10x_uncaged_4_class,20250305_neuron-adhered_10x_uncaged_4_class"
20240509_Hs675Tfibroblasts_10x_caged_4_class,train_ds,0.668,lora_r64_0.05_u87-2025-neuron-adhered,"20240516_DC-adhered_10x_caged_4_class,20240422_neuron-adhered_10x_uncaged_4_class,20240703_neuron-adhered_10x_caged_4_class,20260316_a549-tomm20-gfp-adhered_10x_caged_at_4x_4_class,231212_imr90_multichannel_overlay_4_class,20250227_preadipocytes-adhered_10x_caged_4_class,20240624_mc38_10x_uncaged_4_class,20240509_Hs675Tfibroblasts_10x_caged_4_class,20240905_u87-adhered_10x_caged_4_class,20250108_neuron-adhered_10x_uncaged_4_class,20250305_neuron-adhered_10x_uncaged_4_class"
20240905_u87-adhered_10x_caged_4_class,train_ds,0.565,lora_r64_0.05_u87-2025-neuron-adhered,"20240516_DC-adhered_10x_caged_4_class,20240422_neuron-adhered_10x_uncaged_4_class,20240703_neuron-adhered_10x_caged_4_class,20260316_a549-tomm20-gfp-adhered_10x_caged_at_4x_4_class,231212_imr90_multichannel_overlay_4_class,20250227_preadipocytes-adhered_10x_caged_4_class,20240624_mc38_10x_uncaged_4_class,20240509_Hs675Tfibroblasts_10x_caged_4_class,20240905_u87-adhered_10x_caged_4_class,20250108_neuron-adhered_10x_uncaged_4_class,20250305_neuron-adhered_10x_uncaged_4_class"
20250108_neuron-adhered_10x_uncaged_4_class,train_ds,0.456,lora_r64_0.05_u87-2025-neuron-adhered,"20240516_DC-adhered_10x_caged_4_class,20240422_neuron-adhered_10x_uncaged_4_class,20240703_neuron-adhered_10x_caged_4_class,20260316_a549-tomm20-gfp-adhered_10x_caged_at_4x_4_class,231212_imr90_multichannel_overlay_4_class,20250227_preadipocytes-adhered_10x_caged_4_class,20240624_mc38_10x_uncaged_4_class,20240509_Hs675Tfibroblasts_10x_caged_4_class,20240905_u87-adhered_10x_caged_4_class,20250108_neuron-adhered_10x_uncaged_4_class,20250305_neuron-adhered_10x_uncaged_4_class"
20250305_neuron-adhered_10x_uncaged_4_class,train_ds,0.672,lora_r64_0.05_u87-2025-neuron-adhered,"20240516_DC-adhered_10x_caged_4_class,20240422_neuron-adhered_10x_uncaged_4_class,20240703_neuron-adhered_10x_caged_4_class,20260316_a549-tomm20-gfp-adhered_10x_caged_at_4x_4_class,231212_imr90_multichannel_overlay_4_class,20250227_preadipocytes-adhered_10x_caged_4_class,20240624_mc38_10x_uncaged_4_class,20240509_Hs675Tfibroblasts_10x_caged_4_class,20240905_u87-adhered_10x_caged_4_class,20250108_neuron-adhered_10x_uncaged_4_class,20250305_neuron-adhered_10x_uncaged_4_class"
20240422_neuron-adhered_10x_uncaged_4_class,test_ds,0.554,lora_r64_0.05_u87-2025-neuron-adhered,"20240516_DC-adhered_10x_caged_4_class,20240422_neuron-adhered_10x_uncaged_4_class,20240703_neuron-adhered_10x_caged_4_class,20260316_a549-tomm20-gfp-adhered_10x_caged_at_4x_4_class,231212_imr90_multichannel_overlay_4_class,20250227_preadipocytes-adhered_10x_caged_4_class,20240624_mc38_10x_uncaged_4_class,20240509_Hs675Tfibroblasts_10x_caged_4_class,20240905_u87-adhered_10x_caged_4_class,20250108_neuron-adhered_10x_uncaged_4_class,20250305_neuron-adhered_10x_uncaged_4_class"
20240509_Hs675Tfibroblasts_10x_caged_4_class,test_ds,0.668,lora_r64_0.05_u87-2025-neuron-adhered,"20240516_DC-adhered_10x_caged_4_class,20240422_neuron-adhered_10x_uncaged_4_class,20240703_neuron-adhered_10x_caged_4_class,20260316_a549-tomm20-gfp-adhered_10x_caged_at_4x_4_class,231212_imr90_multichannel_overlay_4_class,20250227_preadipocytes-adhered_10x_caged_4_class,20240624_mc38_10x_uncaged_4_class,20240509_Hs675Tfibroblasts_10x_caged_4_class,20240905_u87-adhered_10x_caged_4_class,20250108_neuron-adhered_10x_uncaged_4_class,20250305_neuron-adhered_10x_uncaged_4_class"
20240509_hela-adhered_10x_caged_4_class,test_ds,0.539,lora_r64_0.05_u87-2025-neuron-adhered,"20240516_DC-adhered_10x_caged_4_class,20240422_neuron-adhered_10x_uncaged_4_class,20240703_neuron-adhered_10x_caged_4_class,20260316_a549-tomm20-gfp-adhered_10x_caged_at_4x_4_class,231212_imr90_multichannel_overlay_4_class,20250227_preadipocytes-adhered_10x_caged_4_class,20240624_mc38_10x_uncaged_4_class,20240509_Hs675Tfibroblasts_10x_caged_4_class,20240905_u87-adhered_10x_caged_4_class,20250108_neuron-adhered_10x_uncaged_4_class,20250305_neuron-adhered_10x_uncaged_4_class"
20240515_DC-adhered_10x_caged_4_class,test_ds,0.68,lora_r64_0.05_u87-2025-neuron-adhered,"20240516_DC-adhered_10x_caged_4_class,20240422_neuron-adhered_10x_uncaged_4_class,20240703_neuron-adhered_10x_caged_4_class,20260316_a549-tomm20-gfp-adhered_10x_caged_at_4x_4_class,231212_imr90_multichannel_overlay_4_class,20250227_preadipocytes-adhered_10x_caged_4_class,20240624_mc38_10x_uncaged_4_class,20240509_Hs675Tfibroblasts_10x_caged_4_class,20240905_u87-adhered_10x_caged_4_class,20250108_neuron-adhered_10x_uncaged_4_class,20250305_neuron-adhered_10x_uncaged_4_class"
20240516_DC-adhered_10x_caged_4_class,test_ds,0.69,lora_r64_0.05_u87-2025-neuron-adhered,"20240516_DC-adhered_10x_caged_4_class,20240422_neuron-adhered_10x_uncaged_4_class,20240703_neuron-adhered_10x_caged_4_class,20260316_a549-tomm20-gfp-adhered_10x_caged_at_4x_4_class,231212_imr90_multichannel_overlay_4_class,20250227_preadipocytes-adhered_10x_caged_4_class,20240624_mc38_10x_uncaged_4_class,20240509_Hs675Tfibroblasts_10x_caged_4_class,20240905_u87-adhered_10x_caged_4_class,20250108_neuron-adhered_10x_uncaged_4_class,20250305_neuron-adhered_10x_uncaged_4_class"
20240624_mc38_10x_caged_4_class,test_ds,0.596,lora_r64_0.05_u87-2025-neuron-adhered,"20240516_DC-adhered_10x_caged_4_class,20240422_neuron-adhered_10x_uncaged_4_class,20240703_neuron-adhered_10x_caged_4_class,20260316_a549-tomm20-gfp-adhered_10x_caged_at_4x_4_class,231212_imr90_multichannel_overlay_4_class,20250227_preadipocytes-adhered_10x_caged_4_class,20240624_mc38_10x_uncaged_4_class,20240509_Hs675Tfibroblasts_10x_caged_4_class,20240905_u87-adhered_10x_caged_4_class,20250108_neuron-adhered_10x_uncaged_4_class,20250305_neuron-adhered_10x_uncaged_4_class"
20240624_mc38_10x_uncaged_4_class,test_ds,0.711,lora_r64_0.05_u87-2025-neuron-adhered,"20240516_DC-adhered_10x_caged_4_class,20240422_neuron-adhered_10x_uncaged_4_class,20240703_neuron-adhered_10x_caged_4_class,20260316_a549-tomm20-gfp-adhered_10x_caged_at_4x_4_class,231212_imr90_multichannel_overlay_4_class,20250227_preadipocytes-adhered_10x_caged_4_class,20240624_mc38_10x_uncaged_4_class,20240509_Hs675Tfibroblasts_10x_caged_4_class,20240905_u87-adhered_10x_caged_4_class,20250108_neuron-adhered_10x_uncaged_4_class,20250305_neuron-adhered_10x_uncaged_4_class"
20240625_mc38_10x_caged_4_class,test_ds,0.565,lora_r64_0.05_u87-2025-neuron-adhered,"20240516_DC-adhered_10x_caged_4_class,20240422_neuron-adhered_10x_uncaged_4_class,20240703_neuron-adhered_10x_caged_4_class,20260316_a549-tomm20-gfp-adhered_10x_caged_at_4x_4_class,231212_imr90_multichannel_overlay_4_class,20250227_preadipocytes-adhered_10x_caged_4_class,20240624_mc38_10x_uncaged_4_class,20240509_Hs675Tfibroblasts_10x_caged_4_class,20240905_u87-adhered_10x_caged_4_class,20250108_neuron-adhered_10x_uncaged_4_class,20250305_neuron-adhered_10x_uncaged_4_class"
20240703_neuron-adhered_10x_caged_4_class,test_ds,0.526,lora_r64_0.05_u87-2025-neuron-adhered,"20240516_DC-adhered_10x_caged_4_class,20240422_neuron-adhered_10x_uncaged_4_class,20240703_neuron-adhered_10x_caged_4_class,20260316_a549-tomm20-gfp-adhered_10x_caged_at_4x_4_class,231212_imr90_multichannel_overlay_4_class,20250227_preadipocytes-adhered_10x_caged_4_class,20240624_mc38_10x_uncaged_4_class,20240509_Hs675Tfibroblasts_10x_caged_4_class,20240905_u87-adhered_10x_caged_4_class,20250108_neuron-adhered_10x_uncaged_4_class,20250305_neuron-adhered_10x_uncaged_4_class"
20240704_neuron-adhered_10x_caged_4_class,test_ds,0.549,lora_r64_0.05_u87-2025-neuron-adhered,"20240516_DC-adhered_10x_caged_4_class,20240422_neuron-adhered_10x_uncaged_4_class,20240703_neuron-adhered_10x_caged_4_class,20260316_a549-tomm20-gfp-adhered_10x_caged_at_4x_4_class,231212_imr90_multichannel_overlay_4_class,20250227_preadipocytes-adhered_10x_caged_4_class,20240624_mc38_10x_uncaged_4_class,20240509_Hs675Tfibroblasts_10x_caged_4_class,20240905_u87-adhered_10x_caged_4_class,20250108_neuron-adhered_10x_uncaged_4_class,20250305_neuron-adhered_10x_uncaged_4_class"
20240905_u87-adhered_10x_caged_4_class,test_ds,0.565,lora_r64_0.05_u87-2025-neuron-adhered,"20240516_DC-adhered_10x_caged_4_class,20240422_neuron-adhered_10x_uncaged_4_class,20240703_neuron-adhered_10x_caged_4_class,20260316_a549-tomm20-gfp-adhered_10x_caged_at_4x_4_class,231212_imr90_multichannel_overlay_4_class,20250227_preadipocytes-adhered_10x_caged_4_class,20240624_mc38_10x_uncaged_4_class,20240509_Hs675Tfibroblasts_10x_caged_4_class,20240905_u87-adhered_10x_caged_4_class,20250108_neuron-adhered_10x_uncaged_4_class,20250305_neuron-adhered_10x_uncaged_4_class"
20240924_enteric-glia-adhered_10x_uncaged_4_class,test_ds,0.697,lora_r64_0.05_u87-2025-neuron-adhered,"20240516_DC-adhered_10x_caged_4_class,20240422_neuron-adhered_10x_uncaged_4_class,20240703_neuron-adhered_10x_caged_4_class,20260316_a549-tomm20-gfp-adhered_10x_caged_at_4x_4_class,231212_imr90_multichannel_overlay_4_class,20250227_preadipocytes-adhered_10x_caged_4_class,20240624_mc38_10x_uncaged_4_class,20240509_Hs675Tfibroblasts_10x_caged_4_class,20240905_u87-adhered_10x_caged_4_class,20250108_neuron-adhered_10x_uncaged_4_class,20250305_neuron-adhered_10x_uncaged_4_class"
20241212_preadipocytes-adhered_10x_uncaged_4_class,test_ds,0.351,lora_r64_0.05_u87-2025-neuron-adhered,"20240516_DC-adhered_10x_caged_4_class,20240422_neuron-adhered_10x_uncaged_4_class,20240703_neuron-adhered_10x_caged_4_class,20260316_a549-tomm20-gfp-adhered_10x_caged_at_4x_4_class,231212_imr90_multichannel_overlay_4_class,20250227_preadipocytes-adhered_10x_caged_4_class,20240624_mc38_10x_uncaged_4_class,20240509_Hs675Tfibroblasts_10x_caged_4_class,20240905_u87-adhered_10x_caged_4_class,20250108_neuron-adhered_10x_uncaged_4_class,20250305_neuron-adhered_10x_uncaged_4_class"
20250108_neuron-adhered_10x_uncaged_4_class,test_ds,0.456,lora_r64_0.05_u87-2025-neuron-adhered,"20240516_DC-adhered_10x_caged_4_class,20240422_neuron-adhered_10x_uncaged_4_class,20240703_neuron-adhered_10x_caged_4_class,20260316_a549-tomm20-gfp-adhered_10x_caged_at_4x_4_class,231212_imr90_multichannel_overlay_4_class,20250227_preadipocytes-adhered_10x_caged_4_class,20240624_mc38_10x_uncaged_4_class,20240509_Hs675Tfibroblasts_10x_caged_4_class,20240905_u87-adhered_10x_caged_4_class,20250108_neuron-adhered_10x_uncaged_4_class,20250305_neuron-adhered_10x_uncaged_4_class"
20250227_preadipocytes-adhered_10x_caged_4_class,test_ds,0.494,lora_r64_0.05_u87-2025-neuron-adhered,"20240516_DC-adhered_10x_caged_4_class,20240422_neuron-adhered_10x_uncaged_4_class,20240703_neuron-adhered_10x_caged_4_class,20260316_a549-tomm20-gfp-adhered_10x_caged_at_4x_4_class,231212_imr90_multichannel_overlay_4_class,20250227_preadipocytes-adhered_10x_caged_4_class,20240624_mc38_10x_uncaged_4_class,20240509_Hs675Tfibroblasts_10x_caged_4_class,20240905_u87-adhered_10x_caged_4_class,20250108_neuron-adhered_10x_uncaged_4_class,20250305_neuron-adhered_10x_uncaged_4_class"
20250305_neuron-adhered_10x_uncaged_4_class,test_ds,0.672,lora_r64_0.05_u87-2025-neuron-adhered,"20240516_DC-adhered_10x_caged_4_class,20240422_neuron-adhered_10x_uncaged_4_class,20240703_neuron-adhered_10x_caged_4_class,20260316_a549-tomm20-gfp-adhered_10x_caged_at_4x_4_class,231212_imr90_multichannel_overlay_4_class,20250227_preadipocytes-adhered_10x_caged_4_class,20240624_mc38_10x_uncaged_4_class,20240509_Hs675Tfibroblasts_10x_caged_4_class,20240905_u87-adhered_10x_caged_4_class,20250108_neuron-adhered_10x_uncaged_4_class,20250305_neuron-adhered_10x_uncaged_4_class"
20250820_c8d1a_astrocytes-adherent_10x_caged_4_class,test_ds,0.507,lora_r64_0.05_u87-2025-neuron-adhered,"20240516_DC-adhered_10x_caged_4_class,20240422_neuron-adhered_10x_uncaged_4_class,20240703_neuron-adhered_10x_caged_4_class,20260316_a549-tomm20-gfp-adhered_10x_caged_at_4x_4_class,231212_imr90_multichannel_overlay_4_class,20250227_preadipocytes-adhered_10x_caged_4_class,20240624_mc38_10x_uncaged_4_class,20240509_Hs675Tfibroblasts_10x_caged_4_class,20240905_u87-adhered_10x_caged_4_class,20250108_neuron-adhered_10x_uncaged_4_class,20250305_neuron-adhered_10x_uncaged_4_class"
20250917_moc22-adhered_10x_caged_4_class,test_ds,0.521,lora_r64_0.05_u87-2025-neuron-adhered,"20240516_DC-adhered_10x_caged_4_class,20240422_neuron-adhered_10x_uncaged_4_class,20240703_neuron-adhered_10x_caged_4_class,20260316_a549-tomm20-gfp-adhered_10x_caged_at_4x_4_class,231212_imr90_multichannel_overlay_4_class,20250227_preadipocytes-adhered_10x_caged_4_class,20240624_mc38_10x_uncaged_4_class,20240509_Hs675Tfibroblasts_10x_caged_4_class,20240905_u87-adhered_10x_caged_4_class,20250108_neuron-adhered_10x_uncaged_4_class,20250305_neuron-adhered_10x_uncaged_4_class"
20260316_a549-tomm20-gfp-adhered_10x_caged_at_4x_4_class,test_ds,0.719,lora_r64_0.05_u87-2025-neuron-adhered,"20240516_DC-adhered_10x_caged_4_class,20240422_neuron-adhered_10x_uncaged_4_class,20240703_neuron-adhered_10x_caged_4_class,20260316_a549-tomm20-gfp-adhered_10x_caged_at_4x_4_class,231212_imr90_multichannel_overlay_4_class,20250227_preadipocytes-adhered_10x_caged_4_class,20240624_mc38_10x_uncaged_4_class,20240509_Hs675Tfibroblasts_10x_caged_4_class,20240905_u87-adhered_10x_caged_4_class,20250108_neuron-adhered_10x_uncaged_4_class,20250305_neuron-adhered_10x_uncaged_4_class"
231212_imr90_multichannel_overlay_4_class,test_ds,0.758,lora_r64_0.05_u87-2025-neuron-adhered,"20240516_DC-adhered_10x_caged_4_class,20240422_neuron-adhered_10x_uncaged_4_class,20240703_neuron-adhered_10x_caged_4_class,20260316_a549-tomm20-gfp-adhered_10x_caged_at_4x_4_class,231212_imr90_multichannel_overlay_4_class,20250227_preadipocytes-adhered_10x_caged_4_class,20240624_mc38_10x_uncaged_4_class,20240509_Hs675Tfibroblasts_10x_caged_4_class,20240905_u87-adhered_10x_caged_4_class,20250108_neuron-adhered_10x_uncaged_4_class,20250305_neuron-adhered_10x_uncaged_4_class"
240213_imr90_multichannel_overlay_4_class,test_ds,0.559,lora_r64_0.05_u87-2025-neuron-adhered,"20240516_DC-adhered_10x_caged_4_class,20240422_neuron-adhered_10x_uncaged_4_class,20240703_neuron-adhered_10x_caged_4_class,20260316_a549-tomm20-gfp-adhered_10x_caged_at_4x_4_class,231212_imr90_multichannel_overlay_4_class,20250227_preadipocytes-adhered_10x_caged_4_class,20240624_mc38_10x_uncaged_4_class,20240509_Hs675Tfibroblasts_10x_caged_4_class,20240905_u87-adhered_10x_caged_4_class,20250108_neuron-adhered_10x_uncaged_4_class,20250305_neuron-adhered_10x_uncaged_4_class"
20240516_DC-adhered_10x_caged_4_class,train_ds,0.697,lora_r64_0.5_2024-u87,"20240516_DC-adhered_10x_caged_4_class,20240422_neuron-adhered_10x_uncaged_4_class,20240703_neuron-adhered_10x_caged_4_class,20260316_a549-tomm20-gfp-adhered_10x_caged_at_4x_4_class,231212_imr90_multichannel_overlay_4_class,20250227_preadipocytes-adhered_10x_caged_4_class,20240624_mc38_10x_uncaged_4_class,20240509_Hs675Tfibroblasts_10x_caged_4_class,20240905_u87-adhered_10x_caged_4_class"
20240422_neuron-adhered_10x_uncaged_4_class,train_ds,0.547,lora_r64_0.5_2024-u87,"20240516_DC-adhered_10x_caged_4_class,20240422_neuron-adhered_10x_uncaged_4_class,20240703_neuron-adhered_10x_caged_4_class,20260316_a549-tomm20-gfp-adhered_10x_caged_at_4x_4_class,231212_imr90_multichannel_overlay_4_class,20250227_preadipocytes-adhered_10x_caged_4_class,20240624_mc38_10x_uncaged_4_class,20240509_Hs675Tfibroblasts_10x_caged_4_class,20240905_u87-adhered_10x_caged_4_class"
20240703_neuron-adhered_10x_caged_4_class,train_ds,0.593,lora_r64_0.5_2024-u87,"20240516_DC-adhered_10x_caged_4_class,20240422_neuron-adhered_10x_uncaged_4_class,20240703_neuron-adhered_10x_caged_4_class,20260316_a549-tomm20-gfp-adhered_10x_caged_at_4x_4_class,231212_imr90_multichannel_overlay_4_class,20250227_preadipocytes-adhered_10x_caged_4_class,20240624_mc38_10x_uncaged_4_class,20240509_Hs675Tfibroblasts_10x_caged_4_class,20240905_u87-adhered_10x_caged_4_class"
20260316_a549-tomm20-gfp-adhered_10x_caged_at_4x_4_class,train_ds,0.693,lora_r64_0.5_2024-u87,"20240516_DC-adhered_10x_caged_4_class,20240422_neuron-adhered_10x_uncaged_4_class,20240703_neuron-adhered_10x_caged_4_class,20260316_a549-tomm20-gfp-adhered_10x_caged_at_4x_4_class,231212_imr90_multichannel_overlay_4_class,20250227_preadipocytes-adhered_10x_caged_4_class,20240624_mc38_10x_uncaged_4_class,20240509_Hs675Tfibroblasts_10x_caged_4_class,20240905_u87-adhered_10x_caged_4_class"
231212_imr90_multichannel_overlay_4_class,train_ds,0.756,lora_r64_0.5_2024-u87,"20240516_DC-adhered_10x_caged_4_class,20240422_neuron-adhered_10x_uncaged_4_class,20240703_neuron-adhered_10x_caged_4_class,20260316_a549-tomm20-gfp-adhered_10x_caged_at_4x_4_class,231212_imr90_multichannel_overlay_4_class,20250227_preadipocytes-adhered_10x_caged_4_class,20240624_mc38_10x_uncaged_4_class,20240509_Hs675Tfibroblasts_10x_caged_4_class,20240905_u87-adhered_10x_caged_4_class"
20250227_preadipocytes-adhered_10x_caged_4_class,train_ds,0.482,lora_r64_0.5_2024-u87,"20240516_DC-adhered_10x_caged_4_class,20240422_neuron-adhered_10x_uncaged_4_class,20240703_neuron-adhered_10x_caged_4_class,20260316_a549-tomm20-gfp-adhered_10x_caged_at_4x_4_class,231212_imr90_multichannel_overlay_4_class,20250227_preadipocytes-adhered_10x_caged_4_class,20240624_mc38_10x_uncaged_4_class,20240509_Hs675Tfibroblasts_10x_caged_4_class,20240905_u87-adhered_10x_caged_4_class"
20240624_mc38_10x_uncaged_4_class,train_ds,0.708,lora_r64_0.5_2024-u87,"20240516_DC-adhered_10x_caged_4_class,20240422_neuron-adhered_10x_uncaged_4_class,20240703_neuron-adhered_10x_caged_4_class,20260316_a549-tomm20-gfp-adhered_10x_caged_at_4x_4_class,231212_imr90_multichannel_overlay_4_class,20250227_preadipocytes-adhered_10x_caged_4_class,20240624_mc38_10x_uncaged_4_class,20240509_Hs675Tfibroblasts_10x_caged_4_class,20240905_u87-adhered_10x_caged_4_class"
20240509_Hs675Tfibroblasts_10x_caged_4_class,train_ds,0.606,lora_r64_0.5_2024-u87,"20240516_DC-adhered_10x_caged_4_class,20240422_neuron-adhered_10x_uncaged_4_class,20240703_neuron-adhered_10x_caged_4_class,20260316_a549-tomm20-gfp-adhered_10x_caged_at_4x_4_class,231212_imr90_multichannel_overlay_4_class,20250227_preadipocytes-adhered_10x_caged_4_class,20240624_mc38_10x_uncaged_4_class,20240509_Hs675Tfibroblasts_10x_caged_4_class,20240905_u87-adhered_10x_caged_4_class"
20240905_u87-adhered_10x_caged_4_class,train_ds,0.649,lora_r64_0.5_2024-u87,"20240516_DC-adhered_10x_caged_4_class,20240422_neuron-adhered_10x_uncaged_4_class,20240703_neuron-adhered_10x_caged_4_class,20260316_a549-tomm20-gfp-adhered_10x_caged_at_4x_4_class,231212_imr90_multichannel_overlay_4_class,20250227_preadipocytes-adhered_10x_caged_4_class,20240624_mc38_10x_uncaged_4_class,20240509_Hs675Tfibroblasts_10x_caged_4_class,20240905_u87-adhered_10x_caged_4_class"
20240422_neuron-adhered_10x_uncaged_4_class,test_ds,0.547,lora_r64_0.5_2024-u87,"20240516_DC-adhered_10x_caged_4_class,20240422_neuron-adhered_10x_uncaged_4_class,20240703_neuron-adhered_10x_caged_4_class,20260316_a549-tomm20-gfp-adhered_10x_caged_at_4x_4_class,231212_imr90_multichannel_overlay_4_class,20250227_preadipocytes-adhered_10x_caged_4_class,20240624_mc38_10x_uncaged_4_class,20240509_Hs675Tfibroblasts_10x_caged_4_class,20240905_u87-adhered_10x_caged_4_class"
20240509_Hs675Tfibroblasts_10x_caged_4_class,test_ds,0.606,lora_r64_0.5_2024-u87,"20240516_DC-adhered_10x_caged_4_class,20240422_neuron-adhered_10x_uncaged_4_class,20240703_neuron-adhered_10x_caged_4_class,20260316_a549-tomm20-gfp-adhered_10x_caged_at_4x_4_class,231212_imr90_multichannel_overlay_4_class,20250227_preadipocytes-adhered_10x_caged_4_class,20240624_mc38_10x_uncaged_4_class,20240509_Hs675Tfibroblasts_10x_caged_4_class,20240905_u87-adhered_10x_caged_4_class"
20240509_hela-adhered_10x_caged_4_class,test_ds,0.506,lora_r64_0.5_2024-u87,"20240516_DC-adhered_10x_caged_4_class,20240422_neuron-adhered_10x_uncaged_4_class,20240703_neuron-adhered_10x_caged_4_class,20260316_a549-tomm20-gfp-adhered_10x_caged_at_4x_4_class,231212_imr90_multichannel_overlay_4_class,20250227_preadipocytes-adhered_10x_caged_4_class,20240624_mc38_10x_uncaged_4_class,20240509_Hs675Tfibroblasts_10x_caged_4_class,20240905_u87-adhered_10x_caged_4_class"
20240515_DC-adhered_10x_caged_4_class,test_ds,0.685,lora_r64_0.5_2024-u87,"20240516_DC-adhered_10x_caged_4_class,20240422_neuron-adhered_10x_uncaged_4_class,20240703_neuron-adhered_10x_caged_4_class,20260316_a549-tomm20-gfp-adhered_10x_caged_at_4x_4_class,231212_imr90_multichannel_overlay_4_class,20250227_preadipocytes-adhered_10x_caged_4_class,20240624_mc38_10x_uncaged_4_class,20240509_Hs675Tfibroblasts_10x_caged_4_class,20240905_u87-adhered_10x_caged_4_class"
20240516_DC-adhered_10x_caged_4_class,test_ds,0.697,lora_r64_0.5_2024-u87,"20240516_DC-adhered_10x_caged_4_class,20240422_neuron-adhered_10x_uncaged_4_class,20240703_neuron-adhered_10x_caged_4_class,20260316_a549-tomm20-gfp-adhered_10x_caged_at_4x_4_class,231212_imr90_multichannel_overlay_4_class,20250227_preadipocytes-adhered_10x_caged_4_class,20240624_mc38_10x_uncaged_4_class,20240509_Hs675Tfibroblasts_10x_caged_4_class,20240905_u87-adhered_10x_caged_4_class"
20240624_mc38_10x_caged_4_class,test_ds,0.621,lora_r64_0.5_2024-u87,"20240516_DC-adhered_10x_caged_4_class,20240422_neuron-adhered_10x_uncaged_4_class,20240703_neuron-adhered_10x_caged_4_class,20260316_a549-tomm20-gfp-adhered_10x_caged_at_4x_4_class,231212_imr90_multichannel_overlay_4_class,20250227_preadipocytes-adhered_10x_caged_4_class,20240624_mc38_10x_uncaged_4_class,20240509_Hs675Tfibroblasts_10x_caged_4_class,20240905_u87-adhered_10x_caged_4_class"
20240624_mc38_10x_uncaged_4_class,test_ds,0.708,lora_r64_0.5_2024-u87,"20240516_DC-adhered_10x_caged_4_class,20240422_neuron-adhered_10x_uncaged_4_class,20240703_neuron-adhered_10x_caged_4_class,20260316_a549-tomm20-gfp-adhered_10x_caged_at_4x_4_class,231212_imr90_multichannel_overlay_4_class,20250227_preadipocytes-adhered_10x_caged_4_class,20240624_mc38_10x_uncaged_4_class,20240509_Hs675Tfibroblasts_10x_caged_4_class,20240905_u87-adhered_10x_caged_4_class"
20240625_mc38_10x_caged_4_class,test_ds,0.57,lora_r64_0.5_2024-u87,"20240516_DC-adhered_10x_caged_4_class,20240422_neuron-adhered_10x_uncaged_4_class,20240703_neuron-adhered_10x_caged_4_class,20260316_a549-tomm20-gfp-adhered_10x_caged_at_4x_4_class,231212_imr90_multichannel_overlay_4_class,20250227_preadipocytes-adhered_10x_caged_4_class,20240624_mc38_10x_uncaged_4_class,20240509_Hs675Tfibroblasts_10x_caged_4_class,20240905_u87-adhered_10x_caged_4_class"
20240703_neuron-adhered_10x_caged_4_class,test_ds,0.593,lora_r64_0.5_2024-u87,"20240516_DC-adhered_10x_caged_4_class,20240422_neuron-adhered_10x_uncaged_4_class,20240703_neuron-adhered_10x_caged_4_class,20260316_a549-tomm20-gfp-adhered_10x_caged_at_4x_4_class,231212_imr90_multichannel_overlay_4_class,20250227_preadipocytes-adhered_10x_caged_4_class,20240624_mc38_10x_uncaged_4_class,20240509_Hs675Tfibroblasts_10x_caged_4_class,20240905_u87-adhered_10x_caged_4_class"
20240704_neuron-adhered_10x_caged_4_class,test_ds,0.553,lora_r64_0.5_2024-u87,"20240516_DC-adhered_10x_caged_4_class,20240422_neuron-adhered_10x_uncaged_4_class,20240703_neuron-adhered_10x_caged_4_class,20260316_a549-tomm20-gfp-adhered_10x_caged_at_4x_4_class,231212_imr90_multichannel_overlay_4_class,20250227_preadipocytes-adhered_10x_caged_4_class,20240624_mc38_10x_uncaged_4_class,20240509_Hs675Tfibroblasts_10x_caged_4_class,20240905_u87-adhered_10x_caged_4_class"
20240905_u87-adhered_10x_caged_4_class,test_ds,0.649,lora_r64_0.5_2024-u87,"20240516_DC-adhered_10x_caged_4_class,20240422_neuron-adhered_10x_uncaged_4_class,20240703_neuron-adhered_10x_caged_4_class,20260316_a549-tomm20-gfp-adhered_10x_caged_at_4x_4_class,231212_imr90_multichannel_overlay_4_class,20250227_preadipocytes-adhered_10x_caged_4_class,20240624_mc38_10x_uncaged_4_class,20240509_Hs675Tfibroblasts_10x_caged_4_class,20240905_u87-adhered_10x_caged_4_class"
20240924_enteric-glia-adhered_10x_uncaged_4_class,test_ds,0.754,lora_r64_0.5_2024-u87,"20240516_DC-adhered_10x_caged_4_class,20240422_neuron-adhered_10x_uncaged_4_class,20240703_neuron-adhered_10x_caged_4_class,20260316_a549-tomm20-gfp-adhered_10x_caged_at_4x_4_class,231212_imr90_multichannel_overlay_4_class,20250227_preadipocytes-adhered_10x_caged_4_class,20240624_mc38_10x_uncaged_4_class,20240509_Hs675Tfibroblasts_10x_caged_4_class,20240905_u87-adhered_10x_caged_4_class"
20241212_preadipocytes-adhered_10x_uncaged_4_class,test_ds,0.345,lora_r64_0.5_2024-u87,"20240516_DC-adhered_10x_caged_4_class,20240422_neuron-adhered_10x_uncaged_4_class,20240703_neuron-adhered_10x_caged_4_class,20260316_a549-tomm20-gfp-adhered_10x_caged_at_4x_4_class,231212_imr90_multichannel_overlay_4_class,20250227_preadipocytes-adhered_10x_caged_4_class,20240624_mc38_10x_uncaged_4_class,20240509_Hs675Tfibroblasts_10x_caged_4_class,20240905_u87-adhered_10x_caged_4_class"
20250108_neuron-adhered_10x_uncaged_4_class,test_ds,0.341,lora_r64_0.5_2024-u87,"20240516_DC-adhered_10x_caged_4_class,20240422_neuron-adhered_10x_uncaged_4_class,20240703_neuron-adhered_10x_caged_4_class,20260316_a549-tomm20-gfp-adhered_10x_caged_at_4x_4_class,231212_imr90_multichannel_overlay_4_class,20250227_preadipocytes-adhered_10x_caged_4_class,20240624_mc38_10x_uncaged_4_class,20240509_Hs675Tfibroblasts_10x_caged_4_class,20240905_u87-adhered_10x_caged_4_class"
20250227_preadipocytes-adhered_10x_caged_4_class,test_ds,0.482,lora_r64_0.5_2024-u87,"20240516_DC-adhered_10x_caged_4_class,20240422_neuron-adhered_10x_uncaged_4_class,20240703_neuron-adhered_10x_caged_4_class,20260316_a549-tomm20-gfp-adhered_10x_caged_at_4x_4_class,231212_imr90_multichannel_overlay_4_class,20250227_preadipocytes-adhered_10x_caged_4_class,20240624_mc38_10x_uncaged_4_class,20240509_Hs675Tfibroblasts_10x_caged_4_class,20240905_u87-adhered_10x_caged_4_class"
20250305_neuron-adhered_10x_uncaged_4_class,test_ds,0.36,lora_r64_0.5_2024-u87,"20240516_DC-adhered_10x_caged_4_class,20240422_neuron-adhered_10x_uncaged_4_class,20240703_neuron-adhered_10x_caged_4_class,20260316_a549-tomm20-gfp-adhered_10x_caged_at_4x_4_class,231212_imr90_multichannel_overlay_4_class,20250227_preadipocytes-adhered_10x_caged_4_class,20240624_mc38_10x_uncaged_4_class,20240509_Hs675Tfibroblasts_10x_caged_4_class,20240905_u87-adhered_10x_caged_4_class"
20250820_c8d1a_astrocytes-adherent_10x_caged_4_class,test_ds,0.463,lora_r64_0.5_2024-u87,"20240516_DC-adhered_10x_caged_4_class,20240422_neuron-adhered_10x_uncaged_4_class,20240703_neuron-adhered_10x_caged_4_class,20260316_a549-tomm20-gfp-adhered_10x_caged_at_4x_4_class,231212_imr90_multichannel_overlay_4_class,20250227_preadipocytes-adhered_10x_caged_4_class,20240624_mc38_10x_uncaged_4_class,20240509_Hs675Tfibroblasts_10x_caged_4_class,20240905_u87-adhered_10x_caged_4_class"
20250917_moc22-adhered_10x_caged_4_class,test_ds,0.511,lora_r64_0.5_2024-u87,"20240516_DC-adhered_10x_caged_4_class,20240422_neuron-adhered_10x_uncaged_4_class,20240703_neuron-adhered_10x_caged_4_class,20260316_a549-tomm20-gfp-adhered_10x_caged_at_4x_4_class,231212_imr90_multichannel_overlay_4_class,20250227_preadipocytes-adhered_10x_caged_4_class,20240624_mc38_10x_uncaged_4_class,20240509_Hs675Tfibroblasts_10x_caged_4_class,20240905_u87-adhered_10x_caged_4_class"
20260316_a549-tomm20-gfp-adhered_10x_caged_at_4x_4_class,test_ds,0.693,lora_r64_0.5_2024-u87,"20240516_DC-adhered_10x_caged_4_class,20240422_neuron-adhered_10x_uncaged_4_class,20240703_neuron-adhered_10x_caged_4_class,20260316_a549-tomm20-gfp-adhered_10x_caged_at_4x_4_class,231212_imr90_multichannel_overlay_4_class,20250227_preadipocytes-adhered_10x_caged_4_class,20240624_mc38_10x_uncaged_4_class,20240509_Hs675Tfibroblasts_10x_caged_4_class,20240905_u87-adhered_10x_caged_4_class"
231212_imr90_multichannel_overlay_4_class,test_ds,0.756,lora_r64_0.5_2024-u87,"20240516_DC-adhered_10x_caged_4_class,20240422_neuron-adhered_10x_uncaged_4_class,20240703_neuron-adhered_10x_caged_4_class,20260316_a549-tomm20-gfp-adhered_10x_caged_at_4x_4_class,231212_imr90_multichannel_overlay_4_class,20250227_preadipocytes-adhered_10x_caged_4_class,20240624_mc38_10x_uncaged_4_class,20240509_Hs675Tfibroblasts_10x_caged_4_class,20240905_u87-adhered_10x_caged_4_class"
240213_imr90_multichannel_overlay_4_class,test_ds,0.599,lora_r64_0.5_2024-u87,"20240516_DC-adhered_10x_caged_4_class,20240422_neuron-adhered_10x_uncaged_4_class,20240703_neuron-adhered_10x_caged_4_class,20260316_a549-tomm20-gfp-adhered_10x_caged_at_4x_4_class,231212_imr90_multichannel_overlay_4_class,20250227_preadipocytes-adhered_10x_caged_4_class,20240624_mc38_10x_uncaged_4_class,20240509_Hs675Tfibroblasts_10x_caged_4_class,20240905_u87-adhered_10x_caged_4_class"
20240516_DC-adhered_10x_caged_4_class,train_ds,0.687,lora_r32_0.05_u87-2025-neuron-adhered,"20240516_DC-adhered_10x_caged_4_class,20240422_neuron-adhered_10x_uncaged_4_class,20240703_neuron-adhered_10x_caged_4_class,20260316_a549-tomm20-gfp-adhered_10x_caged_at_4x_4_class,231212_imr90_multichannel_overlay_4_class,20250227_preadipocytes-adhered_10x_caged_4_class,20240624_mc38_10x_uncaged_4_class,20240509_Hs675Tfibroblasts_10x_caged_4_class,20240905_u87-adhered_10x_caged_4_class,20250108_neuron-adhered_10x_uncaged_4_class,20250305_neuron-adhered_10x_uncaged_4_class"
20240422_neuron-adhered_10x_uncaged_4_class,train_ds,0.551,lora_r32_0.05_u87-2025-neuron-adhered,"20240516_DC-adhered_10x_caged_4_class,20240422_neuron-adhered_10x_uncaged_4_class,20240703_neuron-adhered_10x_caged_4_class,20260316_a549-tomm20-gfp-adhered_10x_caged_at_4x_4_class,231212_imr90_multichannel_overlay_4_class,20250227_preadipocytes-adhered_10x_caged_4_class,20240624_mc38_10x_uncaged_4_class,20240509_Hs675Tfibroblasts_10x_caged_4_class,20240905_u87-adhered_10x_caged_4_class,20250108_neuron-adhered_10x_uncaged_4_class,20250305_neuron-adhered_10x_uncaged_4_class"
20240703_neuron-adhered_10x_caged_4_class,train_ds,0.526,lora_r32_0.05_u87-2025-neuron-adhered,"20240516_DC-adhered_10x_caged_4_class,20240422_neuron-adhered_10x_uncaged_4_class,20240703_neuron-adhered_10x_caged_4_class,20260316_a549-tomm20-gfp-adhered_10x_caged_at_4x_4_class,231212_imr90_multichannel_overlay_4_class,20250227_preadipocytes-adhered_10x_caged_4_class,20240624_mc38_10x_uncaged_4_class,20240509_Hs675Tfibroblasts_10x_caged_4_class,20240905_u87-adhered_10x_caged_4_class,20250108_neuron-adhered_10x_uncaged_4_class,20250305_neuron-adhered_10x_uncaged_4_class"
20260316_a549-tomm20-gfp-adhered_10x_caged_at_4x_4_class,train_ds,0.72,lora_r32_0.05_u87-2025-neuron-adhered,"20240516_DC-adhered_10x_caged_4_class,20240422_neuron-adhered_10x_uncaged_4_class,20240703_neuron-adhered_10x_caged_4_class,20260316_a549-tomm20-gfp-adhered_10x_caged_at_4x_4_class,231212_imr90_multichannel_overlay_4_class,20250227_preadipocytes-adhered_10x_caged_4_class,20240624_mc38_10x_uncaged_4_class,20240509_Hs675Tfibroblasts_10x_caged_4_class,20240905_u87-adhered_10x_caged_4_class,20250108_neuron-adhered_10x_uncaged_4_class,20250305_neuron-adhered_10x_uncaged_4_class"
231212_imr90_multichannel_overlay_4_class,train_ds,0.763,lora_r32_0.05_u87-2025-neuron-adhered,"20240516_DC-adhered_10x_caged_4_class,20240422_neuron-adhered_10x_uncaged_4_class,20240703_neuron-adhered_10x_caged_4_class,20260316_a549-tomm20-gfp-adhered_10x_caged_at_4x_4_class,231212_imr90_multichannel_overlay_4_class,20250227_preadipocytes-adhered_10x_caged_4_class,20240624_mc38_10x_uncaged_4_class,20240509_Hs675Tfibroblasts_10x_caged_4_class,20240905_u87-adhered_10x_caged_4_class,20250108_neuron-adhered_10x_uncaged_4_class,20250305_neuron-adhered_10x_uncaged_4_class"
20250227_preadipocytes-adhered_10x_caged_4_class,train_ds,0.494,lora_r32_0.05_u87-2025-neuron-adhered,"20240516_DC-adhered_10x_caged_4_class,20240422_neuron-adhered_10x_uncaged_4_class,20240703_neuron-adhered_10x_caged_4_class,20260316_a549-tomm20-gfp-adhered_10x_caged_at_4x_4_class,231212_imr90_multichannel_overlay_4_class,20250227_preadipocytes-adhered_10x_caged_4_class,20240624_mc38_10x_uncaged_4_class,20240509_Hs675Tfibroblasts_10x_caged_4_class,20240905_u87-adhered_10x_caged_4_class,20250108_neuron-adhered_10x_uncaged_4_class,20250305_neuron-adhered_10x_uncaged_4_class"
20240624_mc38_10x_uncaged_4_class,train_ds,0.711,lora_r32_0.05_u87-2025-neuron-adhered,"20240516_DC-adhered_10x_caged_4_class,20240422_neuron-adhered_10x_uncaged_4_class,20240703_neuron-adhered_10x_caged_4_class,20260316_a549-tomm20-gfp-adhered_10x_caged_at_4x_4_class,231212_imr90_multichannel_overlay_4_class,20250227_preadipocytes-adhered_10x_caged_4_class,20240624_mc38_10x_uncaged_4_class,20240509_Hs675Tfibroblasts_10x_caged_4_class,20240905_u87-adhered_10x_caged_4_class,20250108_neuron-adhered_10x_uncaged_4_class,20250305_neuron-adhered_10x_uncaged_4_class"
20240509_Hs675Tfibroblasts_10x_caged_4_class,train_ds,0.671,lora_r32_0.05_u87-2025-neuron-adhered,"20240516_DC-adhered_10x_caged_4_class,20240422_neuron-adhered_10x_uncaged_4_class,20240703_neuron-adhered_10x_caged_4_class,20260316_a549-tomm20-gfp-adhered_10x_caged_at_4x_4_class,231212_imr90_multichannel_overlay_4_class,20250227_preadipocytes-adhered_10x_caged_4_class,20240624_mc38_10x_uncaged_4_class,20240509_Hs675Tfibroblasts_10x_caged_4_class,20240905_u87-adhered_10x_caged_4_class,20250108_neuron-adhered_10x_uncaged_4_class,20250305_neuron-adhered_10x_uncaged_4_class"
20240905_u87-adhered_10x_caged_4_class,train_ds,0.559,lora_r32_0.05_u87-2025-neuron-adhered,"20240516_DC-adhered_10x_caged_4_class,20240422_neuron-adhered_10x_uncaged_4_class,20240703_neuron-adhered_10x_caged_4_class,20260316_a549-tomm20-gfp-adhered_10x_caged_at_4x_4_class,231212_imr90_multichannel_overlay_4_class,20250227_preadipocytes-adhered_10x_caged_4_class,20240624_mc38_10x_uncaged_4_class,20240509_Hs675Tfibroblasts_10x_caged_4_class,20240905_u87-adhered_10x_caged_4_class,20250108_neuron-adhered_10x_uncaged_4_class,20250305_neuron-adhered_10x_uncaged_4_class"
20250108_neuron-adhered_10x_uncaged_4_class,train_ds,0.446,lora_r32_0.05_u87-2025-neuron-adhered,"20240516_DC-adhered_10x_caged_4_class,20240422_neuron-adhered_10x_uncaged_4_class,20240703_neuron-adhered_10x_caged_4_class,20260316_a549-tomm20-gfp-adhered_10x_caged_at_4x_4_class,231212_imr90_multichannel_overlay_4_class,20250227_preadipocytes-adhered_10x_caged_4_class,20240624_mc38_10x_uncaged_4_class,20240509_Hs675Tfibroblasts_10x_caged_4_class,20240905_u87-adhered_10x_caged_4_class,20250108_neuron-adhered_10x_uncaged_4_class,20250305_neuron-adhered_10x_uncaged_4_class"
20250305_neuron-adhered_10x_uncaged_4_class,train_ds,0.667,lora_r32_0.05_u87-2025-neuron-adhered,"20240516_DC-adhered_10x_caged_4_class,20240422_neuron-adhered_10x_uncaged_4_class,20240703_neuron-adhered_10x_caged_4_class,20260316_a549-tomm20-gfp-adhered_10x_caged_at_4x_4_class,231212_imr90_multichannel_overlay_4_class,20250227_preadipocytes-adhered_10x_caged_4_class,20240624_mc38_10x_uncaged_4_class,20240509_Hs675Tfibroblasts_10x_caged_4_class,20240905_u87-adhered_10x_caged_4_class,20250108_neuron-adhered_10x_uncaged_4_class,20250305_neuron-adhered_10x_uncaged_4_class"
20240422_neuron-adhered_10x_uncaged_4_class,test_ds,0.551,lora_r32_0.05_u87-2025-neuron-adhered,"20240516_DC-adhered_10x_caged_4_class,20240422_neuron-adhered_10x_uncaged_4_class,20240703_neuron-adhered_10x_caged_4_class,20260316_a549-tomm20-gfp-adhered_10x_caged_at_4x_4_class,231212_imr90_multichannel_overlay_4_class,20250227_preadipocytes-adhered_10x_caged_4_class,20240624_mc38_10x_uncaged_4_class,20240509_Hs675Tfibroblasts_10x_caged_4_class,20240905_u87-adhered_10x_caged_4_class,20250108_neuron-adhered_10x_uncaged_4_class,20250305_neuron-adhered_10x_uncaged_4_class"
20240509_Hs675Tfibroblasts_10x_caged_4_class,test_ds,0.671,lora_r32_0.05_u87-2025-neuron-adhered,"20240516_DC-adhered_10x_caged_4_class,20240422_neuron-adhered_10x_uncaged_4_class,20240703_neuron-adhered_10x_caged_4_class,20260316_a549-tomm20-gfp-adhered_10x_caged_at_4x_4_class,231212_imr90_multichannel_overlay_4_class,20250227_preadipocytes-adhered_10x_caged_4_class,20240624_mc38_10x_uncaged_4_class,20240509_Hs675Tfibroblasts_10x_caged_4_class,20240905_u87-adhered_10x_caged_4_class,20250108_neuron-adhered_10x_uncaged_4_class,20250305_neuron-adhered_10x_uncaged_4_class"
20240509_hela-adhered_10x_caged_4_class,test_ds,0.541,lora_r32_0.05_u87-2025-neuron-adhered,"20240516_DC-adhered_10x_caged_4_class,20240422_neuron-adhered_10x_uncaged_4_class,20240703_neuron-adhered_10x_caged_4_class,20260316_a549-tomm20-gfp-adhered_10x_caged_at_4x_4_class,231212_imr90_multichannel_overlay_4_class,20250227_preadipocytes-adhered_10x_caged_4_class,20240624_mc38_10x_uncaged_4_class,20240509_Hs675Tfibroblasts_10x_caged_4_class,20240905_u87-adhered_10x_caged_4_class,20250108_neuron-adhered_10x_uncaged_4_class,20250305_neuron-adhered_10x_uncaged_4_class"
20240515_DC-adhered_10x_caged_4_class,test_ds,0.68,lora_r32_0.05_u87-2025-neuron-adhered,"20240516_DC-adhered_10x_caged_4_class,20240422_neuron-adhered_10x_uncaged_4_class,20240703_neuron-adhered_10x_caged_4_class,20260316_a549-tomm20-gfp-adhered_10x_caged_at_4x_4_class,231212_imr90_multichannel_overlay_4_class,20250227_preadipocytes-adhered_10x_caged_4_class,20240624_mc38_10x_uncaged_4_class,20240509_Hs675Tfibroblasts_10x_caged_4_class,20240905_u87-adhered_10x_caged_4_class,20250108_neuron-adhered_10x_uncaged_4_class,20250305_neuron-adhered_10x_uncaged_4_class"
20240516_DC-adhered_10x_caged_4_class,test_ds,0.687,lora_r32_0.05_u87-2025-neuron-adhered,"20240516_DC-adhered_10x_caged_4_class,20240422_neuron-adhered_10x_uncaged_4_class,20240703_neuron-adhered_10x_caged_4_class,20260316_a549-tomm20-gfp-adhered_10x_caged_at_4x_4_class,231212_imr90_multichannel_overlay_4_class,20250227_preadipocytes-adhered_10x_caged_4_class,20240624_mc38_10x_uncaged_4_class,20240509_Hs675Tfibroblasts_10x_caged_4_class,20240905_u87-adhered_10x_caged_4_class,20250108_neuron-adhered_10x_uncaged_4_class,20250305_neuron-adhered_10x_uncaged_4_class"
20240624_mc38_10x_caged_4_class,test_ds,0.595,lora_r32_0.05_u87-2025-neuron-adhered,"20240516_DC-adhered_10x_caged_4_class,20240422_neuron-adhered_10x_uncaged_4_class,20240703_neuron-adhered_10x_caged_4_class,20260316_a549-tomm20-gfp-adhered_10x_caged_at_4x_4_class,231212_imr90_multichannel_overlay_4_class,20250227_preadipocytes-adhered_10x_caged_4_class,20240624_mc38_10x_uncaged_4_class,20240509_Hs675Tfibroblasts_10x_caged_4_class,20240905_u87-adhered_10x_caged_4_class,20250108_neuron-adhered_10x_uncaged_4_class,20250305_neuron-adhered_10x_uncaged_4_class"
20240624_mc38_10x_uncaged_4_class,test_ds,0.711,lora_r32_0.05_u87-2025-neuron-adhered,"20240516_DC-adhered_10x_caged_4_class,20240422_neuron-adhered_10x_uncaged_4_class,20240703_neuron-adhered_10x_caged_4_class,20260316_a549-tomm20-gfp-adhered_10x_caged_at_4x_4_class,231212_imr90_multichannel_overlay_4_class,20250227_preadipocytes-adhered_10x_caged_4_class,20240624_mc38_10x_uncaged_4_class,20240509_Hs675Tfibroblasts_10x_caged_4_class,20240905_u87-adhered_10x_caged_4_class,20250108_neuron-adhered_10x_uncaged_4_class,20250305_neuron-adhered_10x_uncaged_4_class"
20240625_mc38_10x_caged_4_class,test_ds,0.565,lora_r32_0.05_u87-2025-neuron-adhered,"20240516_DC-adhered_10x_caged_4_class,20240422_neuron-adhered_10x_uncaged_4_class,20240703_neuron-adhered_10x_caged_4_class,20260316_a549-tomm20-gfp-adhered_10x_caged_at_4x_4_class,231212_imr90_multichannel_overlay_4_class,20250227_preadipocytes-adhered_10x_caged_4_class,20240624_mc38_10x_uncaged_4_class,20240509_Hs675Tfibroblasts_10x_caged_4_class,20240905_u87-adhered_10x_caged_4_class,20250108_neuron-adhered_10x_uncaged_4_class,20250305_neuron-adhered_10x_uncaged_4_class"
20240703_neuron-adhered_10x_caged_4_class,test_ds,0.526,lora_r32_0.05_u87-2025-neuron-adhered,"20240516_DC-adhered_10x_caged_4_class,20240422_neuron-adhered_10x_uncaged_4_class,20240703_neuron-adhered_10x_caged_4_class,20260316_a549-tomm20-gfp-adhered_10x_caged_at_4x_4_class,231212_imr90_multichannel_overlay_4_class,20250227_preadipocytes-adhered_10x_caged_4_class,20240624_mc38_10x_uncaged_4_class,20240509_Hs675Tfibroblasts_10x_caged_4_class,20240905_u87-adhered_10x_caged_4_class,20250108_neuron-adhered_10x_uncaged_4_class,20250305_neuron-adhered_10x_uncaged_4_class"
20240704_neuron-adhered_10x_caged_4_class,test_ds,0.552,lora_r32_0.05_u87-2025-neuron-adhered,"20240516_DC-adhered_10x_caged_4_class,20240422_neuron-adhered_10x_uncaged_4_class,20240703_neuron-adhered_10x_caged_4_class,20260316_a549-tomm20-gfp-adhered_10x_caged_at_4x_4_class,231212_imr90_multichannel_overlay_4_class,20250227_preadipocytes-adhered_10x_caged_4_class,20240624_mc38_10x_uncaged_4_class,20240509_Hs675Tfibroblasts_10x_caged_4_class,20240905_u87-adhered_10x_caged_4_class,20250108_neuron-adhered_10x_uncaged_4_class,20250305_neuron-adhered_10x_uncaged_4_class"
20240905_u87-adhered_10x_caged_4_class,test_ds,0.559,lora_r32_0.05_u87-2025-neuron-adhered,"20240516_DC-adhered_10x_caged_4_class,20240422_neuron-adhered_10x_uncaged_4_class,20240703_neuron-adhered_10x_caged_4_class,20260316_a549-tomm20-gfp-adhered_10x_caged_at_4x_4_class,231212_imr90_multichannel_overlay_4_class,20250227_preadipocytes-adhered_10x_caged_4_class,20240624_mc38_10x_uncaged_4_class,20240509_Hs675Tfibroblasts_10x_caged_4_class,20240905_u87-adhered_10x_caged_4_class,20250108_neuron-adhered_10x_uncaged_4_class,20250305_neuron-adhered_10x_uncaged_4_class"
20240924_enteric-glia-adhered_10x_uncaged_4_class,test_ds,0.695,lora_r32_0.05_u87-2025-neuron-adhered,"20240516_DC-adhered_10x_caged_4_class,20240422_neuron-adhered_10x_uncaged_4_class,20240703_neuron-adhered_10x_caged_4_class,20260316_a549-tomm20-gfp-adhered_10x_caged_at_4x_4_class,231212_imr90_multichannel_overlay_4_class,20250227_preadipocytes-adhered_10x_caged_4_class,20240624_mc38_10x_uncaged_4_class,20240509_Hs675Tfibroblasts_10x_caged_4_class,20240905_u87-adhered_10x_caged_4_class,20250108_neuron-adhered_10x_uncaged_4_class,20250305_neuron-adhered_10x_uncaged_4_class"
20241212_preadipocytes-adhered_10x_uncaged_4_class,test_ds,0.352,lora_r32_0.05_u87-2025-neuron-adhered,"20240516_DC-adhered_10x_caged_4_class,20240422_neuron-adhered_10x_uncaged_4_class,20240703_neuron-adhered_10x_caged_4_class,20260316_a549-tomm20-gfp-adhered_10x_caged_at_4x_4_class,231212_imr90_multichannel_overlay_4_class,20250227_preadipocytes-adhered_10x_caged_4_class,20240624_mc38_10x_uncaged_4_class,20240509_Hs675Tfibroblasts_10x_caged_4_class,20240905_u87-adhered_10x_caged_4_class,20250108_neuron-adhered_10x_uncaged_4_class,20250305_neuron-adhered_10x_uncaged_4_class"
20250108_neuron-adhered_10x_uncaged_4_class,test_ds,0.446,lora_r32_0.05_u87-2025-neuron-adhered,"20240516_DC-adhered_10x_caged_4_class,20240422_neuron-adhered_10x_uncaged_4_class,20240703_neuron-adhered_10x_caged_4_class,20260316_a549-tomm20-gfp-adhered_10x_caged_at_4x_4_class,231212_imr90_multichannel_overlay_4_class,20250227_preadipocytes-adhered_10x_caged_4_class,20240624_mc38_10x_uncaged_4_class,20240509_Hs675Tfibroblasts_10x_caged_4_class,20240905_u87-adhered_10x_caged_4_class,20250108_neuron-adhered_10x_uncaged_4_class,20250305_neuron-adhered_10x_uncaged_4_class"
20250227_preadipocytes-adhered_10x_caged_4_class,test_ds,0.494,lora_r32_0.05_u87-2025-neuron-adhered,"20240516_DC-adhered_10x_caged_4_class,20240422_neuron-adhered_10x_uncaged_4_class,20240703_neuron-adhered_10x_caged_4_class,20260316_a549-tomm20-gfp-adhered_10x_caged_at_4x_4_class,231212_imr90_multichannel_overlay_4_class,20250227_preadipocytes-adhered_10x_caged_4_class,20240624_mc38_10x_uncaged_4_class,20240509_Hs675Tfibroblasts_10x_caged_4_class,20240905_u87-adhered_10x_caged_4_class,20250108_neuron-adhered_10x_uncaged_4_class,20250305_neuron-adhered_10x_uncaged_4_class"
20250305_neuron-adhered_10x_uncaged_4_class,test_ds,0.667,lora_r32_0.05_u87-2025-neuron-adhered,"20240516_DC-adhered_10x_caged_4_class,20240422_neuron-adhered_10x_uncaged_4_class,20240703_neuron-adhered_10x_caged_4_class,20260316_a549-tomm20-gfp-adhered_10x_caged_at_4x_4_class,231212_imr90_multichannel_overlay_4_class,20250227_preadipocytes-adhered_10x_caged_4_class,20240624_mc38_10x_uncaged_4_class,20240509_Hs675Tfibroblasts_10x_caged_4_class,20240905_u87-adhered_10x_caged_4_class,20250108_neuron-adhered_10x_uncaged_4_class,20250305_neuron-adhered_10x_uncaged_4_class"
20250820_c8d1a_astrocytes-adherent_10x_caged_4_class,test_ds,0.507,lora_r32_0.05_u87-2025-neuron-adhered,"20240516_DC-adhered_10x_caged_4_class,20240422_neuron-adhered_10x_uncaged_4_class,20240703_neuron-adhered_10x_caged_4_class,20260316_a549-tomm20-gfp-adhered_10x_caged_at_4x_4_class,231212_imr90_multichannel_overlay_4_class,20250227_preadipocytes-adhered_10x_caged_4_class,20240624_mc38_10x_uncaged_4_class,20240509_Hs675Tfibroblasts_10x_caged_4_class,20240905_u87-adhered_10x_caged_4_class,20250108_neuron-adhered_10x_uncaged_4_class,20250305_neuron-adhered_10x_uncaged_4_class"
20250917_moc22-adhered_10x_caged_4_class,test_ds,0.519,lora_r32_0.05_u87-2025-neuron-adhered,"20240516_DC-adhered_10x_caged_4_class,20240422_neuron-adhered_10x_uncaged_4_class,20240703_neuron-adhered_10x_caged_4_class,20260316_a549-tomm20-gfp-adhered_10x_caged_at_4x_4_class,231212_imr90_multichannel_overlay_4_class,20250227_preadipocytes-adhered_10x_caged_4_class,20240624_mc38_10x_uncaged_4_class,20240509_Hs675Tfibroblasts_10x_caged_4_class,20240905_u87-adhered_10x_caged_4_class,20250108_neuron-adhered_10x_uncaged_4_class,20250305_neuron-adhered_10x_uncaged_4_class"
20260316_a549-tomm20-gfp-adhered_10x_caged_at_4x_4_class,test_ds,0.72,lora_r32_0.05_u87-2025-neuron-adhered,"20240516_DC-adhered_10x_caged_4_class,20240422_neuron-adhered_10x_uncaged_4_class,20240703_neuron-adhered_10x_caged_4_class,20260316_a549-tomm20-gfp-adhered_10x_caged_at_4x_4_class,231212_imr90_multichannel_overlay_4_class,20250227_preadipocytes-adhered_10x_caged_4_class,20240624_mc38_10x_uncaged_4_class,20240509_Hs675Tfibroblasts_10x_caged_4_class,20240905_u87-adhered_10x_caged_4_class,20250108_neuron-adhered_10x_uncaged_4_class,20250305_neuron-adhered_10x_uncaged_4_class"
231212_imr90_multichannel_overlay_4_class,test_ds,0.763,lora_r32_0.05_u87-2025-neuron-adhered,"20240516_DC-adhered_10x_caged_4_class,20240422_neuron-adhered_10x_uncaged_4_class,20240703_neuron-adhered_10x_caged_4_class,20260316_a549-tomm20-gfp-adhered_10x_caged_at_4x_4_class,231212_imr90_multichannel_overlay_4_class,20250227_preadipocytes-adhered_10x_caged_4_class,20240624_mc38_10x_uncaged_4_class,20240509_Hs675Tfibroblasts_10x_caged_4_class,20240905_u87-adhered_10x_caged_4_class,20250108_neuron-adhered_10x_uncaged_4_class,20250305_neuron-adhered_10x_uncaged_4_class"
240213_imr90_multichannel_overlay_4_class,test_ds,0.562,lora_r32_0.05_u87-2025-neuron-adhered,"20240516_DC-adhered_10x_caged_4_class,20240422_neuron-adhered_10x_uncaged_4_class,20240703_neuron-adhered_10x_caged_4_class,20260316_a549-tomm20-gfp-adhered_10x_caged_at_4x_4_class,231212_imr90_multichannel_overlay_4_class,20250227_preadipocytes-adhered_10x_caged_4_class,20240624_mc38_10x_uncaged_4_class,20240509_Hs675Tfibroblasts_10x_caged_4_class,20240905_u87-adhered_10x_caged_4_class,20250108_neuron-adhered_10x_uncaged_4_class,20250305_neuron-adhered_10x_uncaged_4_class"
20240516_DC-adhered_10x_caged_4_class,train_ds,0.683,lora_r32_0.05_2025-neuron-adhered,"20240516_DC-adhered_10x_caged_4_class,20240422_neuron-adhered_10x_uncaged_4_class,20240703_neuron-adhered_10x_caged_4_class,20260316_a549-tomm20-gfp-adhered_10x_caged_at_4x_4_class,231212_imr90_multichannel_overlay_4_class,20250227_preadipocytes-adhered_10x_caged_4_class,20240624_mc38_10x_uncaged_4_class,20240509_Hs675Tfibroblasts_10x_caged_4_class,20250108_neuron-adhered_10x_uncaged_4_class,20250305_neuron-adhered_10x_uncaged_4_class"
20240422_neuron-adhered_10x_uncaged_4_class,train_ds,0.552,lora_r32_0.05_2025-neuron-adhered,"20240516_DC-adhered_10x_caged_4_class,20240422_neuron-adhered_10x_uncaged_4_class,20240703_neuron-adhered_10x_caged_4_class,20260316_a549-tomm20-gfp-adhered_10x_caged_at_4x_4_class,231212_imr90_multichannel_overlay_4_class,20250227_preadipocytes-adhered_10x_caged_4_class,20240624_mc38_10x_uncaged_4_class,20240509_Hs675Tfibroblasts_10x_caged_4_class,20250108_neuron-adhered_10x_uncaged_4_class,20250305_neuron-adhered_10x_uncaged_4_class"
20240703_neuron-adhered_10x_caged_4_class,train_ds,0.525,lora_r32_0.05_2025-neuron-adhered,"20240516_DC-adhered_10x_caged_4_class,20240422_neuron-adhered_10x_uncaged_4_class,20240703_neuron-adhered_10x_caged_4_class,20260316_a549-tomm20-gfp-adhered_10x_caged_at_4x_4_class,231212_imr90_multichannel_overlay_4_class,20250227_preadipocytes-adhered_10x_caged_4_class,20240624_mc38_10x_uncaged_4_class,20240509_Hs675Tfibroblasts_10x_caged_4_class,20250108_neuron-adhered_10x_uncaged_4_class,20250305_neuron-adhered_10x_uncaged_4_class"
20260316_a549-tomm20-gfp-adhered_10x_caged_at_4x_4_class,train_ds,0.72,lora_r32_0.05_2025-neuron-adhered,"20240516_DC-adhered_10x_caged_4_class,20240422_neuron-adhered_10x_uncaged_4_class,20240703_neuron-adhered_10x_caged_4_class,20260316_a549-tomm20-gfp-adhered_10x_caged_at_4x_4_class,231212_imr90_multichannel_overlay_4_class,20250227_preadipocytes-adhered_10x_caged_4_class,20240624_mc38_10x_uncaged_4_class,20240509_Hs675Tfibroblasts_10x_caged_4_class,20250108_neuron-adhered_10x_uncaged_4_class,20250305_neuron-adhered_10x_uncaged_4_class"
231212_imr90_multichannel_overlay_4_class,train_ds,0.769,lora_r32_0.05_2025-neuron-adhered,"20240516_DC-adhered_10x_caged_4_class,20240422_neuron-adhered_10x_uncaged_4_class,20240703_neuron-adhered_10x_caged_4_class,20260316_a549-tomm20-gfp-adhered_10x_caged_at_4x_4_class,231212_imr90_multichannel_overlay_4_class,20250227_preadipocytes-adhered_10x_caged_4_class,20240624_mc38_10x_uncaged_4_class,20240509_Hs675Tfibroblasts_10x_caged_4_class,20250108_neuron-adhered_10x_uncaged_4_class,20250305_neuron-adhered_10x_uncaged_4_class"
20250227_preadipocytes-adhered_10x_caged_4_class,train_ds,0.495,lora_r32_0.05_2025-neuron-adhered,"20240516_DC-adhered_10x_caged_4_class,20240422_neuron-adhered_10x_uncaged_4_class,20240703_neuron-adhered_10x_caged_4_class,20260316_a549-tomm20-gfp-adhered_10x_caged_at_4x_4_class,231212_imr90_multichannel_overlay_4_class,20250227_preadipocytes-adhered_10x_caged_4_class,20240624_mc38_10x_uncaged_4_class,20240509_Hs675Tfibroblasts_10x_caged_4_class,20250108_neuron-adhered_10x_uncaged_4_class,20250305_neuron-adhered_10x_uncaged_4_class"
20240624_mc38_10x_uncaged_4_class,train_ds,0.71,lora_r32_0.05_2025-neuron-adhered,"20240516_DC-adhered_10x_caged_4_class,20240422_neuron-adhered_10x_uncaged_4_class,20240703_neuron-adhered_10x_caged_4_class,20260316_a549-tomm20-gfp-adhered_10x_caged_at_4x_4_class,231212_imr90_multichannel_overlay_4_class,20250227_preadipocytes-adhered_10x_caged_4_class,20240624_mc38_10x_uncaged_4_class,20240509_Hs675Tfibroblasts_10x_caged_4_class,20250108_neuron-adhered_10x_uncaged_4_class,20250305_neuron-adhered_10x_uncaged_4_class"
20240509_Hs675Tfibroblasts_10x_caged_4_class,train_ds,0.682,lora_r32_0.05_2025-neuron-adhered,"20240516_DC-adhered_10x_caged_4_class,20240422_neuron-adhered_10x_uncaged_4_class,20240703_neuron-adhered_10x_caged_4_class,20260316_a549-tomm20-gfp-adhered_10x_caged_at_4x_4_class,231212_imr90_multichannel_overlay_4_class,20250227_preadipocytes-adhered_10x_caged_4_class,20240624_mc38_10x_uncaged_4_class,20240509_Hs675Tfibroblasts_10x_caged_4_class,20250108_neuron-adhered_10x_uncaged_4_class,20250305_neuron-adhered_10x_uncaged_4_class"
20250108_neuron-adhered_10x_uncaged_4_class,train_ds,0.448,lora_r32_0.05_2025-neuron-adhered,"20240516_DC-adhered_10x_caged_4_class,20240422_neuron-adhered_10x_uncaged_4_class,20240703_neuron-adhered_10x_caged_4_class,20260316_a549-tomm20-gfp-adhered_10x_caged_at_4x_4_class,231212_imr90_multichannel_overlay_4_class,20250227_preadipocytes-adhered_10x_caged_4_class,20240624_mc38_10x_uncaged_4_class,20240509_Hs675Tfibroblasts_10x_caged_4_class,20250108_neuron-adhered_10x_uncaged_4_class,20250305_neuron-adhered_10x_uncaged_4_class"
20250305_neuron-adhered_10x_uncaged_4_class,train_ds,0.666,lora_r32_0.05_2025-neuron-adhered,"20240516_DC-adhered_10x_caged_4_class,20240422_neuron-adhered_10x_uncaged_4_class,20240703_neuron-adhered_10x_caged_4_class,20260316_a549-tomm20-gfp-adhered_10x_caged_at_4x_4_class,231212_imr90_multichannel_overlay_4_class,20250227_preadipocytes-adhered_10x_caged_4_class,20240624_mc38_10x_uncaged_4_class,20240509_Hs675Tfibroblasts_10x_caged_4_class,20250108_neuron-adhered_10x_uncaged_4_class,20250305_neuron-adhered_10x_uncaged_4_class"
20240422_neuron-adhered_10x_uncaged_4_class,test_ds,0.552,lora_r32_0.05_2025-neuron-adhered,"20240516_DC-adhered_10x_caged_4_class,20240422_neuron-adhered_10x_uncaged_4_class,20240703_neuron-adhered_10x_caged_4_class,20260316_a549-tomm20-gfp-adhered_10x_caged_at_4x_4_class,231212_imr90_multichannel_overlay_4_class,20250227_preadipocytes-adhered_10x_caged_4_class,20240624_mc38_10x_uncaged_4_class,20240509_Hs675Tfibroblasts_10x_caged_4_class,20250108_neuron-adhered_10x_uncaged_4_class,20250305_neuron-adhered_10x_uncaged_4_class"
20240509_Hs675Tfibroblasts_10x_caged_4_class,test_ds,0.682,lora_r32_0.05_2025-neuron-adhered,"20240516_DC-adhered_10x_caged_4_class,20240422_neuron-adhered_10x_uncaged_4_class,20240703_neuron-adhered_10x_caged_4_class,20260316_a549-tomm20-gfp-adhered_10x_caged_at_4x_4_class,231212_imr90_multichannel_overlay_4_class,20250227_preadipocytes-adhered_10x_caged_4_class,20240624_mc38_10x_uncaged_4_class,20240509_Hs675Tfibroblasts_10x_caged_4_class,20250108_neuron-adhered_10x_uncaged_4_class,20250305_neuron-adhered_10x_uncaged_4_class"
20240509_hela-adhered_10x_caged_4_class,test_ds,0.548,lora_r32_0.05_2025-neuron-adhered,"20240516_DC-adhered_10x_caged_4_class,20240422_neuron-adhered_10x_uncaged_4_class,20240703_neuron-adhered_10x_caged_4_class,20260316_a549-tomm20-gfp-adhered_10x_caged_at_4x_4_class,231212_imr90_multichannel_overlay_4_class,20250227_preadipocytes-adhered_10x_caged_4_class,20240624_mc38_10x_uncaged_4_class,20240509_Hs675Tfibroblasts_10x_caged_4_class,20250108_neuron-adhered_10x_uncaged_4_class,20250305_neuron-adhered_10x_uncaged_4_class"
20240515_DC-adhered_10x_caged_4_class,test_ds,0.677,lora_r32_0.05_2025-neuron-adhered,"20240516_DC-adhered_10x_caged_4_class,20240422_neuron-adhered_10x_uncaged_4_class,20240703_neuron-adhered_10x_caged_4_class,20260316_a549-tomm20-gfp-adhered_10x_caged_at_4x_4_class,231212_imr90_multichannel_overlay_4_class,20250227_preadipocytes-adhered_10x_caged_4_class,20240624_mc38_10x_uncaged_4_class,20240509_Hs675Tfibroblasts_10x_caged_4_class,20250108_neuron-adhered_10x_uncaged_4_class,20250305_neuron-adhered_10x_uncaged_4_class"
20240516_DC-adhered_10x_caged_4_class,test_ds,0.683,lora_r32_0.05_2025-neuron-adhered,"20240516_DC-adhered_10x_caged_4_class,20240422_neuron-adhered_10x_uncaged_4_class,20240703_neuron-adhered_10x_caged_4_class,20260316_a549-tomm20-gfp-adhered_10x_caged_at_4x_4_class,231212_imr90_multichannel_overlay_4_class,20250227_preadipocytes-adhered_10x_caged_4_class,20240624_mc38_10x_uncaged_4_class,20240509_Hs675Tfibroblasts_10x_caged_4_class,20250108_neuron-adhered_10x_uncaged_4_class,20250305_neuron-adhered_10x_uncaged_4_class"
20240624_mc38_10x_caged_4_class,test_ds,0.583,lora_r32_0.05_2025-neuron-adhered,"20240516_DC-adhered_10x_caged_4_class,20240422_neuron-adhered_10x_uncaged_4_class,20240703_neuron-adhered_10x_caged_4_class,20260316_a549-tomm20-gfp-adhered_10x_caged_at_4x_4_class,231212_imr90_multichannel_overlay_4_class,20250227_preadipocytes-adhered_10x_caged_4_class,20240624_mc38_10x_uncaged_4_class,20240509_Hs675Tfibroblasts_10x_caged_4_class,20250108_neuron-adhered_10x_uncaged_4_class,20250305_neuron-adhered_10x_uncaged_4_class"
20240624_mc38_10x_uncaged_4_class,test_ds,0.71,lora_r32_0.05_2025-neuron-adhered,"20240516_DC-adhered_10x_caged_4_class,20240422_neuron-adhered_10x_uncaged_4_class,20240703_neuron-adhered_10x_caged_4_class,20260316_a549-tomm20-gfp-adhered_10x_caged_at_4x_4_class,231212_imr90_multichannel_overlay_4_class,20250227_preadipocytes-adhered_10x_caged_4_class,20240624_mc38_10x_uncaged_4_class,20240509_Hs675Tfibroblasts_10x_caged_4_class,20250108_neuron-adhered_10x_uncaged_4_class,20250305_neuron-adhered_10x_uncaged_4_class"
20240625_mc38_10x_caged_4_class,test_ds,0.561,lora_r32_0.05_2025-neuron-adhered,"20240516_DC-adhered_10x_caged_4_class,20240422_neuron-adhered_10x_uncaged_4_class,20240703_neuron-adhered_10x_caged_4_class,20260316_a549-tomm20-gfp-adhered_10x_caged_at_4x_4_class,231212_imr90_multichannel_overlay_4_class,20250227_preadipocytes-adhered_10x_caged_4_class,20240624_mc38_10x_uncaged_4_class,20240509_Hs675Tfibroblasts_10x_caged_4_class,20250108_neuron-adhered_10x_uncaged_4_class,20250305_neuron-adhered_10x_uncaged_4_class"
20240703_neuron-adhered_10x_caged_4_class,test_ds,0.525,lora_r32_0.05_2025-neuron-adhered,"20240516_DC-adhered_10x_caged_4_class,20240422_neuron-adhered_10x_uncaged_4_class,20240703_neuron-adhered_10x_caged_4_class,20260316_a549-tomm20-gfp-adhered_10x_caged_at_4x_4_class,231212_imr90_multichannel_overlay_4_class,20250227_preadipocytes-adhered_10x_caged_4_class,20240624_mc38_10x_uncaged_4_class,20240509_Hs675Tfibroblasts_10x_caged_4_class,20250108_neuron-adhered_10x_uncaged_4_class,20250305_neuron-adhered_10x_uncaged_4_class"
20240704_neuron-adhered_10x_caged_4_class,test_ds,0.552,lora_r32_0.05_2025-neuron-adhered,"20240516_DC-adhered_10x_caged_4_class,20240422_neuron-adhered_10x_uncaged_4_class,20240703_neuron-adhered_10x_caged_4_class,20260316_a549-tomm20-gfp-adhered_10x_caged_at_4x_4_class,231212_imr90_multichannel_overlay_4_class,20250227_preadipocytes-adhered_10x_caged_4_class,20240624_mc38_10x_uncaged_4_class,20240509_Hs675Tfibroblasts_10x_caged_4_class,20250108_neuron-adhered_10x_uncaged_4_class,20250305_neuron-adhered_10x_uncaged_4_class"
20240905_u87-adhered_10x_caged_4_class,test_ds,0.533,lora_r32_0.05_2025-neuron-adhered,"20240516_DC-adhered_10x_caged_4_class,20240422_neuron-adhered_10x_uncaged_4_class,20240703_neuron-adhered_10x_caged_4_class,20260316_a549-tomm20-gfp-adhered_10x_caged_at_4x_4_class,231212_imr90_multichannel_overlay_4_class,20250227_preadipocytes-adhered_10x_caged_4_class,20240624_mc38_10x_uncaged_4_class,20240509_Hs675Tfibroblasts_10x_caged_4_class,20250108_neuron-adhered_10x_uncaged_4_class,20250305_neuron-adhered_10x_uncaged_4_class"
20240924_enteric-glia-adhered_10x_uncaged_4_class,test_ds,0.666,lora_r32_0.05_2025-neuron-adhered,"20240516_DC-adhered_10x_caged_4_class,20240422_neuron-adhered_10x_uncaged_4_class,20240703_neuron-adhered_10x_caged_4_class,20260316_a549-tomm20-gfp-adhered_10x_caged_at_4x_4_class,231212_imr90_multichannel_overlay_4_class,20250227_preadipocytes-adhered_10x_caged_4_class,20240624_mc38_10x_uncaged_4_class,20240509_Hs675Tfibroblasts_10x_caged_4_class,20250108_neuron-adhered_10x_uncaged_4_class,20250305_neuron-adhered_10x_uncaged_4_class"
20241212_preadipocytes-adhered_10x_uncaged_4_class,test_ds,0.351,lora_r32_0.05_2025-neuron-adhered,"20240516_DC-adhered_10x_caged_4_class,20240422_neuron-adhered_10x_uncaged_4_class,20240703_neuron-adhered_10x_caged_4_class,20260316_a549-tomm20-gfp-adhered_10x_caged_at_4x_4_class,231212_imr90_multichannel_overlay_4_class,20250227_preadipocytes-adhered_10x_caged_4_class,20240624_mc38_10x_uncaged_4_class,20240509_Hs675Tfibroblasts_10x_caged_4_class,20250108_neuron-adhered_10x_uncaged_4_class,20250305_neuron-adhered_10x_uncaged_4_class"
20250108_neuron-adhered_10x_uncaged_4_class,test_ds,0.448,lora_r32_0.05_2025-neuron-adhered,"20240516_DC-adhered_10x_caged_4_class,20240422_neuron-adhered_10x_uncaged_4_class,20240703_neuron-adhered_10x_caged_4_class,20260316_a549-tomm20-gfp-adhered_10x_caged_at_4x_4_class,231212_imr90_multichannel_overlay_4_class,20250227_preadipocytes-adhered_10x_caged_4_class,20240624_mc38_10x_uncaged_4_class,20240509_Hs675Tfibroblasts_10x_caged_4_class,20250108_neuron-adhered_10x_uncaged_4_class,20250305_neuron-adhered_10x_uncaged_4_class"
20250227_preadipocytes-adhered_10x_caged_4_class,test_ds,0.495,lora_r32_0.05_2025-neuron-adhered,"20240516_DC-adhered_10x_caged_4_class,20240422_neuron-adhered_10x_uncaged_4_class,20240703_neuron-adhered_10x_caged_4_class,20260316_a549-tomm20-gfp-adhered_10x_caged_at_4x_4_class,231212_imr90_multichannel_overlay_4_class,20250227_preadipocytes-adhered_10x_caged_4_class,20240624_mc38_10x_uncaged_4_class,20240509_Hs675Tfibroblasts_10x_caged_4_class,20250108_neuron-adhered_10x_uncaged_4_class,20250305_neuron-adhered_10x_uncaged_4_class"
20250305_neuron-adhered_10x_uncaged_4_class,test_ds,0.666,lora_r32_0.05_2025-neuron-adhered,"20240516_DC-adhered_10x_caged_4_class,20240422_neuron-adhered_10x_uncaged_4_class,20240703_neuron-adhered_10x_caged_4_class,20260316_a549-tomm20-gfp-adhered_10x_caged_at_4x_4_class,231212_imr90_multichannel_overlay_4_class,20250227_preadipocytes-adhered_10x_caged_4_class,20240624_mc38_10x_uncaged_4_class,20240509_Hs675Tfibroblasts_10x_caged_4_class,20250108_neuron-adhered_10x_uncaged_4_class,20250305_neuron-adhered_10x_uncaged_4_class"
20250820_c8d1a_astrocytes-adherent_10x_caged_4_class,test_ds,0.513,lora_r32_0.05_2025-neuron-adhered,"20240516_DC-adhered_10x_caged_4_class,20240422_neuron-adhered_10x_uncaged_4_class,20240703_neuron-adhered_10x_caged_4_class,20260316_a549-tomm20-gfp-adhered_10x_caged_at_4x_4_class,231212_imr90_multichannel_overlay_4_class,20250227_preadipocytes-adhered_10x_caged_4_class,20240624_mc38_10x_uncaged_4_class,20240509_Hs675Tfibroblasts_10x_caged_4_class,20250108_neuron-adhered_10x_uncaged_4_class,20250305_neuron-adhered_10x_uncaged_4_class"
20250917_moc22-adhered_10x_caged_4_class,test_ds,0.51,lora_r32_0.05_2025-neuron-adhered,"20240516_DC-adhered_10x_caged_4_class,20240422_neuron-adhered_10x_uncaged_4_class,20240703_neuron-adhered_10x_caged_4_class,20260316_a549-tomm20-gfp-adhered_10x_caged_at_4x_4_class,231212_imr90_multichannel_overlay_4_class,20250227_preadipocytes-adhered_10x_caged_4_class,20240624_mc38_10x_uncaged_4_class,20240509_Hs675Tfibroblasts_10x_caged_4_class,20250108_neuron-adhered_10x_uncaged_4_class,20250305_neuron-adhered_10x_uncaged_4_class"
20260316_a549-tomm20-gfp-adhered_10x_caged_at_4x_4_class,test_ds,0.72,lora_r32_0.05_2025-neuron-adhered,"20240516_DC-adhered_10x_caged_4_class,20240422_neuron-adhered_10x_uncaged_4_class,20240703_neuron-adhered_10x_caged_4_class,20260316_a549-tomm20-gfp-adhered_10x_caged_at_4x_4_class,231212_imr90_multichannel_overlay_4_class,20250227_preadipocytes-adhered_10x_caged_4_class,20240624_mc38_10x_uncaged_4_class,20240509_Hs675Tfibroblasts_10x_caged_4_class,20250108_neuron-adhered_10x_uncaged_4_class,20250305_neuron-adhered_10x_uncaged_4_class"
231212_imr90_multichannel_overlay_4_class,test_ds,0.769,lora_r32_0.05_2025-neuron-adhered,"20240516_DC-adhered_10x_caged_4_class,20240422_neuron-adhered_10x_uncaged_4_class,20240703_neuron-adhered_10x_caged_4_class,20260316_a549-tomm20-gfp-adhered_10x_caged_at_4x_4_class,231212_imr90_multichannel_overlay_4_class,20250227_preadipocytes-adhered_10x_caged_4_class,20240624_mc38_10x_uncaged_4_class,20240509_Hs675Tfibroblasts_10x_caged_4_class,20250108_neuron-adhered_10x_uncaged_4_class,20250305_neuron-adhered_10x_uncaged_4_class"
240213_imr90_multichannel_overlay_4_class,test_ds,0.547,lora_r32_0.05_2025-neuron-adhered,"20240516_DC-adhered_10x_caged_4_class,20240422_neuron-adhered_10x_uncaged_4_class,20240703_neuron-adhered_10x_caged_4_class,20260316_a549-tomm20-gfp-adhered_10x_caged_at_4x_4_class,231212_imr90_multichannel_overlay_4_class,20250227_preadipocytes-adhered_10x_caged_4_class,20240624_mc38_10x_uncaged_4_class,20240509_Hs675Tfibroblasts_10x_caged_4_class,20250108_neuron-adhered_10x_uncaged_4_class,20250305_neuron-adhered_10x_uncaged_4_class"
20240516_DC-adhered_10x_caged_4_class,train_ds,0.708,lora_r32_0.05_20250108_neuron-adhered,"20240516_DC-adhered_10x_caged_4_class,20240422_neuron-adhered_10x_uncaged_4_class,20240703_neuron-adhered_10x_caged_4_class,20260316_a549-tomm20-gfp-adhered_10x_caged_at_4x_4_class,231212_imr90_multichannel_overlay_4_class,20250227_preadipocytes-adhered_10x_caged_4_class,20240624_mc38_10x_uncaged_4_class,20240509_Hs675Tfibroblasts_10x_caged_4_class,20250108_neuron-adhered_10x_uncaged_4_class"
20240422_neuron-adhered_10x_uncaged_4_class,train_ds,0.553,lora_r32_0.05_20250108_neuron-adhered,"20240516_DC-adhered_10x_caged_4_class,20240422_neuron-adhered_10x_uncaged_4_class,20240703_neuron-adhered_10x_caged_4_class,20260316_a549-tomm20-gfp-adhered_10x_caged_at_4x_4_class,231212_imr90_multichannel_overlay_4_class,20250227_preadipocytes-adhered_10x_caged_4_class,20240624_mc38_10x_uncaged_4_class,20240509_Hs675Tfibroblasts_10x_caged_4_class,20250108_neuron-adhered_10x_uncaged_4_class"
20240703_neuron-adhered_10x_caged_4_class,train_ds,0.625,lora_r32_0.05_20250108_neuron-adhered,"20240516_DC-adhered_10x_caged_4_class,20240422_neuron-adhered_10x_uncaged_4_class,20240703_neuron-adhered_10x_caged_4_class,20260316_a549-tomm20-gfp-adhered_10x_caged_at_4x_4_class,231212_imr90_multichannel_overlay_4_class,20250227_preadipocytes-adhered_10x_caged_4_class,20240624_mc38_10x_uncaged_4_class,20240509_Hs675Tfibroblasts_10x_caged_4_class,20250108_neuron-adhered_10x_uncaged_4_class"
20260316_a549-tomm20-gfp-adhered_10x_caged_at_4x_4_class,train_ds,0.725,lora_r32_0.05_20250108_neuron-adhered,"20240516_DC-adhered_10x_caged_4_class,20240422_neuron-adhered_10x_uncaged_4_class,20240703_neuron-adhered_10x_caged_4_class,20260316_a549-tomm20-gfp-adhered_10x_caged_at_4x_4_class,231212_imr90_multichannel_overlay_4_class,20250227_preadipocytes-adhered_10x_caged_4_class,20240624_mc38_10x_uncaged_4_class,20240509_Hs675Tfibroblasts_10x_caged_4_class,20250108_neuron-adhered_10x_uncaged_4_class"
231212_imr90_multichannel_overlay_4_class,train_ds,0.776,lora_r32_0.05_20250108_neuron-adhered,"20240516_DC-adhered_10x_caged_4_class,20240422_neuron-adhered_10x_uncaged_4_class,20240703_neuron-adhered_10x_caged_4_class,20260316_a549-tomm20-gfp-adhered_10x_caged_at_4x_4_class,231212_imr90_multichannel_overlay_4_class,20250227_preadipocytes-adhered_10x_caged_4_class,20240624_mc38_10x_uncaged_4_class,20240509_Hs675Tfibroblasts_10x_caged_4_class,20250108_neuron-adhered_10x_uncaged_4_class"
20250227_preadipocytes-adhered_10x_caged_4_class,train_ds,0.502,lora_r32_0.05_20250108_neuron-adhered,"20240516_DC-adhered_10x_caged_4_class,20240422_neuron-adhered_10x_uncaged_4_class,20240703_neuron-adhered_10x_caged_4_class,20260316_a549-tomm20-gfp-adhered_10x_caged_at_4x_4_class,231212_imr90_multichannel_overlay_4_class,20250227_preadipocytes-adhered_10x_caged_4_class,20240624_mc38_10x_uncaged_4_class,20240509_Hs675Tfibroblasts_10x_caged_4_class,20250108_neuron-adhered_10x_uncaged_4_class"
20240624_mc38_10x_uncaged_4_class,train_ds,0.717,lora_r32_0.05_20250108_neuron-adhered,"20240516_DC-adhered_10x_caged_4_class,20240422_neuron-adhered_10x_uncaged_4_class,20240703_neuron-adhered_10x_caged_4_class,20260316_a549-tomm20-gfp-adhered_10x_caged_at_4x_4_class,231212_imr90_multichannel_overlay_4_class,20250227_preadipocytes-adhered_10x_caged_4_class,20240624_mc38_10x_uncaged_4_class,20240509_Hs675Tfibroblasts_10x_caged_4_class,20250108_neuron-adhered_10x_uncaged_4_class"
20240509_Hs675Tfibroblasts_10x_caged_4_class,train_ds,0.697,lora_r32_0.05_20250108_neuron-adhered,"20240516_DC-adhered_10x_caged_4_class,20240422_neuron-adhered_10x_uncaged_4_class,20240703_neuron-adhered_10x_caged_4_class,20260316_a549-tomm20-gfp-adhered_10x_caged_at_4x_4_class,231212_imr90_multichannel_overlay_4_class,20250227_preadipocytes-adhered_10x_caged_4_class,20240624_mc38_10x_uncaged_4_class,20240509_Hs675Tfibroblasts_10x_caged_4_class,20250108_neuron-adhered_10x_uncaged_4_class"
20250108_neuron-adhered_10x_uncaged_4_class,train_ds,0.473,lora_r32_0.05_20250108_neuron-adhered,"20240516_DC-adhered_10x_caged_4_class,20240422_neuron-adhered_10x_uncaged_4_class,20240703_neuron-adhered_10x_caged_4_class,20260316_a549-tomm20-gfp-adhered_10x_caged_at_4x_4_class,231212_imr90_multichannel_overlay_4_class,20250227_preadipocytes-adhered_10x_caged_4_class,20240624_mc38_10x_uncaged_4_class,20240509_Hs675Tfibroblasts_10x_caged_4_class,20250108_neuron-adhered_10x_uncaged_4_class"
20240422_neuron-adhered_10x_uncaged_4_class,test_ds,0.553,lora_r32_0.05_20250108_neuron-adhered,"20240516_DC-adhered_10x_caged_4_class,20240422_neuron-adhered_10x_uncaged_4_class,20240703_neuron-adhered_10x_caged_4_class,20260316_a549-tomm20-gfp-adhered_10x_caged_at_4x_4_class,231212_imr90_multichannel_overlay_4_class,20250227_preadipocytes-adhered_10x_caged_4_class,20240624_mc38_10x_uncaged_4_class,20240509_Hs675Tfibroblasts_10x_caged_4_class,20250108_neuron-adhered_10x_uncaged_4_class"
20240509_Hs675Tfibroblasts_10x_caged_4_class,test_ds,0.697,lora_r32_0.05_20250108_neuron-adhered,"20240516_DC-adhered_10x_caged_4_class,20240422_neuron-adhered_10x_uncaged_4_class,20240703_neuron-adhered_10x_caged_4_class,20260316_a549-tomm20-gfp-adhered_10x_caged_at_4x_4_class,231212_imr90_multichannel_overlay_4_class,20250227_preadipocytes-adhered_10x_caged_4_class,20240624_mc38_10x_uncaged_4_class,20240509_Hs675Tfibroblasts_10x_caged_4_class,20250108_neuron-adhered_10x_uncaged_4_class"
20240509_hela-adhered_10x_caged_4_class,test_ds,0.552,lora_r32_0.05_20250108_neuron-adhered,"20240516_DC-adhered_10x_caged_4_class,20240422_neuron-adhered_10x_uncaged_4_class,20240703_neuron-adhered_10x_caged_4_class,20260316_a549-tomm20-gfp-adhered_10x_caged_at_4x_4_class,231212_imr90_multichannel_overlay_4_class,20250227_preadipocytes-adhered_10x_caged_4_class,20240624_mc38_10x_uncaged_4_class,20240509_Hs675Tfibroblasts_10x_caged_4_class,20250108_neuron-adhered_10x_uncaged_4_class"
20240515_DC-adhered_10x_caged_4_class,test_ds,0.688,lora_r32_0.05_20250108_neuron-adhered,"20240516_DC-adhered_10x_caged_4_class,20240422_neuron-adhered_10x_uncaged_4_class,20240703_neuron-adhered_10x_caged_4_class,20260316_a549-tomm20-gfp-adhered_10x_caged_at_4x_4_class,231212_imr90_multichannel_overlay_4_class,20250227_preadipocytes-adhered_10x_caged_4_class,20240624_mc38_10x_uncaged_4_class,20240509_Hs675Tfibroblasts_10x_caged_4_class,20250108_neuron-adhered_10x_uncaged_4_class"
20240516_DC-adhered_10x_caged_4_class,test_ds,0.708,lora_r32_0.05_20250108_neuron-adhered,"20240516_DC-adhered_10x_caged_4_class,20240422_neuron-adhered_10x_uncaged_4_class,20240703_neuron-adhered_10x_caged_4_class,20260316_a549-tomm20-gfp-adhered_10x_caged_at_4x_4_class,231212_imr90_multichannel_overlay_4_class,20250227_preadipocytes-adhered_10x_caged_4_class,20240624_mc38_10x_uncaged_4_class,20240509_Hs675Tfibroblasts_10x_caged_4_class,20250108_neuron-adhered_10x_uncaged_4_class"
20240624_mc38_10x_caged_4_class,test_ds,0.571,lora_r32_0.05_20250108_neuron-adhered,"20240516_DC-adhered_10x_caged_4_class,20240422_neuron-adhered_10x_uncaged_4_class,20240703_neuron-adhered_10x_caged_4_class,20260316_a549-tomm20-gfp-adhered_10x_caged_at_4x_4_class,231212_imr90_multichannel_overlay_4_class,20250227_preadipocytes-adhered_10x_caged_4_class,20240624_mc38_10x_uncaged_4_class,20240509_Hs675Tfibroblasts_10x_caged_4_class,20250108_neuron-adhered_10x_uncaged_4_class"
20240624_mc38_10x_uncaged_4_class,test_ds,0.717,lora_r32_0.05_20250108_neuron-adhered,"20240516_DC-adhered_10x_caged_4_class,20240422_neuron-adhered_10x_uncaged_4_class,20240703_neuron-adhered_10x_caged_4_class,20260316_a549-tomm20-gfp-adhered_10x_caged_at_4x_4_class,231212_imr90_multichannel_overlay_4_class,20250227_preadipocytes-adhered_10x_caged_4_class,20240624_mc38_10x_uncaged_4_class,20240509_Hs675Tfibroblasts_10x_caged_4_class,20250108_neuron-adhered_10x_uncaged_4_class"
20240625_mc38_10x_caged_4_class,test_ds,0.576,lora_r32_0.05_20250108_neuron-adhered,"20240516_DC-adhered_10x_caged_4_class,20240422_neuron-adhered_10x_uncaged_4_class,20240703_neuron-adhered_10x_caged_4_class,20260316_a549-tomm20-gfp-adhered_10x_caged_at_4x_4_class,231212_imr90_multichannel_overlay_4_class,20250227_preadipocytes-adhered_10x_caged_4_class,20240624_mc38_10x_uncaged_4_class,20240509_Hs675Tfibroblasts_10x_caged_4_class,20250108_neuron-adhered_10x_uncaged_4_class"
20240703_neuron-adhered_10x_caged_4_class,test_ds,0.625,lora_r32_0.05_20250108_neuron-adhered,"20240516_DC-adhered_10x_caged_4_class,20240422_neuron-adhered_10x_uncaged_4_class,20240703_neuron-adhered_10x_caged_4_class,20260316_a549-tomm20-gfp-adhered_10x_caged_at_4x_4_class,231212_imr90_multichannel_overlay_4_class,20250227_preadipocytes-adhered_10x_caged_4_class,20240624_mc38_10x_uncaged_4_class,20240509_Hs675Tfibroblasts_10x_caged_4_class,20250108_neuron-adhered_10x_uncaged_4_class"
20240704_neuron-adhered_10x_caged_4_class,test_ds,0.606,lora_r32_0.05_20250108_neuron-adhered,"20240516_DC-adhered_10x_caged_4_class,20240422_neuron-adhered_10x_uncaged_4_class,20240703_neuron-adhered_10x_caged_4_class,20260316_a549-tomm20-gfp-adhered_10x_caged_at_4x_4_class,231212_imr90_multichannel_overlay_4_class,20250227_preadipocytes-adhered_10x_caged_4_class,20240624_mc38_10x_uncaged_4_class,20240509_Hs675Tfibroblasts_10x_caged_4_class,20250108_neuron-adhered_10x_uncaged_4_class"
20240905_u87-adhered_10x_caged_4_class,test_ds,0.519,lora_r32_0.05_20250108_neuron-adhered,"20240516_DC-adhered_10x_caged_4_class,20240422_neuron-adhered_10x_uncaged_4_class,20240703_neuron-adhered_10x_caged_4_class,20260316_a549-tomm20-gfp-adhered_10x_caged_at_4x_4_class,231212_imr90_multichannel_overlay_4_class,20250227_preadipocytes-adhered_10x_caged_4_class,20240624_mc38_10x_uncaged_4_class,20240509_Hs675Tfibroblasts_10x_caged_4_class,20250108_neuron-adhered_10x_uncaged_4_class"
20240924_enteric-glia-adhered_10x_uncaged_4_class,test_ds,0.659,lora_r32_0.05_20250108_neuron-adhered,"20240516_DC-adhered_10x_caged_4_class,20240422_neuron-adhered_10x_uncaged_4_class,20240703_neuron-adhered_10x_caged_4_class,20260316_a549-tomm20-gfp-adhered_10x_caged_at_4x_4_class,231212_imr90_multichannel_overlay_4_class,20250227_preadipocytes-adhered_10x_caged_4_class,20240624_mc38_10x_uncaged_4_class,20240509_Hs675Tfibroblasts_10x_caged_4_class,20250108_neuron-adhered_10x_uncaged_4_class"
20241212_preadipocytes-adhered_10x_uncaged_4_class,test_ds,0.358,lora_r32_0.05_20250108_neuron-adhered,"20240516_DC-adhered_10x_caged_4_class,20240422_neuron-adhered_10x_uncaged_4_class,20240703_neuron-adhered_10x_caged_4_class,20260316_a549-tomm20-gfp-adhered_10x_caged_at_4x_4_class,231212_imr90_multichannel_overlay_4_class,20250227_preadipocytes-adhered_10x_caged_4_class,20240624_mc38_10x_uncaged_4_class,20240509_Hs675Tfibroblasts_10x_caged_4_class,20250108_neuron-adhered_10x_uncaged_4_class"
20250108_neuron-adhered_10x_uncaged_4_class,test_ds,0.473,lora_r32_0.05_20250108_neuron-adhered,"20240516_DC-adhered_10x_caged_4_class,20240422_neuron-adhered_10x_uncaged_4_class,20240703_neuron-adhered_10x_caged_4_class,20260316_a549-tomm20-gfp-adhered_10x_caged_at_4x_4_class,231212_imr90_multichannel_overlay_4_class,20250227_preadipocytes-adhered_10x_caged_4_class,20240624_mc38_10x_uncaged_4_class,20240509_Hs675Tfibroblasts_10x_caged_4_class,20250108_neuron-adhered_10x_uncaged_4_class"
20250227_preadipocytes-adhered_10x_caged_4_class,test_ds,0.502,lora_r32_0.05_20250108_neuron-adhered,"20240516_DC-adhered_10x_caged_4_class,20240422_neuron-adhered_10x_uncaged_4_class,20240703_neuron-adhered_10x_caged_4_class,20260316_a549-tomm20-gfp-adhered_10x_caged_at_4x_4_class,231212_imr90_multichannel_overlay_4_class,20250227_preadipocytes-adhered_10x_caged_4_class,20240624_mc38_10x_uncaged_4_class,20240509_Hs675Tfibroblasts_10x_caged_4_class,20250108_neuron-adhered_10x_uncaged_4_class"
20250305_neuron-adhered_10x_uncaged_4_class,test_ds,0.466,lora_r32_0.05_20250108_neuron-adhered,"20240516_DC-adhered_10x_caged_4_class,20240422_neuron-adhered_10x_uncaged_4_class,20240703_neuron-adhered_10x_caged_4_class,20260316_a549-tomm20-gfp-adhered_10x_caged_at_4x_4_class,231212_imr90_multichannel_overlay_4_class,20250227_preadipocytes-adhered_10x_caged_4_class,20240624_mc38_10x_uncaged_4_class,20240509_Hs675Tfibroblasts_10x_caged_4_class,20250108_neuron-adhered_10x_uncaged_4_class"
20250820_c8d1a_astrocytes-adherent_10x_caged_4_class,test_ds,0.523,lora_r32_0.05_20250108_neuron-adhered,"20240516_DC-adhered_10x_caged_4_class,20240422_neuron-adhered_10x_uncaged_4_class,20240703_neuron-adhered_10x_caged_4_class,20260316_a549-tomm20-gfp-adhered_10x_caged_at_4x_4_class,231212_imr90_multichannel_overlay_4_class,20250227_preadipocytes-adhered_10x_caged_4_class,20240624_mc38_10x_uncaged_4_class,20240509_Hs675Tfibroblasts_10x_caged_4_class,20250108_neuron-adhered_10x_uncaged_4_class"
20250917_moc22-adhered_10x_caged_4_class,test_ds,0.527,lora_r32_0.05_20250108_neuron-adhered,"20240516_DC-adhered_10x_caged_4_class,20240422_neuron-adhered_10x_uncaged_4_class,20240703_neuron-adhered_10x_caged_4_class,20260316_a549-tomm20-gfp-adhered_10x_caged_at_4x_4_class,231212_imr90_multichannel_overlay_4_class,20250227_preadipocytes-adhered_10x_caged_4_class,20240624_mc38_10x_uncaged_4_class,20240509_Hs675Tfibroblasts_10x_caged_4_class,20250108_neuron-adhered_10x_uncaged_4_class"
20260316_a549-tomm20-gfp-adhered_10x_caged_at_4x_4_class,test_ds,0.725,lora_r32_0.05_20250108_neuron-adhered,"20240516_DC-adhered_10x_caged_4_class,20240422_neuron-adhered_10x_uncaged_4_class,20240703_neuron-adhered_10x_caged_4_class,20260316_a549-tomm20-gfp-adhered_10x_caged_at_4x_4_class,231212_imr90_multichannel_overlay_4_class,20250227_preadipocytes-adhered_10x_caged_4_class,20240624_mc38_10x_uncaged_4_class,20240509_Hs675Tfibroblasts_10x_caged_4_class,20250108_neuron-adhered_10x_uncaged_4_class"
231212_imr90_multichannel_overlay_4_class,test_ds,0.776,lora_r32_0.05_20250108_neuron-adhered,"20240516_DC-adhered_10x_caged_4_class,20240422_neuron-adhered_10x_uncaged_4_class,20240703_neuron-adhered_10x_caged_4_class,20260316_a549-tomm20-gfp-adhered_10x_caged_at_4x_4_class,231212_imr90_multichannel_overlay_4_class,20250227_preadipocytes-adhered_10x_caged_4_class,20240624_mc38_10x_uncaged_4_class,20240509_Hs675Tfibroblasts_10x_caged_4_class,20250108_neuron-adhered_10x_uncaged_4_class"
240213_imr90_multichannel_overlay_4_class,test_ds,0.535,lora_r32_0.05_20250108_neuron-adhered,"20240516_DC-adhered_10x_caged_4_class,20240422_neuron-adhered_10x_uncaged_4_class,20240703_neuron-adhered_10x_caged_4_class,20260316_a549-tomm20-gfp-adhered_10x_caged_at_4x_4_class,231212_imr90_multichannel_overlay_4_class,20250227_preadipocytes-adhered_10x_caged_4_class,20240624_mc38_10x_uncaged_4_class,20240509_Hs675Tfibroblasts_10x_caged_4_class,20250108_neuron-adhered_10x_uncaged_4_class"
20240516_DC-adhered_10x_caged_4_class,train_ds,0.708,lora_r32_0.01_2024-u87,"20240516_DC-adhered_10x_caged_4_class,20240422_neuron-adhered_10x_uncaged_4_class,20240703_neuron-adhered_10x_caged_4_class,20260316_a549-tomm20-gfp-adhered_10x_caged_at_4x_4_class,231212_imr90_multichannel_overlay_4_class,20250227_preadipocytes-adhered_10x_caged_4_class,20240624_mc38_10x_uncaged_4_class,20240509_Hs675Tfibroblasts_10x_caged_4_class,20240905_u87-adhered_10x_caged_4_class"
20240422_neuron-adhered_10x_uncaged_4_class,train_ds,0.555,lora_r32_0.01_2024-u87,"20240516_DC-adhered_10x_caged_4_class,20240422_neuron-adhered_10x_uncaged_4_class,20240703_neuron-adhered_10x_caged_4_class,20260316_a549-tomm20-gfp-adhered_10x_caged_at_4x_4_class,231212_imr90_multichannel_overlay_4_class,20250227_preadipocytes-adhered_10x_caged_4_class,20240624_mc38_10x_uncaged_4_class,20240509_Hs675Tfibroblasts_10x_caged_4_class,20240905_u87-adhered_10x_caged_4_class"
20240703_neuron-adhered_10x_caged_4_class,train_ds,0.631,lora_r32_0.01_2024-u87,"20240516_DC-adhered_10x_caged_4_class,20240422_neuron-adhered_10x_uncaged_4_class,20240703_neuron-adhered_10x_caged_4_class,20260316_a549-tomm20-gfp-adhered_10x_caged_at_4x_4_class,231212_imr90_multichannel_overlay_4_class,20250227_preadipocytes-adhered_10x_caged_4_class,20240624_mc38_10x_uncaged_4_class,20240509_Hs675Tfibroblasts_10x_caged_4_class,20240905_u87-adhered_10x_caged_4_class"
20260316_a549-tomm20-gfp-adhered_10x_caged_at_4x_4_class,train_ds,0.727,lora_r32_0.01_2024-u87,"20240516_DC-adhered_10x_caged_4_class,20240422_neuron-adhered_10x_uncaged_4_class,20240703_neuron-adhered_10x_caged_4_class,20260316_a549-tomm20-gfp-adhered_10x_caged_at_4x_4_class,231212_imr90_multichannel_overlay_4_class,20250227_preadipocytes-adhered_10x_caged_4_class,20240624_mc38_10x_uncaged_4_class,20240509_Hs675Tfibroblasts_10x_caged_4_class,20240905_u87-adhered_10x_caged_4_class"
231212_imr90_multichannel_overlay_4_class,train_ds,0.777,lora_r32_0.01_2024-u87,"20240516_DC-adhered_10x_caged_4_class,20240422_neuron-adhered_10x_uncaged_4_class,20240703_neuron-adhered_10x_caged_4_class,20260316_a549-tomm20-gfp-adhered_10x_caged_at_4x_4_class,231212_imr90_multichannel_overlay_4_class,20250227_preadipocytes-adhered_10x_caged_4_class,20240624_mc38_10x_uncaged_4_class,20240509_Hs675Tfibroblasts_10x_caged_4_class,20240905_u87-adhered_10x_caged_4_class"
20250227_preadipocytes-adhered_10x_caged_4_class,train_ds,0.505,lora_r32_0.01_2024-u87,"20240516_DC-adhered_10x_caged_4_class,20240422_neuron-adhered_10x_uncaged_4_class,20240703_neuron-adhered_10x_caged_4_class,20260316_a549-tomm20-gfp-adhered_10x_caged_at_4x_4_class,231212_imr90_multichannel_overlay_4_class,20250227_preadipocytes-adhered_10x_caged_4_class,20240624_mc38_10x_uncaged_4_class,20240509_Hs675Tfibroblasts_10x_caged_4_class,20240905_u87-adhered_10x_caged_4_class"
20240624_mc38_10x_uncaged_4_class,train_ds,0.721,lora_r32_0.01_2024-u87,"20240516_DC-adhered_10x_caged_4_class,20240422_neuron-adhered_10x_uncaged_4_class,20240703_neuron-adhered_10x_caged_4_class,20260316_a549-tomm20-gfp-adhered_10x_caged_at_4x_4_class,231212_imr90_multichannel_overlay_4_class,20250227_preadipocytes-adhered_10x_caged_4_class,20240624_mc38_10x_uncaged_4_class,20240509_Hs675Tfibroblasts_10x_caged_4_class,20240905_u87-adhered_10x_caged_4_class"
20240509_Hs675Tfibroblasts_10x_caged_4_class,train_ds,0.698,lora_r32_0.01_2024-u87,"20240516_DC-adhered_10x_caged_4_class,20240422_neuron-adhered_10x_uncaged_4_class,20240703_neuron-adhered_10x_caged_4_class,20260316_a549-tomm20-gfp-adhered_10x_caged_at_4x_4_class,231212_imr90_multichannel_overlay_4_class,20250227_preadipocytes-adhered_10x_caged_4_class,20240624_mc38_10x_uncaged_4_class,20240509_Hs675Tfibroblasts_10x_caged_4_class,20240905_u87-adhered_10x_caged_4_class"
20240905_u87-adhered_10x_caged_4_class,train_ds,0.551,lora_r32_0.01_2024-u87,"20240516_DC-adhered_10x_caged_4_class,20240422_neuron-adhered_10x_uncaged_4_class,20240703_neuron-adhered_10x_caged_4_class,20260316_a549-tomm20-gfp-adhered_10x_caged_at_4x_4_class,231212_imr90_multichannel_overlay_4_class,20250227_preadipocytes-adhered_10x_caged_4_class,20240624_mc38_10x_uncaged_4_class,20240509_Hs675Tfibroblasts_10x_caged_4_class,20240905_u87-adhered_10x_caged_4_class"
20240422_neuron-adhered_10x_uncaged_4_class,test_ds,0.555,lora_r32_0.01_2024-u87,"20240516_DC-adhered_10x_caged_4_class,20240422_neuron-adhered_10x_uncaged_4_class,20240703_neuron-adhered_10x_caged_4_class,20260316_a549-tomm20-gfp-adhered_10x_caged_at_4x_4_class,231212_imr90_multichannel_overlay_4_class,20250227_preadipocytes-adhered_10x_caged_4_class,20240624_mc38_10x_uncaged_4_class,20240509_Hs675Tfibroblasts_10x_caged_4_class,20240905_u87-adhered_10x_caged_4_class"
20240509_Hs675Tfibroblasts_10x_caged_4_class,test_ds,0.698,lora_r32_0.01_2024-u87,"20240516_DC-adhered_10x_caged_4_class,20240422_neuron-adhered_10x_uncaged_4_class,20240703_neuron-adhered_10x_caged_4_class,20260316_a549-tomm20-gfp-adhered_10x_caged_at_4x_4_class,231212_imr90_multichannel_overlay_4_class,20250227_preadipocytes-adhered_10x_caged_4_class,20240624_mc38_10x_uncaged_4_class,20240509_Hs675Tfibroblasts_10x_caged_4_class,20240905_u87-adhered_10x_caged_4_class"
20240509_hela-adhered_10x_caged_4_class,test_ds,0.558,lora_r32_0.01_2024-u87,"20240516_DC-adhered_10x_caged_4_class,20240422_neuron-adhered_10x_uncaged_4_class,20240703_neuron-adhered_10x_caged_4_class,20260316_a549-tomm20-gfp-adhered_10x_caged_at_4x_4_class,231212_imr90_multichannel_overlay_4_class,20250227_preadipocytes-adhered_10x_caged_4_class,20240624_mc38_10x_uncaged_4_class,20240509_Hs675Tfibroblasts_10x_caged_4_class,20240905_u87-adhered_10x_caged_4_class"
20240515_DC-adhered_10x_caged_4_class,test_ds,0.69,lora_r32_0.01_2024-u87,"20240516_DC-adhered_10x_caged_4_class,20240422_neuron-adhered_10x_uncaged_4_class,20240703_neuron-adhered_10x_caged_4_class,20260316_a549-tomm20-gfp-adhered_10x_caged_at_4x_4_class,231212_imr90_multichannel_overlay_4_class,20250227_preadipocytes-adhered_10x_caged_4_class,20240624_mc38_10x_uncaged_4_class,20240509_Hs675Tfibroblasts_10x_caged_4_class,20240905_u87-adhered_10x_caged_4_class"
20240516_DC-adhered_10x_caged_4_class,test_ds,0.708,lora_r32_0.01_2024-u87,"20240516_DC-adhered_10x_caged_4_class,20240422_neuron-adhered_10x_uncaged_4_class,20240703_neuron-adhered_10x_caged_4_class,20260316_a549-tomm20-gfp-adhered_10x_caged_at_4x_4_class,231212_imr90_multichannel_overlay_4_class,20250227_preadipocytes-adhered_10x_caged_4_class,20240624_mc38_10x_uncaged_4_class,20240509_Hs675Tfibroblasts_10x_caged_4_class,20240905_u87-adhered_10x_caged_4_class"
20240624_mc38_10x_caged_4_class,test_ds,0.589,lora_r32_0.01_2024-u87,"20240516_DC-adhered_10x_caged_4_class,20240422_neuron-adhered_10x_uncaged_4_class,20240703_neuron-adhered_10x_caged_4_class,20260316_a549-tomm20-gfp-adhered_10x_caged_at_4x_4_class,231212_imr90_multichannel_overlay_4_class,20250227_preadipocytes-adhered_10x_caged_4_class,20240624_mc38_10x_uncaged_4_class,20240509_Hs675Tfibroblasts_10x_caged_4_class,20240905_u87-adhered_10x_caged_4_class"
20240624_mc38_10x_uncaged_4_class,test_ds,0.721,lora_r32_0.01_2024-u87,"20240516_DC-adhered_10x_caged_4_class,20240422_neuron-adhered_10x_uncaged_4_class,20240703_neuron-adhered_10x_caged_4_class,20260316_a549-tomm20-gfp-adhered_10x_caged_at_4x_4_class,231212_imr90_multichannel_overlay_4_class,20250227_preadipocytes-adhered_10x_caged_4_class,20240624_mc38_10x_uncaged_4_class,20240509_Hs675Tfibroblasts_10x_caged_4_class,20240905_u87-adhered_10x_caged_4_class"
20240625_mc38_10x_caged_4_class,test_ds,0.59,lora_r32_0.01_2024-u87,"20240516_DC-adhered_10x_caged_4_class,20240422_neuron-adhered_10x_uncaged_4_class,20240703_neuron-adhered_10x_caged_4_class,20260316_a549-tomm20-gfp-adhered_10x_caged_at_4x_4_class,231212_imr90_multichannel_overlay_4_class,20250227_preadipocytes-adhered_10x_caged_4_class,20240624_mc38_10x_uncaged_4_class,20240509_Hs675Tfibroblasts_10x_caged_4_class,20240905_u87-adhered_10x_caged_4_class"
20240703_neuron-adhered_10x_caged_4_class,test_ds,0.631,lora_r32_0.01_2024-u87,"20240516_DC-adhered_10x_caged_4_class,20240422_neuron-adhered_10x_uncaged_4_class,20240703_neuron-adhered_10x_caged_4_class,20260316_a549-tomm20-gfp-adhered_10x_caged_at_4x_4_class,231212_imr90_multichannel_overlay_4_class,20250227_preadipocytes-adhered_10x_caged_4_class,20240624_mc38_10x_uncaged_4_class,20240509_Hs675Tfibroblasts_10x_caged_4_class,20240905_u87-adhered_10x_caged_4_class"
20240704_neuron-adhered_10x_caged_4_class,test_ds,0.605,lora_r32_0.01_2024-u87,"20240516_DC-adhered_10x_caged_4_class,20240422_neuron-adhered_10x_uncaged_4_class,20240703_neuron-adhered_10x_caged_4_class,20260316_a549-tomm20-gfp-adhered_10x_caged_at_4x_4_class,231212_imr90_multichannel_overlay_4_class,20250227_preadipocytes-adhered_10x_caged_4_class,20240624_mc38_10x_uncaged_4_class,20240509_Hs675Tfibroblasts_10x_caged_4_class,20240905_u87-adhered_10x_caged_4_class"
20240905_u87-adhered_10x_caged_4_class,test_ds,0.551,lora_r32_0.01_2024-u87,"20240516_DC-adhered_10x_caged_4_class,20240422_neuron-adhered_10x_uncaged_4_class,20240703_neuron-adhered_10x_caged_4_class,20260316_a549-tomm20-gfp-adhered_10x_caged_at_4x_4_class,231212_imr90_multichannel_overlay_4_class,20250227_preadipocytes-adhered_10x_caged_4_class,20240624_mc38_10x_uncaged_4_class,20240509_Hs675Tfibroblasts_10x_caged_4_class,20240905_u87-adhered_10x_caged_4_class"
20240924_enteric-glia-adhered_10x_uncaged_4_class,test_ds,0.681,lora_r32_0.01_2024-u87,"20240516_DC-adhered_10x_caged_4_class,20240422_neuron-adhered_10x_uncaged_4_class,20240703_neuron-adhered_10x_caged_4_class,20260316_a549-tomm20-gfp-adhered_10x_caged_at_4x_4_class,231212_imr90_multichannel_overlay_4_class,20250227_preadipocytes-adhered_10x_caged_4_class,20240624_mc38_10x_uncaged_4_class,20240509_Hs675Tfibroblasts_10x_caged_4_class,20240905_u87-adhered_10x_caged_4_class"
20241212_preadipocytes-adhered_10x_uncaged_4_class,test_ds,0.359,lora_r32_0.01_2024-u87,"20240516_DC-adhered_10x_caged_4_class,20240422_neuron-adhered_10x_uncaged_4_class,20240703_neuron-adhered_10x_caged_4_class,20260316_a549-tomm20-gfp-adhered_10x_caged_at_4x_4_class,231212_imr90_multichannel_overlay_4_class,20250227_preadipocytes-adhered_10x_caged_4_class,20240624_mc38_10x_uncaged_4_class,20240509_Hs675Tfibroblasts_10x_caged_4_class,20240905_u87-adhered_10x_caged_4_class"
20250108_neuron-adhered_10x_uncaged_4_class,test_ds,0.346,lora_r32_0.01_2024-u87,"20240516_DC-adhered_10x_caged_4_class,20240422_neuron-adhered_10x_uncaged_4_class,20240703_neuron-adhered_10x_caged_4_class,20260316_a549-tomm20-gfp-adhered_10x_caged_at_4x_4_class,231212_imr90_multichannel_overlay_4_class,20250227_preadipocytes-adhered_10x_caged_4_class,20240624_mc38_10x_uncaged_4_class,20240509_Hs675Tfibroblasts_10x_caged_4_class,20240905_u87-adhered_10x_caged_4_class"
20250227_preadipocytes-adhered_10x_caged_4_class,test_ds,0.505,lora_r32_0.01_2024-u87,"20240516_DC-adhered_10x_caged_4_class,20240422_neuron-adhered_10x_uncaged_4_class,20240703_neuron-adhered_10x_caged_4_class,20260316_a549-tomm20-gfp-adhered_10x_caged_at_4x_4_class,231212_imr90_multichannel_overlay_4_class,20250227_preadipocytes-adhered_10x_caged_4_class,20240624_mc38_10x_uncaged_4_class,20240509_Hs675Tfibroblasts_10x_caged_4_class,20240905_u87-adhered_10x_caged_4_class"
20250305_neuron-adhered_10x_uncaged_4_class,test_ds,0.462,lora_r32_0.01_2024-u87,"20240516_DC-adhered_10x_caged_4_class,20240422_neuron-adhered_10x_uncaged_4_class,20240703_neuron-adhered_10x_caged_4_class,20260316_a549-tomm20-gfp-adhered_10x_caged_at_4x_4_class,231212_imr90_multichannel_overlay_4_class,20250227_preadipocytes-adhered_10x_caged_4_class,20240624_mc38_10x_uncaged_4_class,20240509_Hs675Tfibroblasts_10x_caged_4_class,20240905_u87-adhered_10x_caged_4_class"
20250820_c8d1a_astrocytes-adherent_10x_caged_4_class,test_ds,0.516,lora_r32_0.01_2024-u87,"20240516_DC-adhered_10x_caged_4_class,20240422_neuron-adhered_10x_uncaged_4_class,20240703_neuron-adhered_10x_caged_4_class,20260316_a549-tomm20-gfp-adhered_10x_caged_at_4x_4_class,231212_imr90_multichannel_overlay_4_class,20250227_preadipocytes-adhered_10x_caged_4_class,20240624_mc38_10x_uncaged_4_class,20240509_Hs675Tfibroblasts_10x_caged_4_class,20240905_u87-adhered_10x_caged_4_class"
20250917_moc22-adhered_10x_caged_4_class,test_ds,0.543,lora_r32_0.01_2024-u87,"20240516_DC-adhered_10x_caged_4_class,20240422_neuron-adhered_10x_uncaged_4_class,20240703_neuron-adhered_10x_caged_4_class,20260316_a549-tomm20-gfp-adhered_10x_caged_at_4x_4_class,231212_imr90_multichannel_overlay_4_class,20250227_preadipocytes-adhered_10x_caged_4_class,20240624_mc38_10x_uncaged_4_class,20240509_Hs675Tfibroblasts_10x_caged_4_class,20240905_u87-adhered_10x_caged_4_class"
20260316_a549-tomm20-gfp-adhered_10x_caged_at_4x_4_class,test_ds,0.727,lora_r32_0.01_2024-u87,"20240516_DC-adhered_10x_caged_4_class,20240422_neuron-adhered_10x_uncaged_4_class,20240703_neuron-adhered_10x_caged_4_class,20260316_a549-tomm20-gfp-adhered_10x_caged_at_4x_4_class,231212_imr90_multichannel_overlay_4_class,20250227_preadipocytes-adhered_10x_caged_4_class,20240624_mc38_10x_uncaged_4_class,20240509_Hs675Tfibroblasts_10x_caged_4_class,20240905_u87-adhered_10x_caged_4_class"
231212_imr90_multichannel_overlay_4_class,test_ds,0.777,lora_r32_0.01_2024-u87,"20240516_DC-adhered_10x_caged_4_class,20240422_neuron-adhered_10x_uncaged_4_class,20240703_neuron-adhered_10x_caged_4_class,20260316_a549-tomm20-gfp-adhered_10x_caged_at_4x_4_class,231212_imr90_multichannel_overlay_4_class,20250227_preadipocytes-adhered_10x_caged_4_class,20240624_mc38_10x_uncaged_4_class,20240509_Hs675Tfibroblasts_10x_caged_4_class,20240905_u87-adhered_10x_caged_4_class"
240213_imr90_multichannel_overlay_4_class,test_ds,0.553,lora_r32_0.01_2024-u87,"20240516_DC-adhered_10x_caged_4_class,20240422_neuron-adhered_10x_uncaged_4_class,20240703_neuron-adhered_10x_caged_4_class,20260316_a549-tomm20-gfp-adhered_10x_caged_at_4x_4_class,231212_imr90_multichannel_overlay_4_class,20250227_preadipocytes-adhered_10x_caged_4_class,20240624_mc38_10x_uncaged_4_class,20240509_Hs675Tfibroblasts_10x_caged_4_class,20240905_u87-adhered_10x_caged_4_class"
20240516_DC-adhered_10x_caged_4_class,train_ds,0.708,lora_r32_0.05_2024-u87,"20240516_DC-adhered_10x_caged_4_class,20240422_neuron-adhered_10x_uncaged_4_class,20240703_neuron-adhered_10x_caged_4_class,20260316_a549-tomm20-gfp-adhered_10x_caged_at_4x_4_class,231212_imr90_multichannel_overlay_4_class,20250227_preadipocytes-adhered_10x_caged_4_class,20240624_mc38_10x_uncaged_4_class,20240509_Hs675Tfibroblasts_10x_caged_4_class,20240905_u87-adhered_10x_caged_4_class"
20240422_neuron-adhered_10x_uncaged_4_class,train_ds,0.554,lora_r32_0.05_2024-u87,"20240516_DC-adhered_10x_caged_4_class,20240422_neuron-adhered_10x_uncaged_4_class,20240703_neuron-adhered_10x_caged_4_class,20260316_a549-tomm20-gfp-adhered_10x_caged_at_4x_4_class,231212_imr90_multichannel_overlay_4_class,20250227_preadipocytes-adhered_10x_caged_4_class,20240624_mc38_10x_uncaged_4_class,20240509_Hs675Tfibroblasts_10x_caged_4_class,20240905_u87-adhered_10x_caged_4_class"
20240703_neuron-adhered_10x_caged_4_class,train_ds,0.63,lora_r32_0.05_2024-u87,"20240516_DC-adhered_10x_caged_4_class,20240422_neuron-adhered_10x_uncaged_4_class,20240703_neuron-adhered_10x_caged_4_class,20260316_a549-tomm20-gfp-adhered_10x_caged_at_4x_4_class,231212_imr90_multichannel_overlay_4_class,20250227_preadipocytes-adhered_10x_caged_4_class,20240624_mc38_10x_uncaged_4_class,20240509_Hs675Tfibroblasts_10x_caged_4_class,20240905_u87-adhered_10x_caged_4_class"
20260316_a549-tomm20-gfp-adhered_10x_caged_at_4x_4_class,train_ds,0.723,lora_r32_0.05_2024-u87,"20240516_DC-adhered_10x_caged_4_class,20240422_neuron-adhered_10x_uncaged_4_class,20240703_neuron-adhered_10x_caged_4_class,20260316_a549-tomm20-gfp-adhered_10x_caged_at_4x_4_class,231212_imr90_multichannel_overlay_4_class,20250227_preadipocytes-adhered_10x_caged_4_class,20240624_mc38_10x_uncaged_4_class,20240509_Hs675Tfibroblasts_10x_caged_4_class,20240905_u87-adhered_10x_caged_4_class"
231212_imr90_multichannel_overlay_4_class,train_ds,0.771,lora_r32_0.05_2024-u87,"20240516_DC-adhered_10x_caged_4_class,20240422_neuron-adhered_10x_uncaged_4_class,20240703_neuron-adhered_10x_caged_4_class,20260316_a549-tomm20-gfp-adhered_10x_caged_at_4x_4_class,231212_imr90_multichannel_overlay_4_class,20250227_preadipocytes-adhered_10x_caged_4_class,20240624_mc38_10x_uncaged_4_class,20240509_Hs675Tfibroblasts_10x_caged_4_class,20240905_u87-adhered_10x_caged_4_class"
20250227_preadipocytes-adhered_10x_caged_4_class,train_ds,0.504,lora_r32_0.05_2024-u87,"20240516_DC-adhered_10x_caged_4_class,20240422_neuron-adhered_10x_uncaged_4_class,20240703_neuron-adhered_10x_caged_4_class,20260316_a549-tomm20-gfp-adhered_10x_caged_at_4x_4_class,231212_imr90_multichannel_overlay_4_class,20250227_preadipocytes-adhered_10x_caged_4_class,20240624_mc38_10x_uncaged_4_class,20240509_Hs675Tfibroblasts_10x_caged_4_class,20240905_u87-adhered_10x_caged_4_class"
20240624_mc38_10x_uncaged_4_class,train_ds,0.717,lora_r32_0.05_2024-u87,"20240516_DC-adhered_10x_caged_4_class,20240422_neuron-adhered_10x_uncaged_4_class,20240703_neuron-adhered_10x_caged_4_class,20260316_a549-tomm20-gfp-adhered_10x_caged_at_4x_4_class,231212_imr90_multichannel_overlay_4_class,20250227_preadipocytes-adhered_10x_caged_4_class,20240624_mc38_10x_uncaged_4_class,20240509_Hs675Tfibroblasts_10x_caged_4_class,20240905_u87-adhered_10x_caged_4_class"
20240509_Hs675Tfibroblasts_10x_caged_4_class,train_ds,0.686,lora_r32_0.05_2024-u87,"20240516_DC-adhered_10x_caged_4_class,20240422_neuron-adhered_10x_uncaged_4_class,20240703_neuron-adhered_10x_caged_4_class,20260316_a549-tomm20-gfp-adhered_10x_caged_at_4x_4_class,231212_imr90_multichannel_overlay_4_class,20250227_preadipocytes-adhered_10x_caged_4_class,20240624_mc38_10x_uncaged_4_class,20240509_Hs675Tfibroblasts_10x_caged_4_class,20240905_u87-adhered_10x_caged_4_class"
20240905_u87-adhered_10x_caged_4_class,train_ds,0.578,lora_r32_0.05_2024-u87,"20240516_DC-adhered_10x_caged_4_class,20240422_neuron-adhered_10x_uncaged_4_class,20240703_neuron-adhered_10x_caged_4_class,20260316_a549-tomm20-gfp-adhered_10x_caged_at_4x_4_class,231212_imr90_multichannel_overlay_4_class,20250227_preadipocytes-adhered_10x_caged_4_class,20240624_mc38_10x_uncaged_4_class,20240509_Hs675Tfibroblasts_10x_caged_4_class,20240905_u87-adhered_10x_caged_4_class"
20240422_neuron-adhered_10x_uncaged_4_class,test_ds,0.554,lora_r32_0.05_2024-u87,"20240516_DC-adhered_10x_caged_4_class,20240422_neuron-adhered_10x_uncaged_4_class,20240703_neuron-adhered_10x_caged_4_class,20260316_a549-tomm20-gfp-adhered_10x_caged_at_4x_4_class,231212_imr90_multichannel_overlay_4_class,20250227_preadipocytes-adhered_10x_caged_4_class,20240624_mc38_10x_uncaged_4_class,20240509_Hs675Tfibroblasts_10x_caged_4_class,20240905_u87-adhered_10x_caged_4_class"
20240509_Hs675Tfibroblasts_10x_caged_4_class,test_ds,0.686,lora_r32_0.05_2024-u87,"20240516_DC-adhered_10x_caged_4_class,20240422_neuron-adhered_10x_uncaged_4_class,20240703_neuron-adhered_10x_caged_4_class,20260316_a549-tomm20-gfp-adhered_10x_caged_at_4x_4_class,231212_imr90_multichannel_overlay_4_class,20250227_preadipocytes-adhered_10x_caged_4_class,20240624_mc38_10x_uncaged_4_class,20240509_Hs675Tfibroblasts_10x_caged_4_class,20240905_u87-adhered_10x_caged_4_class"
20240509_hela-adhered_10x_caged_4_class,test_ds,0.548,lora_r32_0.05_2024-u87,"20240516_DC-adhered_10x_caged_4_class,20240422_neuron-adhered_10x_uncaged_4_class,20240703_neuron-adhered_10x_caged_4_class,20260316_a549-tomm20-gfp-adhered_10x_caged_at_4x_4_class,231212_imr90_multichannel_overlay_4_class,20250227_preadipocytes-adhered_10x_caged_4_class,20240624_mc38_10x_uncaged_4_class,20240509_Hs675Tfibroblasts_10x_caged_4_class,20240905_u87-adhered_10x_caged_4_class"
20240515_DC-adhered_10x_caged_4_class,test_ds,0.69,lora_r32_0.05_2024-u87,"20240516_DC-adhered_10x_caged_4_class,20240422_neuron-adhered_10x_uncaged_4_class,20240703_neuron-adhered_10x_caged_4_class,20260316_a549-tomm20-gfp-adhered_10x_caged_at_4x_4_class,231212_imr90_multichannel_overlay_4_class,20250227_preadipocytes-adhered_10x_caged_4_class,20240624_mc38_10x_uncaged_4_class,20240509_Hs675Tfibroblasts_10x_caged_4_class,20240905_u87-adhered_10x_caged_4_class"
20240516_DC-adhered_10x_caged_4_class,test_ds,0.708,lora_r32_0.05_2024-u87,"20240516_DC-adhered_10x_caged_4_class,20240422_neuron-adhered_10x_uncaged_4_class,20240703_neuron-adhered_10x_caged_4_class,20260316_a549-tomm20-gfp-adhered_10x_caged_at_4x_4_class,231212_imr90_multichannel_overlay_4_class,20250227_preadipocytes-adhered_10x_caged_4_class,20240624_mc38_10x_uncaged_4_class,20240509_Hs675Tfibroblasts_10x_caged_4_class,20240905_u87-adhered_10x_caged_4_class"
20240624_mc38_10x_caged_4_class,test_ds,0.603,lora_r32_0.05_2024-u87,"20240516_DC-adhered_10x_caged_4_class,20240422_neuron-adhered_10x_uncaged_4_class,20240703_neuron-adhered_10x_caged_4_class,20260316_a549-tomm20-gfp-adhered_10x_caged_at_4x_4_class,231212_imr90_multichannel_overlay_4_class,20250227_preadipocytes-adhered_10x_caged_4_class,20240624_mc38_10x_uncaged_4_class,20240509_Hs675Tfibroblasts_10x_caged_4_class,20240905_u87-adhered_10x_caged_4_class"
20240624_mc38_10x_uncaged_4_class,test_ds,0.717,lora_r32_0.05_2024-u87,"20240516_DC-adhered_10x_caged_4_class,20240422_neuron-adhered_10x_uncaged_4_class,20240703_neuron-adhered_10x_caged_4_class,20260316_a549-tomm20-gfp-adhered_10x_caged_at_4x_4_class,231212_imr90_multichannel_overlay_4_class,20250227_preadipocytes-adhered_10x_caged_4_class,20240624_mc38_10x_uncaged_4_class,20240509_Hs675Tfibroblasts_10x_caged_4_class,20240905_u87-adhered_10x_caged_4_class"
20240625_mc38_10x_caged_4_class,test_ds,0.586,lora_r32_0.05_2024-u87,"20240516_DC-adhered_10x_caged_4_class,20240422_neuron-adhered_10x_uncaged_4_class,20240703_neuron-adhered_10x_caged_4_class,20260316_a549-tomm20-gfp-adhered_10x_caged_at_4x_4_class,231212_imr90_multichannel_overlay_4_class,20250227_preadipocytes-adhered_10x_caged_4_class,20240624_mc38_10x_uncaged_4_class,20240509_Hs675Tfibroblasts_10x_caged_4_class,20240905_u87-adhered_10x_caged_4_class"
20240703_neuron-adhered_10x_caged_4_class,test_ds,0.63,lora_r32_0.05_2024-u87,"20240516_DC-adhered_10x_caged_4_class,20240422_neuron-adhered_10x_uncaged_4_class,20240703_neuron-adhered_10x_caged_4_class,20260316_a549-tomm20-gfp-adhered_10x_caged_at_4x_4_class,231212_imr90_multichannel_overlay_4_class,20250227_preadipocytes-adhered_10x_caged_4_class,20240624_mc38_10x_uncaged_4_class,20240509_Hs675Tfibroblasts_10x_caged_4_class,20240905_u87-adhered_10x_caged_4_class"
20240704_neuron-adhered_10x_caged_4_class,test_ds,0.605,lora_r32_0.05_2024-u87,"20240516_DC-adhered_10x_caged_4_class,20240422_neuron-adhered_10x_uncaged_4_class,20240703_neuron-adhered_10x_caged_4_class,20260316_a549-tomm20-gfp-adhered_10x_caged_at_4x_4_class,231212_imr90_multichannel_overlay_4_class,20250227_preadipocytes-adhered_10x_caged_4_class,20240624_mc38_10x_uncaged_4_class,20240509_Hs675Tfibroblasts_10x_caged_4_class,20240905_u87-adhered_10x_caged_4_class"
20240905_u87-adhered_10x_caged_4_class,test_ds,0.578,lora_r32_0.05_2024-u87,"20240516_DC-adhered_10x_caged_4_class,20240422_neuron-adhered_10x_uncaged_4_class,20240703_neuron-adhered_10x_caged_4_class,20260316_a549-tomm20-gfp-adhered_10x_caged_at_4x_4_class,231212_imr90_multichannel_overlay_4_class,20250227_preadipocytes-adhered_10x_caged_4_class,20240624_mc38_10x_uncaged_4_class,20240509_Hs675Tfibroblasts_10x_caged_4_class,20240905_u87-adhered_10x_caged_4_class"
20240924_enteric-glia-adhered_10x_uncaged_4_class,test_ds,0.705,lora_r32_0.05_2024-u87,"20240516_DC-adhered_10x_caged_4_class,20240422_neuron-adhered_10x_uncaged_4_class,20240703_neuron-adhered_10x_caged_4_class,20260316_a549-tomm20-gfp-adhered_10x_caged_at_4x_4_class,231212_imr90_multichannel_overlay_4_class,20250227_preadipocytes-adhered_10x_caged_4_class,20240624_mc38_10x_uncaged_4_class,20240509_Hs675Tfibroblasts_10x_caged_4_class,20240905_u87-adhered_10x_caged_4_class"
20241212_preadipocytes-adhered_10x_uncaged_4_class,test_ds,0.358,lora_r32_0.05_2024-u87,"20240516_DC-adhered_10x_caged_4_class,20240422_neuron-adhered_10x_uncaged_4_class,20240703_neuron-adhered_10x_caged_4_class,20260316_a549-tomm20-gfp-adhered_10x_caged_at_4x_4_class,231212_imr90_multichannel_overlay_4_class,20250227_preadipocytes-adhered_10x_caged_4_class,20240624_mc38_10x_uncaged_4_class,20240509_Hs675Tfibroblasts_10x_caged_4_class,20240905_u87-adhered_10x_caged_4_class"
20250108_neuron-adhered_10x_uncaged_4_class,test_ds,0.334,lora_r32_0.05_2024-u87,"20240516_DC-adhered_10x_caged_4_class,20240422_neuron-adhered_10x_uncaged_4_class,20240703_neuron-adhered_10x_caged_4_class,20260316_a549-tomm20-gfp-adhered_10x_caged_at_4x_4_class,231212_imr90_multichannel_overlay_4_class,20250227_preadipocytes-adhered_10x_caged_4_class,20240624_mc38_10x_uncaged_4_class,20240509_Hs675Tfibroblasts_10x_caged_4_class,20240905_u87-adhered_10x_caged_4_class"
20250227_preadipocytes-adhered_10x_caged_4_class,test_ds,0.504,lora_r32_0.05_2024-u87,"20240516_DC-adhered_10x_caged_4_class,20240422_neuron-adhered_10x_uncaged_4_class,20240703_neuron-adhered_10x_caged_4_class,20260316_a549-tomm20-gfp-adhered_10x_caged_at_4x_4_class,231212_imr90_multichannel_overlay_4_class,20250227_preadipocytes-adhered_10x_caged_4_class,20240624_mc38_10x_uncaged_4_class,20240509_Hs675Tfibroblasts_10x_caged_4_class,20240905_u87-adhered_10x_caged_4_class"
20250305_neuron-adhered_10x_uncaged_4_class,test_ds,0.469,lora_r32_0.05_2024-u87,"20240516_DC-adhered_10x_caged_4_class,20240422_neuron-adhered_10x_uncaged_4_class,20240703_neuron-adhered_10x_caged_4_class,20260316_a549-tomm20-gfp-adhered_10x_caged_at_4x_4_class,231212_imr90_multichannel_overlay_4_class,20250227_preadipocytes-adhered_10x_caged_4_class,20240624_mc38_10x_uncaged_4_class,20240509_Hs675Tfibroblasts_10x_caged_4_class,20240905_u87-adhered_10x_caged_4_class"
20250820_c8d1a_astrocytes-adherent_10x_caged_4_class,test_ds,0.51,lora_r32_0.05_2024-u87,"20240516_DC-adhered_10x_caged_4_class,20240422_neuron-adhered_10x_uncaged_4_class,20240703_neuron-adhered_10x_caged_4_class,20260316_a549-tomm20-gfp-adhered_10x_caged_at_4x_4_class,231212_imr90_multichannel_overlay_4_class,20250227_preadipocytes-adhered_10x_caged_4_class,20240624_mc38_10x_uncaged_4_class,20240509_Hs675Tfibroblasts_10x_caged_4_class,20240905_u87-adhered_10x_caged_4_class"
20250917_moc22-adhered_10x_caged_4_class,test_ds,0.549,lora_r32_0.05_2024-u87,"20240516_DC-adhered_10x_caged_4_class,20240422_neuron-adhered_10x_uncaged_4_class,20240703_neuron-adhered_10x_caged_4_class,20260316_a549-tomm20-gfp-adhered_10x_caged_at_4x_4_class,231212_imr90_multichannel_overlay_4_class,20250227_preadipocytes-adhered_10x_caged_4_class,20240624_mc38_10x_uncaged_4_class,20240509_Hs675Tfibroblasts_10x_caged_4_class,20240905_u87-adhered_10x_caged_4_class"
20260316_a549-tomm20-gfp-adhered_10x_caged_at_4x_4_class,test_ds,0.723,lora_r32_0.05_2024-u87,"20240516_DC-adhered_10x_caged_4_class,20240422_neuron-adhered_10x_uncaged_4_class,20240703_neuron-adhered_10x_caged_4_class,20260316_a549-tomm20-gfp-adhered_10x_caged_at_4x_4_class,231212_imr90_multichannel_overlay_4_class,20250227_preadipocytes-adhered_10x_caged_4_class,20240624_mc38_10x_uncaged_4_class,20240509_Hs675Tfibroblasts_10x_caged_4_class,20240905_u87-adhered_10x_caged_4_class"
231212_imr90_multichannel_overlay_4_class,test_ds,0.771,lora_r32_0.05_2024-u87,"20240516_DC-adhered_10x_caged_4_class,20240422_neuron-adhered_10x_uncaged_4_class,20240703_neuron-adhered_10x_caged_4_class,20260316_a549-tomm20-gfp-adhered_10x_caged_at_4x_4_class,231212_imr90_multichannel_overlay_4_class,20250227_preadipocytes-adhered_10x_caged_4_class,20240624_mc38_10x_uncaged_4_class,20240509_Hs675Tfibroblasts_10x_caged_4_class,20240905_u87-adhered_10x_caged_4_class"
240213_imr90_multichannel_overlay_4_class,test_ds,0.572,lora_r32_0.05_2024-u87,"20240516_DC-adhered_10x_caged_4_class,20240422_neuron-adhered_10x_uncaged_4_class,20240703_neuron-adhered_10x_caged_4_class,20260316_a549-tomm20-gfp-adhered_10x_caged_at_4x_4_class,231212_imr90_multichannel_overlay_4_class,20250227_preadipocytes-adhered_10x_caged_4_class,20240624_mc38_10x_uncaged_4_class,20240509_Hs675Tfibroblasts_10x_caged_4_class,20240905_u87-adhered_10x_caged_4_class"
20240516_DC-adhered_10x_caged_4_class,train_ds,0.706,lora_r32_0.1_2024-u87,"20240516_DC-adhered_10x_caged_4_class,20240422_neuron-adhered_10x_uncaged_4_class,20240703_neuron-adhered_10x_caged_4_class,20260316_a549-tomm20-gfp-adhered_10x_caged_at_4x_4_class,231212_imr90_multichannel_overlay_4_class,20250227_preadipocytes-adhered_10x_caged_4_class,20240624_mc38_10x_uncaged_4_class,20240509_Hs675Tfibroblasts_10x_caged_4_class,20240905_u87-adhered_10x_caged_4_class"
20240422_neuron-adhered_10x_uncaged_4_class,train_ds,0.553,lora_r32_0.1_2024-u87,"20240516_DC-adhered_10x_caged_4_class,20240422_neuron-adhered_10x_uncaged_4_class,20240703_neuron-adhered_10x_caged_4_class,20260316_a549-tomm20-gfp-adhered_10x_caged_at_4x_4_class,231212_imr90_multichannel_overlay_4_class,20250227_preadipocytes-adhered_10x_caged_4_class,20240624_mc38_10x_uncaged_4_class,20240509_Hs675Tfibroblasts_10x_caged_4_class,20240905_u87-adhered_10x_caged_4_class"
20240703_neuron-adhered_10x_caged_4_class,train_ds,0.63,lora_r32_0.1_2024-u87,"20240516_DC-adhered_10x_caged_4_class,20240422_neuron-adhered_10x_uncaged_4_class,20240703_neuron-adhered_10x_caged_4_class,20260316_a549-tomm20-gfp-adhered_10x_caged_at_4x_4_class,231212_imr90_multichannel_overlay_4_class,20250227_preadipocytes-adhered_10x_caged_4_class,20240624_mc38_10x_uncaged_4_class,20240509_Hs675Tfibroblasts_10x_caged_4_class,20240905_u87-adhered_10x_caged_4_class"
20260316_a549-tomm20-gfp-adhered_10x_caged_at_4x_4_class,train_ds,0.72,lora_r32_0.1_2024-u87,"20240516_DC-adhered_10x_caged_4_class,20240422_neuron-adhered_10x_uncaged_4_class,20240703_neuron-adhered_10x_caged_4_class,20260316_a549-tomm20-gfp-adhered_10x_caged_at_4x_4_class,231212_imr90_multichannel_overlay_4_class,20250227_preadipocytes-adhered_10x_caged_4_class,20240624_mc38_10x_uncaged_4_class,20240509_Hs675Tfibroblasts_10x_caged_4_class,20240905_u87-adhered_10x_caged_4_class"
231212_imr90_multichannel_overlay_4_class,train_ds,0.767,lora_r32_0.1_2024-u87,"20240516_DC-adhered_10x_caged_4_class,20240422_neuron-adhered_10x_uncaged_4_class,20240703_neuron-adhered_10x_caged_4_class,20260316_a549-tomm20-gfp-adhered_10x_caged_at_4x_4_class,231212_imr90_multichannel_overlay_4_class,20250227_preadipocytes-adhered_10x_caged_4_class,20240624_mc38_10x_uncaged_4_class,20240509_Hs675Tfibroblasts_10x_caged_4_class,20240905_u87-adhered_10x_caged_4_class"
20250227_preadipocytes-adhered_10x_caged_4_class,train_ds,0.502,lora_r32_0.1_2024-u87,"20240516_DC-adhered_10x_caged_4_class,20240422_neuron-adhered_10x_uncaged_4_class,20240703_neuron-adhered_10x_caged_4_class,20260316_a549-tomm20-gfp-adhered_10x_caged_at_4x_4_class,231212_imr90_multichannel_overlay_4_class,20250227_preadipocytes-adhered_10x_caged_4_class,20240624_mc38_10x_uncaged_4_class,20240509_Hs675Tfibroblasts_10x_caged_4_class,20240905_u87-adhered_10x_caged_4_class"
20240624_mc38_10x_uncaged_4_class,train_ds,0.714,lora_r32_0.1_2024-u87,"20240516_DC-adhered_10x_caged_4_class,20240422_neuron-adhered_10x_uncaged_4_class,20240703_neuron-adhered_10x_caged_4_class,20260316_a549-tomm20-gfp-adhered_10x_caged_at_4x_4_class,231212_imr90_multichannel_overlay_4_class,20250227_preadipocytes-adhered_10x_caged_4_class,20240624_mc38_10x_uncaged_4_class,20240509_Hs675Tfibroblasts_10x_caged_4_class,20240905_u87-adhered_10x_caged_4_class"
20240509_Hs675Tfibroblasts_10x_caged_4_class,train_ds,0.676,lora_r32_0.1_2024-u87,"20240516_DC-adhered_10x_caged_4_class,20240422_neuron-adhered_10x_uncaged_4_class,20240703_neuron-adhered_10x_caged_4_class,20260316_a549-tomm20-gfp-adhered_10x_caged_at_4x_4_class,231212_imr90_multichannel_overlay_4_class,20250227_preadipocytes-adhered_10x_caged_4_class,20240624_mc38_10x_uncaged_4_class,20240509_Hs675Tfibroblasts_10x_caged_4_class,20240905_u87-adhered_10x_caged_4_class"
20240905_u87-adhered_10x_caged_4_class,train_ds,0.595,lora_r32_0.1_2024-u87,"20240516_DC-adhered_10x_caged_4_class,20240422_neuron-adhered_10x_uncaged_4_class,20240703_neuron-adhered_10x_caged_4_class,20260316_a549-tomm20-gfp-adhered_10x_caged_at_4x_4_class,231212_imr90_multichannel_overlay_4_class,20250227_preadipocytes-adhered_10x_caged_4_class,20240624_mc38_10x_uncaged_4_class,20240509_Hs675Tfibroblasts_10x_caged_4_class,20240905_u87-adhered_10x_caged_4_class"
20240422_neuron-adhered_10x_uncaged_4_class,test_ds,0.553,lora_r32_0.1_2024-u87,"20240516_DC-adhered_10x_caged_4_class,20240422_neuron-adhered_10x_uncaged_4_class,20240703_neuron-adhered_10x_caged_4_class,20260316_a549-tomm20-gfp-adhered_10x_caged_at_4x_4_class,231212_imr90_multichannel_overlay_4_class,20250227_preadipocytes-adhered_10x_caged_4_class,20240624_mc38_10x_uncaged_4_class,20240509_Hs675Tfibroblasts_10x_caged_4_class,20240905_u87-adhered_10x_caged_4_class"
20240509_Hs675Tfibroblasts_10x_caged_4_class,test_ds,0.676,lora_r32_0.1_2024-u87,"20240516_DC-adhered_10x_caged_4_class,20240422_neuron-adhered_10x_uncaged_4_class,20240703_neuron-adhered_10x_caged_4_class,20260316_a549-tomm20-gfp-adhered_10x_caged_at_4x_4_class,231212_imr90_multichannel_overlay_4_class,20250227_preadipocytes-adhered_10x_caged_4_class,20240624_mc38_10x_uncaged_4_class,20240509_Hs675Tfibroblasts_10x_caged_4_class,20240905_u87-adhered_10x_caged_4_class"
20240509_hela-adhered_10x_caged_4_class,test_ds,0.543,lora_r32_0.1_2024-u87,"20240516_DC-adhered_10x_caged_4_class,20240422_neuron-adhered_10x_uncaged_4_class,20240703_neuron-adhered_10x_caged_4_class,20260316_a549-tomm20-gfp-adhered_10x_caged_at_4x_4_class,231212_imr90_multichannel_overlay_4_class,20250227_preadipocytes-adhered_10x_caged_4_class,20240624_mc38_10x_uncaged_4_class,20240509_Hs675Tfibroblasts_10x_caged_4_class,20240905_u87-adhered_10x_caged_4_class"
20240515_DC-adhered_10x_caged_4_class,test_ds,0.688,lora_r32_0.1_2024-u87,"20240516_DC-adhered_10x_caged_4_class,20240422_neuron-adhered_10x_uncaged_4_class,20240703_neuron-adhered_10x_caged_4_class,20260316_a549-tomm20-gfp-adhered_10x_caged_at_4x_4_class,231212_imr90_multichannel_overlay_4_class,20250227_preadipocytes-adhered_10x_caged_4_class,20240624_mc38_10x_uncaged_4_class,20240509_Hs675Tfibroblasts_10x_caged_4_class,20240905_u87-adhered_10x_caged_4_class"
20240516_DC-adhered_10x_caged_4_class,test_ds,0.706,lora_r32_0.1_2024-u87,"20240516_DC-adhered_10x_caged_4_class,20240422_neuron-adhered_10x_uncaged_4_class,20240703_neuron-adhered_10x_caged_4_class,20260316_a549-tomm20-gfp-adhered_10x_caged_at_4x_4_class,231212_imr90_multichannel_overlay_4_class,20250227_preadipocytes-adhered_10x_caged_4_class,20240624_mc38_10x_uncaged_4_class,20240509_Hs675Tfibroblasts_10x_caged_4_class,20240905_u87-adhered_10x_caged_4_class"
20240624_mc38_10x_caged_4_class,test_ds,0.608,lora_r32_0.1_2024-u87,"20240516_DC-adhered_10x_caged_4_class,20240422_neuron-adhered_10x_uncaged_4_class,20240703_neuron-adhered_10x_caged_4_class,20260316_a549-tomm20-gfp-adhered_10x_caged_at_4x_4_class,231212_imr90_multichannel_overlay_4_class,20250227_preadipocytes-adhered_10x_caged_4_class,20240624_mc38_10x_uncaged_4_class,20240509_Hs675Tfibroblasts_10x_caged_4_class,20240905_u87-adhered_10x_caged_4_class"
20240624_mc38_10x_uncaged_4_class,test_ds,0.714,lora_r32_0.1_2024-u87,"20240516_DC-adhered_10x_caged_4_class,20240422_neuron-adhered_10x_uncaged_4_class,20240703_neuron-adhered_10x_caged_4_class,20260316_a549-tomm20-gfp-adhered_10x_caged_at_4x_4_class,231212_imr90_multichannel_overlay_4_class,20250227_preadipocytes-adhered_10x_caged_4_class,20240624_mc38_10x_uncaged_4_class,20240509_Hs675Tfibroblasts_10x_caged_4_class,20240905_u87-adhered_10x_caged_4_class"
20240625_mc38_10x_caged_4_class,test_ds,0.584,lora_r32_0.1_2024-u87,"20240516_DC-adhered_10x_caged_4_class,20240422_neuron-adhered_10x_uncaged_4_class,20240703_neuron-adhered_10x_caged_4_class,20260316_a549-tomm20-gfp-adhered_10x_caged_at_4x_4_class,231212_imr90_multichannel_overlay_4_class,20250227_preadipocytes-adhered_10x_caged_4_class,20240624_mc38_10x_uncaged_4_class,20240509_Hs675Tfibroblasts_10x_caged_4_class,20240905_u87-adhered_10x_caged_4_class"
20240703_neuron-adhered_10x_caged_4_class,test_ds,0.63,lora_r32_0.1_2024-u87,"20240516_DC-adhered_10x_caged_4_class,20240422_neuron-adhered_10x_uncaged_4_class,20240703_neuron-adhered_10x_caged_4_class,20260316_a549-tomm20-gfp-adhered_10x_caged_at_4x_4_class,231212_imr90_multichannel_overlay_4_class,20250227_preadipocytes-adhered_10x_caged_4_class,20240624_mc38_10x_uncaged_4_class,20240509_Hs675Tfibroblasts_10x_caged_4_class,20240905_u87-adhered_10x_caged_4_class"
20240704_neuron-adhered_10x_caged_4_class,test_ds,0.605,lora_r32_0.1_2024-u87,"20240516_DC-adhered_10x_caged_4_class,20240422_neuron-adhered_10x_uncaged_4_class,20240703_neuron-adhered_10x_caged_4_class,20260316_a549-tomm20-gfp-adhered_10x_caged_at_4x_4_class,231212_imr90_multichannel_overlay_4_class,20250227_preadipocytes-adhered_10x_caged_4_class,20240624_mc38_10x_uncaged_4_class,20240509_Hs675Tfibroblasts_10x_caged_4_class,20240905_u87-adhered_10x_caged_4_class"
20240905_u87-adhered_10x_caged_4_class,test_ds,0.595,lora_r32_0.1_2024-u87,"20240516_DC-adhered_10x_caged_4_class,20240422_neuron-adhered_10x_uncaged_4_class,20240703_neuron-adhered_10x_caged_4_class,20260316_a549-tomm20-gfp-adhered_10x_caged_at_4x_4_class,231212_imr90_multichannel_overlay_4_class,20250227_preadipocytes-adhered_10x_caged_4_class,20240624_mc38_10x_uncaged_4_class,20240509_Hs675Tfibroblasts_10x_caged_4_class,20240905_u87-adhered_10x_caged_4_class"
20240924_enteric-glia-adhered_10x_uncaged_4_class,test_ds,0.715,lora_r32_0.1_2024-u87,"20240516_DC-adhered_10x_caged_4_class,20240422_neuron-adhered_10x_uncaged_4_class,20240703_neuron-adhered_10x_caged_4_class,20260316_a549-tomm20-gfp-adhered_10x_caged_at_4x_4_class,231212_imr90_multichannel_overlay_4_class,20250227_preadipocytes-adhered_10x_caged_4_class,20240624_mc38_10x_uncaged_4_class,20240509_Hs675Tfibroblasts_10x_caged_4_class,20240905_u87-adhered_10x_caged_4_class"
20241212_preadipocytes-adhered_10x_uncaged_4_class,test_ds,0.355,lora_r32_0.1_2024-u87,"20240516_DC-adhered_10x_caged_4_class,20240422_neuron-adhered_10x_uncaged_4_class,20240703_neuron-adhered_10x_caged_4_class,20260316_a549-tomm20-gfp-adhered_10x_caged_at_4x_4_class,231212_imr90_multichannel_overlay_4_class,20250227_preadipocytes-adhered_10x_caged_4_class,20240624_mc38_10x_uncaged_4_class,20240509_Hs675Tfibroblasts_10x_caged_4_class,20240905_u87-adhered_10x_caged_4_class"
20250108_neuron-adhered_10x_uncaged_4_class,test_ds,0.325,lora_r32_0.1_2024-u87,"20240516_DC-adhered_10x_caged_4_class,20240422_neuron-adhered_10x_uncaged_4_class,20240703_neuron-adhered_10x_caged_4_class,20260316_a549-tomm20-gfp-adhered_10x_caged_at_4x_4_class,231212_imr90_multichannel_overlay_4_class,20250227_preadipocytes-adhered_10x_caged_4_class,20240624_mc38_10x_uncaged_4_class,20240509_Hs675Tfibroblasts_10x_caged_4_class,20240905_u87-adhered_10x_caged_4_class"
20250227_preadipocytes-adhered_10x_caged_4_class,test_ds,0.502,lora_r32_0.1_2024-u87,"20240516_DC-adhered_10x_caged_4_class,20240422_neuron-adhered_10x_uncaged_4_class,20240703_neuron-adhered_10x_caged_4_class,20260316_a549-tomm20-gfp-adhered_10x_caged_at_4x_4_class,231212_imr90_multichannel_overlay_4_class,20250227_preadipocytes-adhered_10x_caged_4_class,20240624_mc38_10x_uncaged_4_class,20240509_Hs675Tfibroblasts_10x_caged_4_class,20240905_u87-adhered_10x_caged_4_class"
20250305_neuron-adhered_10x_uncaged_4_class,test_ds,0.471,lora_r32_0.1_2024-u87,"20240516_DC-adhered_10x_caged_4_class,20240422_neuron-adhered_10x_uncaged_4_class,20240703_neuron-adhered_10x_caged_4_class,20260316_a549-tomm20-gfp-adhered_10x_caged_at_4x_4_class,231212_imr90_multichannel_overlay_4_class,20250227_preadipocytes-adhered_10x_caged_4_class,20240624_mc38_10x_uncaged_4_class,20240509_Hs675Tfibroblasts_10x_caged_4_class,20240905_u87-adhered_10x_caged_4_class"
20250820_c8d1a_astrocytes-adherent_10x_caged_4_class,test_ds,0.501,lora_r32_0.1_2024-u87,"20240516_DC-adhered_10x_caged_4_class,20240422_neuron-adhered_10x_uncaged_4_class,20240703_neuron-adhered_10x_caged_4_class,20260316_a549-tomm20-gfp-adhered_10x_caged_at_4x_4_class,231212_imr90_multichannel_overlay_4_class,20250227_preadipocytes-adhered_10x_caged_4_class,20240624_mc38_10x_uncaged_4_class,20240509_Hs675Tfibroblasts_10x_caged_4_class,20240905_u87-adhered_10x_caged_4_class"
20250917_moc22-adhered_10x_caged_4_class,test_ds,0.547,lora_r32_0.1_2024-u87,"20240516_DC-adhered_10x_caged_4_class,20240422_neuron-adhered_10x_uncaged_4_class,20240703_neuron-adhered_10x_caged_4_class,20260316_a549-tomm20-gfp-adhered_10x_caged_at_4x_4_class,231212_imr90_multichannel_overlay_4_class,20250227_preadipocytes-adhered_10x_caged_4_class,20240624_mc38_10x_uncaged_4_class,20240509_Hs675Tfibroblasts_10x_caged_4_class,20240905_u87-adhered_10x_caged_4_class"
20260316_a549-tomm20-gfp-adhered_10x_caged_at_4x_4_class,test_ds,0.72,lora_r32_0.1_2024-u87,"20240516_DC-adhered_10x_caged_4_class,20240422_neuron-adhered_10x_uncaged_4_class,20240703_neuron-adhered_10x_caged_4_class,20260316_a549-tomm20-gfp-adhered_10x_caged_at_4x_4_class,231212_imr90_multichannel_overlay_4_class,20250227_preadipocytes-adhered_10x_caged_4_class,20240624_mc38_10x_uncaged_4_class,20240509_Hs675Tfibroblasts_10x_caged_4_class,20240905_u87-adhered_10x_caged_4_class"
231212_imr90_multichannel_overlay_4_class,test_ds,0.767,lora_r32_0.1_2024-u87,"20240516_DC-adhered_10x_caged_4_class,20240422_neuron-adhered_10x_uncaged_4_class,20240703_neuron-adhered_10x_caged_4_class,20260316_a549-tomm20-gfp-adhered_10x_caged_at_4x_4_class,231212_imr90_multichannel_overlay_4_class,20250227_preadipocytes-adhered_10x_caged_4_class,20240624_mc38_10x_uncaged_4_class,20240509_Hs675Tfibroblasts_10x_caged_4_class,20240905_u87-adhered_10x_caged_4_class"
240213_imr90_multichannel_overlay_4_class,test_ds,0.581,lora_r32_0.1_2024-u87,"20240516_DC-adhered_10x_caged_4_class,20240422_neuron-adhered_10x_uncaged_4_class,20240703_neuron-adhered_10x_caged_4_class,20260316_a549-tomm20-gfp-adhered_10x_caged_at_4x_4_class,231212_imr90_multichannel_overlay_4_class,20250227_preadipocytes-adhered_10x_caged_4_class,20240624_mc38_10x_uncaged_4_class,20240509_Hs675Tfibroblasts_10x_caged_4_class,20240905_u87-adhered_10x_caged_4_class"
20240516_DC-adhered_10x_caged_4_class,train_ds,0.699,lora_r32_0.25_2024-u87,"20240516_DC-adhered_10x_caged_4_class,20240422_neuron-adhered_10x_uncaged_4_class,20240703_neuron-adhered_10x_caged_4_class,20260316_a549-tomm20-gfp-adhered_10x_caged_at_4x_4_class,231212_imr90_multichannel_overlay_4_class,20250227_preadipocytes-adhered_10x_caged_4_class,20240624_mc38_10x_uncaged_4_class,20240509_Hs675Tfibroblasts_10x_caged_4_class,20240905_u87-adhered_10x_caged_4_class"
20240422_neuron-adhered_10x_uncaged_4_class,train_ds,0.551,lora_r32_0.25_2024-u87,"20240516_DC-adhered_10x_caged_4_class,20240422_neuron-adhered_10x_uncaged_4_class,20240703_neuron-adhered_10x_caged_4_class,20260316_a549-tomm20-gfp-adhered_10x_caged_at_4x_4_class,231212_imr90_multichannel_overlay_4_class,20250227_preadipocytes-adhered_10x_caged_4_class,20240624_mc38_10x_uncaged_4_class,20240509_Hs675Tfibroblasts_10x_caged_4_class,20240905_u87-adhered_10x_caged_4_class"
20240703_neuron-adhered_10x_caged_4_class,train_ds,0.605,lora_r32_0.25_2024-u87,"20240516_DC-adhered_10x_caged_4_class,20240422_neuron-adhered_10x_uncaged_4_class,20240703_neuron-adhered_10x_caged_4_class,20260316_a549-tomm20-gfp-adhered_10x_caged_at_4x_4_class,231212_imr90_multichannel_overlay_4_class,20250227_preadipocytes-adhered_10x_caged_4_class,20240624_mc38_10x_uncaged_4_class,20240509_Hs675Tfibroblasts_10x_caged_4_class,20240905_u87-adhered_10x_caged_4_class"
20260316_a549-tomm20-gfp-adhered_10x_caged_at_4x_4_class,train_ds,0.7,lora_r32_0.25_2024-u87,"20240516_DC-adhered_10x_caged_4_class,20240422_neuron-adhered_10x_uncaged_4_class,20240703_neuron-adhered_10x_caged_4_class,20260316_a549-tomm20-gfp-adhered_10x_caged_at_4x_4_class,231212_imr90_multichannel_overlay_4_class,20250227_preadipocytes-adhered_10x_caged_4_class,20240624_mc38_10x_uncaged_4_class,20240509_Hs675Tfibroblasts_10x_caged_4_class,20240905_u87-adhered_10x_caged_4_class"
231212_imr90_multichannel_overlay_4_class,train_ds,0.759,lora_r32_0.25_2024-u87,"20240516_DC-adhered_10x_caged_4_class,20240422_neuron-adhered_10x_uncaged_4_class,20240703_neuron-adhered_10x_caged_4_class,20260316_a549-tomm20-gfp-adhered_10x_caged_at_4x_4_class,231212_imr90_multichannel_overlay_4_class,20250227_preadipocytes-adhered_10x_caged_4_class,20240624_mc38_10x_uncaged_4_class,20240509_Hs675Tfibroblasts_10x_caged_4_class,20240905_u87-adhered_10x_caged_4_class"
20250227_preadipocytes-adhered_10x_caged_4_class,train_ds,0.487,lora_r32_0.25_2024-u87,"20240516_DC-adhered_10x_caged_4_class,20240422_neuron-adhered_10x_uncaged_4_class,20240703_neuron-adhered_10x_caged_4_class,20260316_a549-tomm20-gfp-adhered_10x_caged_at_4x_4_class,231212_imr90_multichannel_overlay_4_class,20250227_preadipocytes-adhered_10x_caged_4_class,20240624_mc38_10x_uncaged_4_class,20240509_Hs675Tfibroblasts_10x_caged_4_class,20240905_u87-adhered_10x_caged_4_class"
20240624_mc38_10x_uncaged_4_class,train_ds,0.71,lora_r32_0.25_2024-u87,"20240516_DC-adhered_10x_caged_4_class,20240422_neuron-adhered_10x_uncaged_4_class,20240703_neuron-adhered_10x_caged_4_class,20260316_a549-tomm20-gfp-adhered_10x_caged_at_4x_4_class,231212_imr90_multichannel_overlay_4_class,20250227_preadipocytes-adhered_10x_caged_4_class,20240624_mc38_10x_uncaged_4_class,20240509_Hs675Tfibroblasts_10x_caged_4_class,20240905_u87-adhered_10x_caged_4_class"
20240509_Hs675Tfibroblasts_10x_caged_4_class,train_ds,0.63,lora_r32_0.25_2024-u87,"20240516_DC-adhered_10x_caged_4_class,20240422_neuron-adhered_10x_uncaged_4_class,20240703_neuron-adhered_10x_caged_4_class,20260316_a549-tomm20-gfp-adhered_10x_caged_at_4x_4_class,231212_imr90_multichannel_overlay_4_class,20250227_preadipocytes-adhered_10x_caged_4_class,20240624_mc38_10x_uncaged_4_class,20240509_Hs675Tfibroblasts_10x_caged_4_class,20240905_u87-adhered_10x_caged_4_class"
20240905_u87-adhered_10x_caged_4_class,train_ds,0.638,lora_r32_0.25_2024-u87,"20240516_DC-adhered_10x_caged_4_class,20240422_neuron-adhered_10x_uncaged_4_class,20240703_neuron-adhered_10x_caged_4_class,20260316_a549-tomm20-gfp-adhered_10x_caged_at_4x_4_class,231212_imr90_multichannel_overlay_4_class,20250227_preadipocytes-adhered_10x_caged_4_class,20240624_mc38_10x_uncaged_4_class,20240509_Hs675Tfibroblasts_10x_caged_4_class,20240905_u87-adhered_10x_caged_4_class"
20240422_neuron-adhered_10x_uncaged_4_class,test_ds,0.551,lora_r32_0.25_2024-u87,"20240516_DC-adhered_10x_caged_4_class,20240422_neuron-adhered_10x_uncaged_4_class,20240703_neuron-adhered_10x_caged_4_class,20260316_a549-tomm20-gfp-adhered_10x_caged_at_4x_4_class,231212_imr90_multichannel_overlay_4_class,20250227_preadipocytes-adhered_10x_caged_4_class,20240624_mc38_10x_uncaged_4_class,20240509_Hs675Tfibroblasts_10x_caged_4_class,20240905_u87-adhered_10x_caged_4_class"
20240509_Hs675Tfibroblasts_10x_caged_4_class,test_ds,0.63,lora_r32_0.25_2024-u87,"20240516_DC-adhered_10x_caged_4_class,20240422_neuron-adhered_10x_uncaged_4_class,20240703_neuron-adhered_10x_caged_4_class,20260316_a549-tomm20-gfp-adhered_10x_caged_at_4x_4_class,231212_imr90_multichannel_overlay_4_class,20250227_preadipocytes-adhered_10x_caged_4_class,20240624_mc38_10x_uncaged_4_class,20240509_Hs675Tfibroblasts_10x_caged_4_class,20240905_u87-adhered_10x_caged_4_class"
20240509_hela-adhered_10x_caged_4_class,test_ds,0.518,lora_r32_0.25_2024-u87,"20240516_DC-adhered_10x_caged_4_class,20240422_neuron-adhered_10x_uncaged_4_class,20240703_neuron-adhered_10x_caged_4_class,20260316_a549-tomm20-gfp-adhered_10x_caged_at_4x_4_class,231212_imr90_multichannel_overlay_4_class,20250227_preadipocytes-adhered_10x_caged_4_class,20240624_mc38_10x_uncaged_4_class,20240509_Hs675Tfibroblasts_10x_caged_4_class,20240905_u87-adhered_10x_caged_4_class"
20240515_DC-adhered_10x_caged_4_class,test_ds,0.686,lora_r32_0.25_2024-u87,"20240516_DC-adhered_10x_caged_4_class,20240422_neuron-adhered_10x_uncaged_4_class,20240703_neuron-adhered_10x_caged_4_class,20260316_a549-tomm20-gfp-adhered_10x_caged_at_4x_4_class,231212_imr90_multichannel_overlay_4_class,20250227_preadipocytes-adhered_10x_caged_4_class,20240624_mc38_10x_uncaged_4_class,20240509_Hs675Tfibroblasts_10x_caged_4_class,20240905_u87-adhered_10x_caged_4_class"
20240516_DC-adhered_10x_caged_4_class,test_ds,0.699,lora_r32_0.25_2024-u87,"20240516_DC-adhered_10x_caged_4_class,20240422_neuron-adhered_10x_uncaged_4_class,20240703_neuron-adhered_10x_caged_4_class,20260316_a549-tomm20-gfp-adhered_10x_caged_at_4x_4_class,231212_imr90_multichannel_overlay_4_class,20250227_preadipocytes-adhered_10x_caged_4_class,20240624_mc38_10x_uncaged_4_class,20240509_Hs675Tfibroblasts_10x_caged_4_class,20240905_u87-adhered_10x_caged_4_class"
20240624_mc38_10x_caged_4_class,test_ds,0.621,lora_r32_0.25_2024-u87,"20240516_DC-adhered_10x_caged_4_class,20240422_neuron-adhered_10x_uncaged_4_class,20240703_neuron-adhered_10x_caged_4_class,20260316_a549-tomm20-gfp-adhered_10x_caged_at_4x_4_class,231212_imr90_multichannel_overlay_4_class,20250227_preadipocytes-adhered_10x_caged_4_class,20240624_mc38_10x_uncaged_4_class,20240509_Hs675Tfibroblasts_10x_caged_4_class,20240905_u87-adhered_10x_caged_4_class"
20240624_mc38_10x_uncaged_4_class,test_ds,0.71,lora_r32_0.25_2024-u87,"20240516_DC-adhered_10x_caged_4_class,20240422_neuron-adhered_10x_uncaged_4_class,20240703_neuron-adhered_10x_caged_4_class,20260316_a549-tomm20-gfp-adhered_10x_caged_at_4x_4_class,231212_imr90_multichannel_overlay_4_class,20250227_preadipocytes-adhered_10x_caged_4_class,20240624_mc38_10x_uncaged_4_class,20240509_Hs675Tfibroblasts_10x_caged_4_class,20240905_u87-adhered_10x_caged_4_class"
20240625_mc38_10x_caged_4_class,test_ds,0.575,lora_r32_0.25_2024-u87,"20240516_DC-adhered_10x_caged_4_class,20240422_neuron-adhered_10x_uncaged_4_class,20240703_neuron-adhered_10x_caged_4_class,20260316_a549-tomm20-gfp-adhered_10x_caged_at_4x_4_class,231212_imr90_multichannel_overlay_4_class,20250227_preadipocytes-adhered_10x_caged_4_class,20240624_mc38_10x_uncaged_4_class,20240509_Hs675Tfibroblasts_10x_caged_4_class,20240905_u87-adhered_10x_caged_4_class"
20240703_neuron-adhered_10x_caged_4_class,test_ds,0.605,lora_r32_0.25_2024-u87,"20240516_DC-adhered_10x_caged_4_class,20240422_neuron-adhered_10x_uncaged_4_class,20240703_neuron-adhered_10x_caged_4_class,20260316_a549-tomm20-gfp-adhered_10x_caged_at_4x_4_class,231212_imr90_multichannel_overlay_4_class,20250227_preadipocytes-adhered_10x_caged_4_class,20240624_mc38_10x_uncaged_4_class,20240509_Hs675Tfibroblasts_10x_caged_4_class,20240905_u87-adhered_10x_caged_4_class"
20240704_neuron-adhered_10x_caged_4_class,test_ds,0.572,lora_r32_0.25_2024-u87,"20240516_DC-adhered_10x_caged_4_class,20240422_neuron-adhered_10x_uncaged_4_class,20240703_neuron-adhered_10x_caged_4_class,20260316_a549-tomm20-gfp-adhered_10x_caged_at_4x_4_class,231212_imr90_multichannel_overlay_4_class,20250227_preadipocytes-adhered_10x_caged_4_class,20240624_mc38_10x_uncaged_4_class,20240509_Hs675Tfibroblasts_10x_caged_4_class,20240905_u87-adhered_10x_caged_4_class"
20240905_u87-adhered_10x_caged_4_class,test_ds,0.638,lora_r32_0.25_2024-u87,"20240516_DC-adhered_10x_caged_4_class,20240422_neuron-adhered_10x_uncaged_4_class,20240703_neuron-adhered_10x_caged_4_class,20260316_a549-tomm20-gfp-adhered_10x_caged_at_4x_4_class,231212_imr90_multichannel_overlay_4_class,20250227_preadipocytes-adhered_10x_caged_4_class,20240624_mc38_10x_uncaged_4_class,20240509_Hs675Tfibroblasts_10x_caged_4_class,20240905_u87-adhered_10x_caged_4_class"
20240924_enteric-glia-adhered_10x_uncaged_4_class,test_ds,0.746,lora_r32_0.25_2024-u87,"20240516_DC-adhered_10x_caged_4_class,20240422_neuron-adhered_10x_uncaged_4_class,20240703_neuron-adhered_10x_caged_4_class,20260316_a549-tomm20-gfp-adhered_10x_caged_at_4x_4_class,231212_imr90_multichannel_overlay_4_class,20250227_preadipocytes-adhered_10x_caged_4_class,20240624_mc38_10x_uncaged_4_class,20240509_Hs675Tfibroblasts_10x_caged_4_class,20240905_u87-adhered_10x_caged_4_class"
20241212_preadipocytes-adhered_10x_uncaged_4_class,test_ds,0.348,lora_r32_0.25_2024-u87,"20240516_DC-adhered_10x_caged_4_class,20240422_neuron-adhered_10x_uncaged_4_class,20240703_neuron-adhered_10x_caged_4_class,20260316_a549-tomm20-gfp-adhered_10x_caged_at_4x_4_class,231212_imr90_multichannel_overlay_4_class,20250227_preadipocytes-adhered_10x_caged_4_class,20240624_mc38_10x_uncaged_4_class,20240509_Hs675Tfibroblasts_10x_caged_4_class,20240905_u87-adhered_10x_caged_4_class"
20250108_neuron-adhered_10x_uncaged_4_class,test_ds,0.335,lora_r32_0.25_2024-u87,"20240516_DC-adhered_10x_caged_4_class,20240422_neuron-adhered_10x_uncaged_4_class,20240703_neuron-adhered_10x_caged_4_class,20260316_a549-tomm20-gfp-adhered_10x_caged_at_4x_4_class,231212_imr90_multichannel_overlay_4_class,20250227_preadipocytes-adhered_10x_caged_4_class,20240624_mc38_10x_uncaged_4_class,20240509_Hs675Tfibroblasts_10x_caged_4_class,20240905_u87-adhered_10x_caged_4_class"
20250227_preadipocytes-adhered_10x_caged_4_class,test_ds,0.487,lora_r32_0.25_2024-u87,"20240516_DC-adhered_10x_caged_4_class,20240422_neuron-adhered_10x_uncaged_4_class,20240703_neuron-adhered_10x_caged_4_class,20260316_a549-tomm20-gfp-adhered_10x_caged_at_4x_4_class,231212_imr90_multichannel_overlay_4_class,20250227_preadipocytes-adhered_10x_caged_4_class,20240624_mc38_10x_uncaged_4_class,20240509_Hs675Tfibroblasts_10x_caged_4_class,20240905_u87-adhered_10x_caged_4_class"
20250305_neuron-adhered_10x_uncaged_4_class,test_ds,0.386,lora_r32_0.25_2024-u87,"20240516_DC-adhered_10x_caged_4_class,20240422_neuron-adhered_10x_uncaged_4_class,20240703_neuron-adhered_10x_caged_4_class,20260316_a549-tomm20-gfp-adhered_10x_caged_at_4x_4_class,231212_imr90_multichannel_overlay_4_class,20250227_preadipocytes-adhered_10x_caged_4_class,20240624_mc38_10x_uncaged_4_class,20240509_Hs675Tfibroblasts_10x_caged_4_class,20240905_u87-adhered_10x_caged_4_class"
20250820_c8d1a_astrocytes-adherent_10x_caged_4_class,test_ds,0.478,lora_r32_0.25_2024-u87,"20240516_DC-adhered_10x_caged_4_class,20240422_neuron-adhered_10x_uncaged_4_class,20240703_neuron-adhered_10x_caged_4_class,20260316_a549-tomm20-gfp-adhered_10x_caged_at_4x_4_class,231212_imr90_multichannel_overlay_4_class,20250227_preadipocytes-adhered_10x_caged_4_class,20240624_mc38_10x_uncaged_4_class,20240509_Hs675Tfibroblasts_10x_caged_4_class,20240905_u87-adhered_10x_caged_4_class"
20250917_moc22-adhered_10x_caged_4_class,test_ds,0.527,lora_r32_0.25_2024-u87,"20240516_DC-adhered_10x_caged_4_class,20240422_neuron-adhered_10x_uncaged_4_class,20240703_neuron-adhered_10x_caged_4_class,20260316_a549-tomm20-gfp-adhered_10x_caged_at_4x_4_class,231212_imr90_multichannel_overlay_4_class,20250227_preadipocytes-adhered_10x_caged_4_class,20240624_mc38_10x_uncaged_4_class,20240509_Hs675Tfibroblasts_10x_caged_4_class,20240905_u87-adhered_10x_caged_4_class"
20260316_a549-tomm20-gfp-adhered_10x_caged_at_4x_4_class,test_ds,0.7,lora_r32_0.25_2024-u87,"20240516_DC-adhered_10x_caged_4_class,20240422_neuron-adhered_10x_uncaged_4_class,20240703_neuron-adhered_10x_caged_4_class,20260316_a549-tomm20-gfp-adhered_10x_caged_at_4x_4_class,231212_imr90_multichannel_overlay_4_class,20250227_preadipocytes-adhered_10x_caged_4_class,20240624_mc38_10x_uncaged_4_class,20240509_Hs675Tfibroblasts_10x_caged_4_class,20240905_u87-adhered_10x_caged_4_class"
231212_imr90_multichannel_overlay_4_class,test_ds,0.759,lora_r32_0.25_2024-u87,"20240516_DC-adhered_10x_caged_4_class,20240422_neuron-adhered_10x_uncaged_4_class,20240703_neuron-adhered_10x_caged_4_class,20260316_a549-tomm20-gfp-adhered_10x_caged_at_4x_4_class,231212_imr90_multichannel_overlay_4_class,20250227_preadipocytes-adhered_10x_caged_4_class,20240624_mc38_10x_uncaged_4_class,20240509_Hs675Tfibroblasts_10x_caged_4_class,20240905_u87-adhered_10x_caged_4_class"
240213_imr90_multichannel_overlay_4_class,test_ds,0.601,lora_r32_0.25_2024-u87,"20240516_DC-adhered_10x_caged_4_class,20240422_neuron-adhered_10x_uncaged_4_class,20240703_neuron-adhered_10x_caged_4_class,20260316_a549-tomm20-gfp-adhered_10x_caged_at_4x_4_class,231212_imr90_multichannel_overlay_4_class,20250227_preadipocytes-adhered_10x_caged_4_class,20240624_mc38_10x_uncaged_4_class,20240509_Hs675Tfibroblasts_10x_caged_4_class,20240905_u87-adhered_10x_caged_4_class"
20240516_DC-adhered_10x_caged_4_class,train_ds,0.697,lora_r32_0.5_2024-u87,"20240516_DC-adhered_10x_caged_4_class,20240422_neuron-adhered_10x_uncaged_4_class,20240703_neuron-adhered_10x_caged_4_class,20260316_a549-tomm20-gfp-adhered_10x_caged_at_4x_4_class,231212_imr90_multichannel_overlay_4_class,20250227_preadipocytes-adhered_10x_caged_4_class,20240624_mc38_10x_uncaged_4_class,20240509_Hs675Tfibroblasts_10x_caged_4_class,20240905_u87-adhered_10x_caged_4_class"
20240422_neuron-adhered_10x_uncaged_4_class,train_ds,0.551,lora_r32_0.5_2024-u87,"20240516_DC-adhered_10x_caged_4_class,20240422_neuron-adhered_10x_uncaged_4_class,20240703_neuron-adhered_10x_caged_4_class,20260316_a549-tomm20-gfp-adhered_10x_caged_at_4x_4_class,231212_imr90_multichannel_overlay_4_class,20250227_preadipocytes-adhered_10x_caged_4_class,20240624_mc38_10x_uncaged_4_class,20240509_Hs675Tfibroblasts_10x_caged_4_class,20240905_u87-adhered_10x_caged_4_class"
20240703_neuron-adhered_10x_caged_4_class,train_ds,0.605,lora_r32_0.5_2024-u87,"20240516_DC-adhered_10x_caged_4_class,20240422_neuron-adhered_10x_uncaged_4_class,20240703_neuron-adhered_10x_caged_4_class,20260316_a549-tomm20-gfp-adhered_10x_caged_at_4x_4_class,231212_imr90_multichannel_overlay_4_class,20250227_preadipocytes-adhered_10x_caged_4_class,20240624_mc38_10x_uncaged_4_class,20240509_Hs675Tfibroblasts_10x_caged_4_class,20240905_u87-adhered_10x_caged_4_class"
20260316_a549-tomm20-gfp-adhered_10x_caged_at_4x_4_class,train_ds,0.692,lora_r32_0.5_2024-u87,"20240516_DC-adhered_10x_caged_4_class,20240422_neuron-adhered_10x_uncaged_4_class,20240703_neuron-adhered_10x_caged_4_class,20260316_a549-tomm20-gfp-adhered_10x_caged_at_4x_4_class,231212_imr90_multichannel_overlay_4_class,20250227_preadipocytes-adhered_10x_caged_4_class,20240624_mc38_10x_uncaged_4_class,20240509_Hs675Tfibroblasts_10x_caged_4_class,20240905_u87-adhered_10x_caged_4_class"
231212_imr90_multichannel_overlay_4_class,train_ds,0.751,lora_r32_0.5_2024-u87,"20240516_DC-adhered_10x_caged_4_class,20240422_neuron-adhered_10x_uncaged_4_class,20240703_neuron-adhered_10x_caged_4_class,20260316_a549-tomm20-gfp-adhered_10x_caged_at_4x_4_class,231212_imr90_multichannel_overlay_4_class,20250227_preadipocytes-adhered_10x_caged_4_class,20240624_mc38_10x_uncaged_4_class,20240509_Hs675Tfibroblasts_10x_caged_4_class,20240905_u87-adhered_10x_caged_4_class"
20250227_preadipocytes-adhered_10x_caged_4_class,train_ds,0.479,lora_r32_0.5_2024-u87,"20240516_DC-adhered_10x_caged_4_class,20240422_neuron-adhered_10x_uncaged_4_class,20240703_neuron-adhered_10x_caged_4_class,20260316_a549-tomm20-gfp-adhered_10x_caged_at_4x_4_class,231212_imr90_multichannel_overlay_4_class,20250227_preadipocytes-adhered_10x_caged_4_class,20240624_mc38_10x_uncaged_4_class,20240509_Hs675Tfibroblasts_10x_caged_4_class,20240905_u87-adhered_10x_caged_4_class"
20240624_mc38_10x_uncaged_4_class,train_ds,0.708,lora_r32_0.5_2024-u87,"20240516_DC-adhered_10x_caged_4_class,20240422_neuron-adhered_10x_uncaged_4_class,20240703_neuron-adhered_10x_caged_4_class,20260316_a549-tomm20-gfp-adhered_10x_caged_at_4x_4_class,231212_imr90_multichannel_overlay_4_class,20250227_preadipocytes-adhered_10x_caged_4_class,20240624_mc38_10x_uncaged_4_class,20240509_Hs675Tfibroblasts_10x_caged_4_class,20240905_u87-adhered_10x_caged_4_class"
20240509_Hs675Tfibroblasts_10x_caged_4_class,train_ds,0.601,lora_r32_0.5_2024-u87,"20240516_DC-adhered_10x_caged_4_class,20240422_neuron-adhered_10x_uncaged_4_class,20240703_neuron-adhered_10x_caged_4_class,20260316_a549-tomm20-gfp-adhered_10x_caged_at_4x_4_class,231212_imr90_multichannel_overlay_4_class,20250227_preadipocytes-adhered_10x_caged_4_class,20240624_mc38_10x_uncaged_4_class,20240509_Hs675Tfibroblasts_10x_caged_4_class,20240905_u87-adhered_10x_caged_4_class"
20240905_u87-adhered_10x_caged_4_class,train_ds,0.646,lora_r32_0.5_2024-u87,"20240516_DC-adhered_10x_caged_4_class,20240422_neuron-adhered_10x_uncaged_4_class,20240703_neuron-adhered_10x_caged_4_class,20260316_a549-tomm20-gfp-adhered_10x_caged_at_4x_4_class,231212_imr90_multichannel_overlay_4_class,20250227_preadipocytes-adhered_10x_caged_4_class,20240624_mc38_10x_uncaged_4_class,20240509_Hs675Tfibroblasts_10x_caged_4_class,20240905_u87-adhered_10x_caged_4_class"
20240422_neuron-adhered_10x_uncaged_4_class,test_ds,0.551,lora_r32_0.5_2024-u87,"20240516_DC-adhered_10x_caged_4_class,20240422_neuron-adhered_10x_uncaged_4_class,20240703_neuron-adhered_10x_caged_4_class,20260316_a549-tomm20-gfp-adhered_10x_caged_at_4x_4_class,231212_imr90_multichannel_overlay_4_class,20250227_preadipocytes-adhered_10x_caged_4_class,20240624_mc38_10x_uncaged_4_class,20240509_Hs675Tfibroblasts_10x_caged_4_class,20240905_u87-adhered_10x_caged_4_class"
20240509_Hs675Tfibroblasts_10x_caged_4_class,test_ds,0.601,lora_r32_0.5_2024-u87,"20240516_DC-adhered_10x_caged_4_class,20240422_neuron-adhered_10x_uncaged_4_class,20240703_neuron-adhered_10x_caged_4_class,20260316_a549-tomm20-gfp-adhered_10x_caged_at_4x_4_class,231212_imr90_multichannel_overlay_4_class,20250227_preadipocytes-adhered_10x_caged_4_class,20240624_mc38_10x_uncaged_4_class,20240509_Hs675Tfibroblasts_10x_caged_4_class,20240905_u87-adhered_10x_caged_4_class"
20240509_hela-adhered_10x_caged_4_class,test_ds,0.506,lora_r32_0.5_2024-u87,"20240516_DC-adhered_10x_caged_4_class,20240422_neuron-adhered_10x_uncaged_4_class,20240703_neuron-adhered_10x_caged_4_class,20260316_a549-tomm20-gfp-adhered_10x_caged_at_4x_4_class,231212_imr90_multichannel_overlay_4_class,20250227_preadipocytes-adhered_10x_caged_4_class,20240624_mc38_10x_uncaged_4_class,20240509_Hs675Tfibroblasts_10x_caged_4_class,20240905_u87-adhered_10x_caged_4_class"
20240515_DC-adhered_10x_caged_4_class,test_ds,0.685,lora_r32_0.5_2024-u87,"20240516_DC-adhered_10x_caged_4_class,20240422_neuron-adhered_10x_uncaged_4_class,20240703_neuron-adhered_10x_caged_4_class,20260316_a549-tomm20-gfp-adhered_10x_caged_at_4x_4_class,231212_imr90_multichannel_overlay_4_class,20250227_preadipocytes-adhered_10x_caged_4_class,20240624_mc38_10x_uncaged_4_class,20240509_Hs675Tfibroblasts_10x_caged_4_class,20240905_u87-adhered_10x_caged_4_class"
20240516_DC-adhered_10x_caged_4_class,test_ds,0.697,lora_r32_0.5_2024-u87,"20240516_DC-adhered_10x_caged_4_class,20240422_neuron-adhered_10x_uncaged_4_class,20240703_neuron-adhered_10x_caged_4_class,20260316_a549-tomm20-gfp-adhered_10x_caged_at_4x_4_class,231212_imr90_multichannel_overlay_4_class,20250227_preadipocytes-adhered_10x_caged_4_class,20240624_mc38_10x_uncaged_4_class,20240509_Hs675Tfibroblasts_10x_caged_4_class,20240905_u87-adhered_10x_caged_4_class"
20240624_mc38_10x_caged_4_class,test_ds,0.621,lora_r32_0.5_2024-u87,"20240516_DC-adhered_10x_caged_4_class,20240422_neuron-adhered_10x_uncaged_4_class,20240703_neuron-adhered_10x_caged_4_class,20260316_a549-tomm20-gfp-adhered_10x_caged_at_4x_4_class,231212_imr90_multichannel_overlay_4_class,20250227_preadipocytes-adhered_10x_caged_4_class,20240624_mc38_10x_uncaged_4_class,20240509_Hs675Tfibroblasts_10x_caged_4_class,20240905_u87-adhered_10x_caged_4_class"
20240624_mc38_10x_uncaged_4_class,test_ds,0.708,lora_r32_0.5_2024-u87,"20240516_DC-adhered_10x_caged_4_class,20240422_neuron-adhered_10x_uncaged_4_class,20240703_neuron-adhered_10x_caged_4_class,20260316_a549-tomm20-gfp-adhered_10x_caged_at_4x_4_class,231212_imr90_multichannel_overlay_4_class,20250227_preadipocytes-adhered_10x_caged_4_class,20240624_mc38_10x_uncaged_4_class,20240509_Hs675Tfibroblasts_10x_caged_4_class,20240905_u87-adhered_10x_caged_4_class"
20240625_mc38_10x_caged_4_class,test_ds,0.568,lora_r32_0.5_2024-u87,"20240516_DC-adhered_10x_caged_4_class,20240422_neuron-adhered_10x_uncaged_4_class,20240703_neuron-adhered_10x_caged_4_class,20260316_a549-tomm20-gfp-adhered_10x_caged_at_4x_4_class,231212_imr90_multichannel_overlay_4_class,20250227_preadipocytes-adhered_10x_caged_4_class,20240624_mc38_10x_uncaged_4_class,20240509_Hs675Tfibroblasts_10x_caged_4_class,20240905_u87-adhered_10x_caged_4_class"
20240703_neuron-adhered_10x_caged_4_class,test_ds,0.605,lora_r32_0.5_2024-u87,"20240516_DC-adhered_10x_caged_4_class,20240422_neuron-adhered_10x_uncaged_4_class,20240703_neuron-adhered_10x_caged_4_class,20260316_a549-tomm20-gfp-adhered_10x_caged_at_4x_4_class,231212_imr90_multichannel_overlay_4_class,20250227_preadipocytes-adhered_10x_caged_4_class,20240624_mc38_10x_uncaged_4_class,20240509_Hs675Tfibroblasts_10x_caged_4_class,20240905_u87-adhered_10x_caged_4_class"
20240704_neuron-adhered_10x_caged_4_class,test_ds,0.571,lora_r32_0.5_2024-u87,"20240516_DC-adhered_10x_caged_4_class,20240422_neuron-adhered_10x_uncaged_4_class,20240703_neuron-adhered_10x_caged_4_class,20260316_a549-tomm20-gfp-adhered_10x_caged_at_4x_4_class,231212_imr90_multichannel_overlay_4_class,20250227_preadipocytes-adhered_10x_caged_4_class,20240624_mc38_10x_uncaged_4_class,20240509_Hs675Tfibroblasts_10x_caged_4_class,20240905_u87-adhered_10x_caged_4_class"
20240905_u87-adhered_10x_caged_4_class,test_ds,0.646,lora_r32_0.5_2024-u87,"20240516_DC-adhered_10x_caged_4_class,20240422_neuron-adhered_10x_uncaged_4_class,20240703_neuron-adhered_10x_caged_4_class,20260316_a549-tomm20-gfp-adhered_10x_caged_at_4x_4_class,231212_imr90_multichannel_overlay_4_class,20250227_preadipocytes-adhered_10x_caged_4_class,20240624_mc38_10x_uncaged_4_class,20240509_Hs675Tfibroblasts_10x_caged_4_class,20240905_u87-adhered_10x_caged_4_class"
20240924_enteric-glia-adhered_10x_uncaged_4_class,test_ds,0.754,lora_r32_0.5_2024-u87,"20240516_DC-adhered_10x_caged_4_class,20240422_neuron-adhered_10x_uncaged_4_class,20240703_neuron-adhered_10x_caged_4_class,20260316_a549-tomm20-gfp-adhered_10x_caged_at_4x_4_class,231212_imr90_multichannel_overlay_4_class,20250227_preadipocytes-adhered_10x_caged_4_class,20240624_mc38_10x_uncaged_4_class,20240509_Hs675Tfibroblasts_10x_caged_4_class,20240905_u87-adhered_10x_caged_4_class"
20241212_preadipocytes-adhered_10x_uncaged_4_class,test_ds,0.345,lora_r32_0.5_2024-u87,"20240516_DC-adhered_10x_caged_4_class,20240422_neuron-adhered_10x_uncaged_4_class,20240703_neuron-adhered_10x_caged_4_class,20260316_a549-tomm20-gfp-adhered_10x_caged_at_4x_4_class,231212_imr90_multichannel_overlay_4_class,20250227_preadipocytes-adhered_10x_caged_4_class,20240624_mc38_10x_uncaged_4_class,20240509_Hs675Tfibroblasts_10x_caged_4_class,20240905_u87-adhered_10x_caged_4_class"
20250108_neuron-adhered_10x_uncaged_4_class,test_ds,0.341,lora_r32_0.5_2024-u87,"20240516_DC-adhered_10x_caged_4_class,20240422_neuron-adhered_10x_uncaged_4_class,20240703_neuron-adhered_10x_caged_4_class,20260316_a549-tomm20-gfp-adhered_10x_caged_at_4x_4_class,231212_imr90_multichannel_overlay_4_class,20250227_preadipocytes-adhered_10x_caged_4_class,20240624_mc38_10x_uncaged_4_class,20240509_Hs675Tfibroblasts_10x_caged_4_class,20240905_u87-adhered_10x_caged_4_class"
20250227_preadipocytes-adhered_10x_caged_4_class,test_ds,0.479,lora_r32_0.5_2024-u87,"20240516_DC-adhered_10x_caged_4_class,20240422_neuron-adhered_10x_uncaged_4_class,20240703_neuron-adhered_10x_caged_4_class,20260316_a549-tomm20-gfp-adhered_10x_caged_at_4x_4_class,231212_imr90_multichannel_overlay_4_class,20250227_preadipocytes-adhered_10x_caged_4_class,20240624_mc38_10x_uncaged_4_class,20240509_Hs675Tfibroblasts_10x_caged_4_class,20240905_u87-adhered_10x_caged_4_class"
20250305_neuron-adhered_10x_uncaged_4_class,test_ds,0.387,lora_r32_0.5_2024-u87,"20240516_DC-adhered_10x_caged_4_class,20240422_neuron-adhered_10x_uncaged_4_class,20240703_neuron-adhered_10x_caged_4_class,20260316_a549-tomm20-gfp-adhered_10x_caged_at_4x_4_class,231212_imr90_multichannel_overlay_4_class,20250227_preadipocytes-adhered_10x_caged_4_class,20240624_mc38_10x_uncaged_4_class,20240509_Hs675Tfibroblasts_10x_caged_4_class,20240905_u87-adhered_10x_caged_4_class"
20250820_c8d1a_astrocytes-adherent_10x_caged_4_class,test_ds,0.468,lora_r32_0.5_2024-u87,"20240516_DC-adhered_10x_caged_4_class,20240422_neuron-adhered_10x_uncaged_4_class,20240703_neuron-adhered_10x_caged_4_class,20260316_a549-tomm20-gfp-adhered_10x_caged_at_4x_4_class,231212_imr90_multichannel_overlay_4_class,20250227_preadipocytes-adhered_10x_caged_4_class,20240624_mc38_10x_uncaged_4_class,20240509_Hs675Tfibroblasts_10x_caged_4_class,20240905_u87-adhered_10x_caged_4_class"
20250917_moc22-adhered_10x_caged_4_class,test_ds,0.516,lora_r32_0.5_2024-u87,"20240516_DC-adhered_10x_caged_4_class,20240422_neuron-adhered_10x_uncaged_4_class,20240703_neuron-adhered_10x_caged_4_class,20260316_a549-tomm20-gfp-adhered_10x_caged_at_4x_4_class,231212_imr90_multichannel_overlay_4_class,20250227_preadipocytes-adhered_10x_caged_4_class,20240624_mc38_10x_uncaged_4_class,20240509_Hs675Tfibroblasts_10x_caged_4_class,20240905_u87-adhered_10x_caged_4_class"
20260316_a549-tomm20-gfp-adhered_10x_caged_at_4x_4_class,test_ds,0.692,lora_r32_0.5_2024-u87,"20240516_DC-adhered_10x_caged_4_class,20240422_neuron-adhered_10x_uncaged_4_class,20240703_neuron-adhered_10x_caged_4_class,20260316_a549-tomm20-gfp-adhered_10x_caged_at_4x_4_class,231212_imr90_multichannel_overlay_4_class,20250227_preadipocytes-adhered_10x_caged_4_class,20240624_mc38_10x_uncaged_4_class,20240509_Hs675Tfibroblasts_10x_caged_4_class,20240905_u87-adhered_10x_caged_4_class"
231212_imr90_multichannel_overlay_4_class,test_ds,0.751,lora_r32_0.5_2024-u87,"20240516_DC-adhered_10x_caged_4_class,20240422_neuron-adhered_10x_uncaged_4_class,20240703_neuron-adhered_10x_caged_4_class,20260316_a549-tomm20-gfp-adhered_10x_caged_at_4x_4_class,231212_imr90_multichannel_overlay_4_class,20250227_preadipocytes-adhered_10x_caged_4_class,20240624_mc38_10x_uncaged_4_class,20240509_Hs675Tfibroblasts_10x_caged_4_class,20240905_u87-adhered_10x_caged_4_class"
240213_imr90_multichannel_overlay_4_class,test_ds,0.601,lora_r32_0.5_2024-u87,"20240516_DC-adhered_10x_caged_4_class,20240422_neuron-adhered_10x_uncaged_4_class,20240703_neuron-adhered_10x_caged_4_class,20260316_a549-tomm20-gfp-adhered_10x_caged_at_4x_4_class,231212_imr90_multichannel_overlay_4_class,20250227_preadipocytes-adhered_10x_caged_4_class,20240624_mc38_10x_uncaged_4_class,20240509_Hs675Tfibroblasts_10x_caged_4_class,20240905_u87-adhered_10x_caged_4_class"
20240516_DC-adhered_10x_caged_4_class,train_ds,0.708,lora_r32_frac0.05_20250108_neuron-adhered,"20240516_DC-adhered_10x_caged_4_class,20240422_neuron-adhered_10x_uncaged_4_class,20240703_neuron-adhered_10x_caged_4_class,20260316_a549-tomm20-gfp-adhered_10x_caged_at_4x_4_class,231212_imr90_multichannel_overlay_4_class,20250227_preadipocytes-adhered_10x_caged_4_class,20240624_mc38_10x_uncaged_4_class,20240509_Hs675Tfibroblasts_10x_caged_4_class,20250108_neuron-adhered_10x_uncaged_4_class"
20240422_neuron-adhered_10x_uncaged_4_class,train_ds,0.553,lora_r32_frac0.05_20250108_neuron-adhered,"20240516_DC-adhered_10x_caged_4_class,20240422_neuron-adhered_10x_uncaged_4_class,20240703_neuron-adhered_10x_caged_4_class,20260316_a549-tomm20-gfp-adhered_10x_caged_at_4x_4_class,231212_imr90_multichannel_overlay_4_class,20250227_preadipocytes-adhered_10x_caged_4_class,20240624_mc38_10x_uncaged_4_class,20240509_Hs675Tfibroblasts_10x_caged_4_class,20250108_neuron-adhered_10x_uncaged_4_class"
20240703_neuron-adhered_10x_caged_4_class,train_ds,0.625,lora_r32_frac0.05_20250108_neuron-adhered,"20240516_DC-adhered_10x_caged_4_class,20240422_neuron-adhered_10x_uncaged_4_class,20240703_neuron-adhered_10x_caged_4_class,20260316_a549-tomm20-gfp-adhered_10x_caged_at_4x_4_class,231212_imr90_multichannel_overlay_4_class,20250227_preadipocytes-adhered_10x_caged_4_class,20240624_mc38_10x_uncaged_4_class,20240509_Hs675Tfibroblasts_10x_caged_4_class,20250108_neuron-adhered_10x_uncaged_4_class"
20260316_a549-tomm20-gfp-adhered_10x_caged_at_4x_4_class,train_ds,0.725,lora_r32_frac0.05_20250108_neuron-adhered,"20240516_DC-adhered_10x_caged_4_class,20240422_neuron-adhered_10x_uncaged_4_class,20240703_neuron-adhered_10x_caged_4_class,20260316_a549-tomm20-gfp-adhered_10x_caged_at_4x_4_class,231212_imr90_multichannel_overlay_4_class,20250227_preadipocytes-adhered_10x_caged_4_class,20240624_mc38_10x_uncaged_4_class,20240509_Hs675Tfibroblasts_10x_caged_4_class,20250108_neuron-adhered_10x_uncaged_4_class"
231212_imr90_multichannel_overlay_4_class,train_ds,0.776,lora_r32_frac0.05_20250108_neuron-adhered,"20240516_DC-adhered_10x_caged_4_class,20240422_neuron-adhered_10x_uncaged_4_class,20240703_neuron-adhered_10x_caged_4_class,20260316_a549-tomm20-gfp-adhered_10x_caged_at_4x_4_class,231212_imr90_multichannel_overlay_4_class,20250227_preadipocytes-adhered_10x_caged_4_class,20240624_mc38_10x_uncaged_4_class,20240509_Hs675Tfibroblasts_10x_caged_4_class,20250108_neuron-adhered_10x_uncaged_4_class"
20250227_preadipocytes-adhered_10x_caged_4_class,train_ds,0.502,lora_r32_frac0.05_20250108_neuron-adhered,"20240516_DC-adhered_10x_caged_4_class,20240422_neuron-adhered_10x_uncaged_4_class,20240703_neuron-adhered_10x_caged_4_class,20260316_a549-tomm20-gfp-adhered_10x_caged_at_4x_4_class,231212_imr90_multichannel_overlay_4_class,20250227_preadipocytes-adhered_10x_caged_4_class,20240624_mc38_10x_uncaged_4_class,20240509_Hs675Tfibroblasts_10x_caged_4_class,20250108_neuron-adhered_10x_uncaged_4_class"
20240624_mc38_10x_uncaged_4_class,train_ds,0.717,lora_r32_frac0.05_20250108_neuron-adhered,"20240516_DC-adhered_10x_caged_4_class,20240422_neuron-adhered_10x_uncaged_4_class,20240703_neuron-adhered_10x_caged_4_class,20260316_a549-tomm20-gfp-adhered_10x_caged_at_4x_4_class,231212_imr90_multichannel_overlay_4_class,20250227_preadipocytes-adhered_10x_caged_4_class,20240624_mc38_10x_uncaged_4_class,20240509_Hs675Tfibroblasts_10x_caged_4_class,20250108_neuron-adhered_10x_uncaged_4_class"
20240509_Hs675Tfibroblasts_10x_caged_4_class,train_ds,0.697,lora_r32_frac0.05_20250108_neuron-adhered,"20240516_DC-adhered_10x_caged_4_class,20240422_neuron-adhered_10x_uncaged_4_class,20240703_neuron-adhered_10x_caged_4_class,20260316_a549-tomm20-gfp-adhered_10x_caged_at_4x_4_class,231212_imr90_multichannel_overlay_4_class,20250227_preadipocytes-adhered_10x_caged_4_class,20240624_mc38_10x_uncaged_4_class,20240509_Hs675Tfibroblasts_10x_caged_4_class,20250108_neuron-adhered_10x_uncaged_4_class"
20250108_neuron-adhered_10x_uncaged_4_class,train_ds,0.473,lora_r32_frac0.05_20250108_neuron-adhered,"20240516_DC-adhered_10x_caged_4_class,20240422_neuron-adhered_10x_uncaged_4_class,20240703_neuron-adhered_10x_caged_4_class,20260316_a549-tomm20-gfp-adhered_10x_caged_at_4x_4_class,231212_imr90_multichannel_overlay_4_class,20250227_preadipocytes-adhered_10x_caged_4_class,20240624_mc38_10x_uncaged_4_class,20240509_Hs675Tfibroblasts_10x_caged_4_class,20250108_neuron-adhered_10x_uncaged_4_class"
20240422_neuron-adhered_10x_uncaged_4_class,test_ds,0.553,lora_r32_frac0.05_20250108_neuron-adhered,"20240516_DC-adhered_10x_caged_4_class,20240422_neuron-adhered_10x_uncaged_4_class,20240703_neuron-adhered_10x_caged_4_class,20260316_a549-tomm20-gfp-adhered_10x_caged_at_4x_4_class,231212_imr90_multichannel_overlay_4_class,20250227_preadipocytes-adhered_10x_caged_4_class,20240624_mc38_10x_uncaged_4_class,20240509_Hs675Tfibroblasts_10x_caged_4_class,20250108_neuron-adhered_10x_uncaged_4_class"
20240509_Hs675Tfibroblasts_10x_caged_4_class,test_ds,0.697,lora_r32_frac0.05_20250108_neuron-adhered,"20240516_DC-adhered_10x_caged_4_class,20240422_neuron-adhered_10x_uncaged_4_class,20240703_neuron-adhered_10x_caged_4_class,20260316_a549-tomm20-gfp-adhered_10x_caged_at_4x_4_class,231212_imr90_multichannel_overlay_4_class,20250227_preadipocytes-adhered_10x_caged_4_class,20240624_mc38_10x_uncaged_4_class,20240509_Hs675Tfibroblasts_10x_caged_4_class,20250108_neuron-adhered_10x_uncaged_4_class"
20240509_hela-adhered_10x_caged_4_class,test_ds,0.552,lora_r32_frac0.05_20250108_neuron-adhered,"20240516_DC-adhered_10x_caged_4_class,20240422_neuron-adhered_10x_uncaged_4_class,20240703_neuron-adhered_10x_caged_4_class,20260316_a549-tomm20-gfp-adhered_10x_caged_at_4x_4_class,231212_imr90_multichannel_overlay_4_class,20250227_preadipocytes-adhered_10x_caged_4_class,20240624_mc38_10x_uncaged_4_class,20240509_Hs675Tfibroblasts_10x_caged_4_class,20250108_neuron-adhered_10x_uncaged_4_class"
20240515_DC-adhered_10x_caged_4_class,test_ds,0.688,lora_r32_frac0.05_20250108_neuron-adhered,"20240516_DC-adhered_10x_caged_4_class,20240422_neuron-adhered_10x_uncaged_4_class,20240703_neuron-adhered_10x_caged_4_class,20260316_a549-tomm20-gfp-adhered_10x_caged_at_4x_4_class,231212_imr90_multichannel_overlay_4_class,20250227_preadipocytes-adhered_10x_caged_4_class,20240624_mc38_10x_uncaged_4_class,20240509_Hs675Tfibroblasts_10x_caged_4_class,20250108_neuron-adhered_10x_uncaged_4_class"
20240516_DC-adhered_10x_caged_4_class,test_ds,0.708,lora_r32_frac0.05_20250108_neuron-adhered,"20240516_DC-adhered_10x_caged_4_class,20240422_neuron-adhered_10x_uncaged_4_class,20240703_neuron-adhered_10x_caged_4_class,20260316_a549-tomm20-gfp-adhered_10x_caged_at_4x_4_class,231212_imr90_multichannel_overlay_4_class,20250227_preadipocytes-adhered_10x_caged_4_class,20240624_mc38_10x_uncaged_4_class,20240509_Hs675Tfibroblasts_10x_caged_4_class,20250108_neuron-adhered_10x_uncaged_4_class"
20240624_mc38_10x_caged_4_class,test_ds,0.571,lora_r32_frac0.05_20250108_neuron-adhered,"20240516_DC-adhered_10x_caged_4_class,20240422_neuron-adhered_10x_uncaged_4_class,20240703_neuron-adhered_10x_caged_4_class,20260316_a549-tomm20-gfp-adhered_10x_caged_at_4x_4_class,231212_imr90_multichannel_overlay_4_class,20250227_preadipocytes-adhered_10x_caged_4_class,20240624_mc38_10x_uncaged_4_class,20240509_Hs675Tfibroblasts_10x_caged_4_class,20250108_neuron-adhered_10x_uncaged_4_class"
20240624_mc38_10x_uncaged_4_class,test_ds,0.717,lora_r32_frac0.05_20250108_neuron-adhered,"20240516_DC-adhered_10x_caged_4_class,20240422_neuron-adhered_10x_uncaged_4_class,20240703_neuron-adhered_10x_caged_4_class,20260316_a549-tomm20-gfp-adhered_10x_caged_at_4x_4_class,231212_imr90_multichannel_overlay_4_class,20250227_preadipocytes-adhered_10x_caged_4_class,20240624_mc38_10x_uncaged_4_class,20240509_Hs675Tfibroblasts_10x_caged_4_class,20250108_neuron-adhered_10x_uncaged_4_class"
20240625_mc38_10x_caged_4_class,test_ds,0.576,lora_r32_frac0.05_20250108_neuron-adhered,"20240516_DC-adhered_10x_caged_4_class,20240422_neuron-adhered_10x_uncaged_4_class,20240703_neuron-adhered_10x_caged_4_class,20260316_a549-tomm20-gfp-adhered_10x_caged_at_4x_4_class,231212_imr90_multichannel_overlay_4_class,20250227_preadipocytes-adhered_10x_caged_4_class,20240624_mc38_10x_uncaged_4_class,20240509_Hs675Tfibroblasts_10x_caged_4_class,20250108_neuron-adhered_10x_uncaged_4_class"
20240703_neuron-adhered_10x_caged_4_class,test_ds,0.625,lora_r32_frac0.05_20250108_neuron-adhered,"20240516_DC-adhered_10x_caged_4_class,20240422_neuron-adhered_10x_uncaged_4_class,20240703_neuron-adhered_10x_caged_4_class,20260316_a549-tomm20-gfp-adhered_10x_caged_at_4x_4_class,231212_imr90_multichannel_overlay_4_class,20250227_preadipocytes-adhered_10x_caged_4_class,20240624_mc38_10x_uncaged_4_class,20240509_Hs675Tfibroblasts_10x_caged_4_class,20250108_neuron-adhered_10x_uncaged_4_class"
20240704_neuron-adhered_10x_caged_4_class,test_ds,0.606,lora_r32_frac0.05_20250108_neuron-adhered,"20240516_DC-adhered_10x_caged_4_class,20240422_neuron-adhered_10x_uncaged_4_class,20240703_neuron-adhered_10x_caged_4_class,20260316_a549-tomm20-gfp-adhered_10x_caged_at_4x_4_class,231212_imr90_multichannel_overlay_4_class,20250227_preadipocytes-adhered_10x_caged_4_class,20240624_mc38_10x_uncaged_4_class,20240509_Hs675Tfibroblasts_10x_caged_4_class,20250108_neuron-adhered_10x_uncaged_4_class"
20240905_u87-adhered_10x_caged_4_class,test_ds,0.519,lora_r32_frac0.05_20250108_neuron-adhered,"20240516_DC-adhered_10x_caged_4_class,20240422_neuron-adhered_10x_uncaged_4_class,20240703_neuron-adhered_10x_caged_4_class,20260316_a549-tomm20-gfp-adhered_10x_caged_at_4x_4_class,231212_imr90_multichannel_overlay_4_class,20250227_preadipocytes-adhered_10x_caged_4_class,20240624_mc38_10x_uncaged_4_class,20240509_Hs675Tfibroblasts_10x_caged_4_class,20250108_neuron-adhered_10x_uncaged_4_class"
20240924_enteric-glia-adhered_10x_uncaged_4_class,test_ds,0.659,lora_r32_frac0.05_20250108_neuron-adhered,"20240516_DC-adhered_10x_caged_4_class,20240422_neuron-adhered_10x_uncaged_4_class,20240703_neuron-adhered_10x_caged_4_class,20260316_a549-tomm20-gfp-adhered_10x_caged_at_4x_4_class,231212_imr90_multichannel_overlay_4_class,20250227_preadipocytes-adhered_10x_caged_4_class,20240624_mc38_10x_uncaged_4_class,20240509_Hs675Tfibroblasts_10x_caged_4_class,20250108_neuron-adhered_10x_uncaged_4_class"
20241212_preadipocytes-adhered_10x_uncaged_4_class,test_ds,0.358,lora_r32_frac0.05_20250108_neuron-adhered,"20240516_DC-adhered_10x_caged_4_class,20240422_neuron-adhered_10x_uncaged_4_class,20240703_neuron-adhered_10x_caged_4_class,20260316_a549-tomm20-gfp-adhered_10x_caged_at_4x_4_class,231212_imr90_multichannel_overlay_4_class,20250227_preadipocytes-adhered_10x_caged_4_class,20240624_mc38_10x_uncaged_4_class,20240509_Hs675Tfibroblasts_10x_caged_4_class,20250108_neuron-adhered_10x_uncaged_4_class"
20250108_neuron-adhered_10x_uncaged_4_class,test_ds,0.473,lora_r32_frac0.05_20250108_neuron-adhered,"20240516_DC-adhered_10x_caged_4_class,20240422_neuron-adhered_10x_uncaged_4_class,20240703_neuron-adhered_10x_caged_4_class,20260316_a549-tomm20-gfp-adhered_10x_caged_at_4x_4_class,231212_imr90_multichannel_overlay_4_class,20250227_preadipocytes-adhered_10x_caged_4_class,20240624_mc38_10x_uncaged_4_class,20240509_Hs675Tfibroblasts_10x_caged_4_class,20250108_neuron-adhered_10x_uncaged_4_class"
20250227_preadipocytes-adhered_10x_caged_4_class,test_ds,0.502,lora_r32_frac0.05_20250108_neuron-adhered,"20240516_DC-adhered_10x_caged_4_class,20240422_neuron-adhered_10x_uncaged_4_class,20240703_neuron-adhered_10x_caged_4_class,20260316_a549-tomm20-gfp-adhered_10x_caged_at_4x_4_class,231212_imr90_multichannel_overlay_4_class,20250227_preadipocytes-adhered_10x_caged_4_class,20240624_mc38_10x_uncaged_4_class,20240509_Hs675Tfibroblasts_10x_caged_4_class,20250108_neuron-adhered_10x_uncaged_4_class"
20250305_neuron-adhered_10x_uncaged_4_class,test_ds,0.466,lora_r32_frac0.05_20250108_neuron-adhered,"20240516_DC-adhered_10x_caged_4_class,20240422_neuron-adhered_10x_uncaged_4_class,20240703_neuron-adhered_10x_caged_4_class,20260316_a549-tomm20-gfp-adhered_10x_caged_at_4x_4_class,231212_imr90_multichannel_overlay_4_class,20250227_preadipocytes-adhered_10x_caged_4_class,20240624_mc38_10x_uncaged_4_class,20240509_Hs675Tfibroblasts_10x_caged_4_class,20250108_neuron-adhered_10x_uncaged_4_class"
20250820_c8d1a_astrocytes-adherent_10x_caged_4_class,test_ds,0.523,lora_r32_frac0.05_20250108_neuron-adhered,"20240516_DC-adhered_10x_caged_4_class,20240422_neuron-adhered_10x_uncaged_4_class,20240703_neuron-adhered_10x_caged_4_class,20260316_a549-tomm20-gfp-adhered_10x_caged_at_4x_4_class,231212_imr90_multichannel_overlay_4_class,20250227_preadipocytes-adhered_10x_caged_4_class,20240624_mc38_10x_uncaged_4_class,20240509_Hs675Tfibroblasts_10x_caged_4_class,20250108_neuron-adhered_10x_uncaged_4_class"
20250917_moc22-adhered_10x_caged_4_class,test_ds,0.527,lora_r32_frac0.05_20250108_neuron-adhered,"20240516_DC-adhered_10x_caged_4_class,20240422_neuron-adhered_10x_uncaged_4_class,20240703_neuron-adhered_10x_caged_4_class,20260316_a549-tomm20-gfp-adhered_10x_caged_at_4x_4_class,231212_imr90_multichannel_overlay_4_class,20250227_preadipocytes-adhered_10x_caged_4_class,20240624_mc38_10x_uncaged_4_class,20240509_Hs675Tfibroblasts_10x_caged_4_class,20250108_neuron-adhered_10x_uncaged_4_class"
20260316_a549-tomm20-gfp-adhered_10x_caged_at_4x_4_class,test_ds,0.725,lora_r32_frac0.05_20250108_neuron-adhered,"20240516_DC-adhered_10x_caged_4_class,20240422_neuron-adhered_10x_uncaged_4_class,20240703_neuron-adhered_10x_caged_4_class,20260316_a549-tomm20-gfp-adhered_10x_caged_at_4x_4_class,231212_imr90_multichannel_overlay_4_class,20250227_preadipocytes-adhered_10x_caged_4_class,20240624_mc38_10x_uncaged_4_class,20240509_Hs675Tfibroblasts_10x_caged_4_class,20250108_neuron-adhered_10x_uncaged_4_class"
231212_imr90_multichannel_overlay_4_class,test_ds,0.776,lora_r32_frac0.05_20250108_neuron-adhered,"20240516_DC-adhered_10x_caged_4_class,20240422_neuron-adhered_10x_uncaged_4_class,20240703_neuron-adhered_10x_caged_4_class,20260316_a549-tomm20-gfp-adhered_10x_caged_at_4x_4_class,231212_imr90_multichannel_overlay_4_class,20250227_preadipocytes-adhered_10x_caged_4_class,20240624_mc38_10x_uncaged_4_class,20240509_Hs675Tfibroblasts_10x_caged_4_class,20250108_neuron-adhered_10x_uncaged_4_class"
240213_imr90_multichannel_overlay_4_class,test_ds,0.535,lora_r32_frac0.05_20250108_neuron-adhered,"20240516_DC-adhered_10x_caged_4_class,20240422_neuron-adhered_10x_uncaged_4_class,20240703_neuron-adhered_10x_caged_4_class,20260316_a549-tomm20-gfp-adhered_10x_caged_at_4x_4_class,231212_imr90_multichannel_overlay_4_class,20250227_preadipocytes-adhered_10x_caged_4_class,20240624_mc38_10x_uncaged_4_class,20240509_Hs675Tfibroblasts_10x_caged_4_class,20250108_neuron-adhered_10x_uncaged_4_class"
