dataset,split_type,mAP50_95,experiment,train_datasets
20240422_neuron-adhered_10x_uncaged_4_class,train_ds,0.589,Baseline,
20240509_hela-adhered_10x_caged_4_class,train_ds,0.7,Baseline,
20240509_Hs675Tfibroblasts_10x_caged_4_class,train_ds,0.768,Baseline,
20240515_DC-adhered_10x_caged_4_class,train_ds,0.707,Baseline,
20240516_DC-adhered_10x_caged_4_class,train_ds,0.721,Baseline,
20240624_mc38_10x_caged_4_class,train_ds,0.662,Baseline,
20240624_mc38_10x_uncaged_4_class,train_ds,0.728,Baseline,
20240625_mc38_10x_caged_4_class,train_ds,0.689,Baseline,
20240703_neuron-adhered_10x_caged_4_class,train_ds,0.647,Baseline,
20240704_neuron-adhered_10x_caged_4_class,train_ds,0.647,Baseline,
20240905_u87-adhered_10x_caged_4_class,train_ds,0.73,Baseline,
20240924_enteric-glia-adhered_10x_uncaged_4_class,train_ds,0.83,Baseline,
20241212_preadipocytes-adhered_10x_uncaged_4_class,train_ds,0.449,Baseline,
20250108_neuron-adhered_10x_uncaged_4_class,train_ds,0.623,Baseline,
20250227_preadipocytes-adhered_10x_caged_4_class,train_ds,0.491,Baseline,
20250305_neuron-adhered_10x_uncaged_4_class,train_ds,0.728,Baseline,
20250820_c8d1a_astrocytes-adherent_10x_caged_4_class,train_ds,0.592,Baseline,
20250917_moc22-adhered_10x_caged_4_class,train_ds,0.643,Baseline,
20260316_a549-tomm20-gfp-adhered_10x_caged_at_4x_4_class,train_ds,0.737,Baseline,
231212_imr90_multichannel_overlay_4_class,train_ds,0.813,Baseline,
240213_imr90_multichannel_overlay_4_class,train_ds,0.797,Baseline,
20240422_neuron-adhered_10x_uncaged_4_class,test_ds,0.589,Baseline,
20240509_hela-adhered_10x_caged_4_class,test_ds,0.7,Baseline,
20240509_Hs675Tfibroblasts_10x_caged_4_class,test_ds,0.768,Baseline,
20240515_DC-adhered_10x_caged_4_class,test_ds,0.707,Baseline,
20240516_DC-adhered_10x_caged_4_class,test_ds,0.721,Baseline,
20240624_mc38_10x_caged_4_class,test_ds,0.662,Baseline,
20240624_mc38_10x_uncaged_4_class,test_ds,0.728,Baseline,
20240625_mc38_10x_caged_4_class,test_ds,0.689,Baseline,
20240703_neuron-adhered_10x_caged_4_class,test_ds,0.647,Baseline,
20240704_neuron-adhered_10x_caged_4_class,test_ds,0.647,Baseline,
20240905_u87-adhered_10x_caged_4_class,test_ds,0.73,Baseline,
20240924_enteric-glia-adhered_10x_uncaged_4_class,test_ds,0.83,Baseline,
20241212_preadipocytes-adhered_10x_uncaged_4_class,test_ds,0.449,Baseline,
20250108_neuron-adhered_10x_uncaged_4_class,test_ds,0.623,Baseline,
20250227_preadipocytes-adhered_10x_caged_4_class,test_ds,0.491,Baseline,
20250305_neuron-adhered_10x_uncaged_4_class,test_ds,0.728,Baseline,
20250820_c8d1a_astrocytes-adherent_10x_caged_4_class,test_ds,0.592,Baseline,
20250917_moc22-adhered_10x_caged_4_class,test_ds,0.643,Baseline,
20260316_a549-tomm20-gfp-adhered_10x_caged_at_4x_4_class,test_ds,0.737,Baseline,
231212_imr90_multichannel_overlay_4_class,test_ds,0.813,Baseline,
240213_imr90_multichannel_overlay_4_class,test_ds,0.797,Baseline,
231212_imr90_multichannel_overlay_4_class,train_ds,0.799,2 Nodes,"231212_imr90_multichannel_overlay_4_class,20250227_preadipocytes-adhered_10x_caged_4_class"
20250227_preadipocytes-adhered_10x_caged_4_class,train_ds,0.472,2 Nodes,"231212_imr90_multichannel_overlay_4_class,20250227_preadipocytes-adhered_10x_caged_4_class"
20240422_neuron-adhered_10x_uncaged_4_class,test_ds,0.16,2 Nodes,"231212_imr90_multichannel_overlay_4_class,20250227_preadipocytes-adhered_10x_caged_4_class"
20240509_Hs675Tfibroblasts_10x_caged_4_class,test_ds,0.495,2 Nodes,"231212_imr90_multichannel_overlay_4_class,20250227_preadipocytes-adhered_10x_caged_4_class"
20240509_hela-adhered_10x_caged_4_class,test_ds,0.473,2 Nodes,"231212_imr90_multichannel_overlay_4_class,20250227_preadipocytes-adhered_10x_caged_4_class"
20240515_DC-adhered_10x_caged_4_class,test_ds,0.421,2 Nodes,"231212_imr90_multichannel_overlay_4_class,20250227_preadipocytes-adhered_10x_caged_4_class"
20240516_DC-adhered_10x_caged_4_class,test_ds,0.418,2 Nodes,"231212_imr90_multichannel_overlay_4_class,20250227_preadipocytes-adhered_10x_caged_4_class"
20240624_mc38_10x_caged_4_class,test_ds,0.454,2 Nodes,"231212_imr90_multichannel_overlay_4_class,20250227_preadipocytes-adhered_10x_caged_4_class"
20240624_mc38_10x_uncaged_4_class,test_ds,0.474,2 Nodes,"231212_imr90_multichannel_overlay_4_class,20250227_preadipocytes-adhered_10x_caged_4_class"
20240625_mc38_10x_caged_4_class,test_ds,0.521,2 Nodes,"231212_imr90_multichannel_overlay_4_class,20250227_preadipocytes-adhered_10x_caged_4_class"
20240703_neuron-adhered_10x_caged_4_class,test_ds,0.15,2 Nodes,"231212_imr90_multichannel_overlay_4_class,20250227_preadipocytes-adhered_10x_caged_4_class"
20240704_neuron-adhered_10x_caged_4_class,test_ds,0.169,2 Nodes,"231212_imr90_multichannel_overlay_4_class,20250227_preadipocytes-adhered_10x_caged_4_class"
20240905_u87-adhered_10x_caged_4_class,test_ds,0.551,2 Nodes,"231212_imr90_multichannel_overlay_4_class,20250227_preadipocytes-adhered_10x_caged_4_class"
20240924_enteric-glia-adhered_10x_uncaged_4_class,test_ds,0.567,2 Nodes,"231212_imr90_multichannel_overlay_4_class,20250227_preadipocytes-adhered_10x_caged_4_class"
20241212_preadipocytes-adhered_10x_uncaged_4_class,test_ds,0.351,2 Nodes,"231212_imr90_multichannel_overlay_4_class,20250227_preadipocytes-adhered_10x_caged_4_class"
20250108_neuron-adhered_10x_uncaged_4_class,test_ds,0.117,2 Nodes,"231212_imr90_multichannel_overlay_4_class,20250227_preadipocytes-adhered_10x_caged_4_class"
20250227_preadipocytes-adhered_10x_caged_4_class,test_ds,0.472,2 Nodes,"231212_imr90_multichannel_overlay_4_class,20250227_preadipocytes-adhered_10x_caged_4_class"
20250305_neuron-adhered_10x_uncaged_4_class,test_ds,0.218,2 Nodes,"231212_imr90_multichannel_overlay_4_class,20250227_preadipocytes-adhered_10x_caged_4_class"
20250820_c8d1a_astrocytes-adherent_10x_caged_4_class,test_ds,0.368,2 Nodes,"231212_imr90_multichannel_overlay_4_class,20250227_preadipocytes-adhered_10x_caged_4_class"
20250917_moc22-adhered_10x_caged_4_class,test_ds,0.269,2 Nodes,"231212_imr90_multichannel_overlay_4_class,20250227_preadipocytes-adhered_10x_caged_4_class"
20260316_a549-tomm20-gfp-adhered_10x_caged_at_4x_4_class,test_ds,0.468,2 Nodes,"231212_imr90_multichannel_overlay_4_class,20250227_preadipocytes-adhered_10x_caged_4_class"
231212_imr90_multichannel_overlay_4_class,test_ds,0.799,2 Nodes,"231212_imr90_multichannel_overlay_4_class,20250227_preadipocytes-adhered_10x_caged_4_class"
240213_imr90_multichannel_overlay_4_class,test_ds,0.611,2 Nodes,"231212_imr90_multichannel_overlay_4_class,20250227_preadipocytes-adhered_10x_caged_4_class"
20240516_DC-adhered_10x_caged_4_class,train_ds,0.719,5 Nodes,"20240516_DC-adhered_10x_caged_4_class,20240422_neuron-adhered_10x_uncaged_4_class,20240703_neuron-adhered_10x_caged_4_class,231212_imr90_multichannel_overlay_4_class,20250227_preadipocytes-adhered_10x_caged_4_class"
20240422_neuron-adhered_10x_uncaged_4_class,train_ds,0.583,5 Nodes,"20240516_DC-adhered_10x_caged_4_class,20240422_neuron-adhered_10x_uncaged_4_class,20240703_neuron-adhered_10x_caged_4_class,231212_imr90_multichannel_overlay_4_class,20250227_preadipocytes-adhered_10x_caged_4_class"
20240703_neuron-adhered_10x_caged_4_class,train_ds,0.64,5 Nodes,"20240516_DC-adhered_10x_caged_4_class,20240422_neuron-adhered_10x_uncaged_4_class,20240703_neuron-adhered_10x_caged_4_class,231212_imr90_multichannel_overlay_4_class,20250227_preadipocytes-adhered_10x_caged_4_class"
231212_imr90_multichannel_overlay_4_class,train_ds,0.803,5 Nodes,"20240516_DC-adhered_10x_caged_4_class,20240422_neuron-adhered_10x_uncaged_4_class,20240703_neuron-adhered_10x_caged_4_class,231212_imr90_multichannel_overlay_4_class,20250227_preadipocytes-adhered_10x_caged_4_class"
20250227_preadipocytes-adhered_10x_caged_4_class,train_ds,0.474,5 Nodes,"20240516_DC-adhered_10x_caged_4_class,20240422_neuron-adhered_10x_uncaged_4_class,20240703_neuron-adhered_10x_caged_4_class,231212_imr90_multichannel_overlay_4_class,20250227_preadipocytes-adhered_10x_caged_4_class"
20240422_neuron-adhered_10x_uncaged_4_class,test_ds,0.583,5 Nodes,"20240516_DC-adhered_10x_caged_4_class,20240422_neuron-adhered_10x_uncaged_4_class,20240703_neuron-adhered_10x_caged_4_class,231212_imr90_multichannel_overlay_4_class,20250227_preadipocytes-adhered_10x_caged_4_class"
20240509_Hs675Tfibroblasts_10x_caged_4_class,test_ds,0.539,5 Nodes,"20240516_DC-adhered_10x_caged_4_class,20240422_neuron-adhered_10x_uncaged_4_class,20240703_neuron-adhered_10x_caged_4_class,231212_imr90_multichannel_overlay_4_class,20250227_preadipocytes-adhered_10x_caged_4_class"
20240509_hela-adhered_10x_caged_4_class,test_ds,0.522,5 Nodes,"20240516_DC-adhered_10x_caged_4_class,20240422_neuron-adhered_10x_uncaged_4_class,20240703_neuron-adhered_10x_caged_4_class,231212_imr90_multichannel_overlay_4_class,20250227_preadipocytes-adhered_10x_caged_4_class"
20240515_DC-adhered_10x_caged_4_class,test_ds,0.695,5 Nodes,"20240516_DC-adhered_10x_caged_4_class,20240422_neuron-adhered_10x_uncaged_4_class,20240703_neuron-adhered_10x_caged_4_class,231212_imr90_multichannel_overlay_4_class,20250227_preadipocytes-adhered_10x_caged_4_class"
20240516_DC-adhered_10x_caged_4_class,test_ds,0.719,5 Nodes,"20240516_DC-adhered_10x_caged_4_class,20240422_neuron-adhered_10x_uncaged_4_class,20240703_neuron-adhered_10x_caged_4_class,231212_imr90_multichannel_overlay_4_class,20250227_preadipocytes-adhered_10x_caged_4_class"
20240624_mc38_10x_caged_4_class,test_ds,0.558,5 Nodes,"20240516_DC-adhered_10x_caged_4_class,20240422_neuron-adhered_10x_uncaged_4_class,20240703_neuron-adhered_10x_caged_4_class,231212_imr90_multichannel_overlay_4_class,20250227_preadipocytes-adhered_10x_caged_4_class"
20240624_mc38_10x_uncaged_4_class,test_ds,0.574,5 Nodes,"20240516_DC-adhered_10x_caged_4_class,20240422_neuron-adhered_10x_uncaged_4_class,20240703_neuron-adhered_10x_caged_4_class,231212_imr90_multichannel_overlay_4_class,20250227_preadipocytes-adhered_10x_caged_4_class"
20240625_mc38_10x_caged_4_class,test_ds,0.569,5 Nodes,"20240516_DC-adhered_10x_caged_4_class,20240422_neuron-adhered_10x_uncaged_4_class,20240703_neuron-adhered_10x_caged_4_class,231212_imr90_multichannel_overlay_4_class,20250227_preadipocytes-adhered_10x_caged_4_class"
20240703_neuron-adhered_10x_caged_4_class,test_ds,0.64,5 Nodes,"20240516_DC-adhered_10x_caged_4_class,20240422_neuron-adhered_10x_uncaged_4_class,20240703_neuron-adhered_10x_caged_4_class,231212_imr90_multichannel_overlay_4_class,20250227_preadipocytes-adhered_10x_caged_4_class"
20240704_neuron-adhered_10x_caged_4_class,test_ds,0.606,5 Nodes,"20240516_DC-adhered_10x_caged_4_class,20240422_neuron-adhered_10x_uncaged_4_class,20240703_neuron-adhered_10x_caged_4_class,231212_imr90_multichannel_overlay_4_class,20250227_preadipocytes-adhered_10x_caged_4_class"
20240905_u87-adhered_10x_caged_4_class,test_ds,0.623,5 Nodes,"20240516_DC-adhered_10x_caged_4_class,20240422_neuron-adhered_10x_uncaged_4_class,20240703_neuron-adhered_10x_caged_4_class,231212_imr90_multichannel_overlay_4_class,20250227_preadipocytes-adhered_10x_caged_4_class"
20240924_enteric-glia-adhered_10x_uncaged_4_class,test_ds,0.662,5 Nodes,"20240516_DC-adhered_10x_caged_4_class,20240422_neuron-adhered_10x_uncaged_4_class,20240703_neuron-adhered_10x_caged_4_class,231212_imr90_multichannel_overlay_4_class,20250227_preadipocytes-adhered_10x_caged_4_class"
20241212_preadipocytes-adhered_10x_uncaged_4_class,test_ds,0.336,5 Nodes,"20240516_DC-adhered_10x_caged_4_class,20240422_neuron-adhered_10x_uncaged_4_class,20240703_neuron-adhered_10x_caged_4_class,231212_imr90_multichannel_overlay_4_class,20250227_preadipocytes-adhered_10x_caged_4_class"
20250108_neuron-adhered_10x_uncaged_4_class,test_ds,0.435,5 Nodes,"20240516_DC-adhered_10x_caged_4_class,20240422_neuron-adhered_10x_uncaged_4_class,20240703_neuron-adhered_10x_caged_4_class,231212_imr90_multichannel_overlay_4_class,20250227_preadipocytes-adhered_10x_caged_4_class"
20250227_preadipocytes-adhered_10x_caged_4_class,test_ds,0.474,5 Nodes,"20240516_DC-adhered_10x_caged_4_class,20240422_neuron-adhered_10x_uncaged_4_class,20240703_neuron-adhered_10x_caged_4_class,231212_imr90_multichannel_overlay_4_class,20250227_preadipocytes-adhered_10x_caged_4_class"
20250305_neuron-adhered_10x_uncaged_4_class,test_ds,0.448,5 Nodes,"20240516_DC-adhered_10x_caged_4_class,20240422_neuron-adhered_10x_uncaged_4_class,20240703_neuron-adhered_10x_caged_4_class,231212_imr90_multichannel_overlay_4_class,20250227_preadipocytes-adhered_10x_caged_4_class"
20250820_c8d1a_astrocytes-adherent_10x_caged_4_class,test_ds,0.392,5 Nodes,"20240516_DC-adhered_10x_caged_4_class,20240422_neuron-adhered_10x_uncaged_4_class,20240703_neuron-adhered_10x_caged_4_class,231212_imr90_multichannel_overlay_4_class,20250227_preadipocytes-adhered_10x_caged_4_class"
20250917_moc22-adhered_10x_caged_4_class,test_ds,0.348,5 Nodes,"20240516_DC-adhered_10x_caged_4_class,20240422_neuron-adhered_10x_uncaged_4_class,20240703_neuron-adhered_10x_caged_4_class,231212_imr90_multichannel_overlay_4_class,20250227_preadipocytes-adhered_10x_caged_4_class"
20260316_a549-tomm20-gfp-adhered_10x_caged_at_4x_4_class,test_ds,0.538,5 Nodes,"20240516_DC-adhered_10x_caged_4_class,20240422_neuron-adhered_10x_uncaged_4_class,20240703_neuron-adhered_10x_caged_4_class,231212_imr90_multichannel_overlay_4_class,20250227_preadipocytes-adhered_10x_caged_4_class"
231212_imr90_multichannel_overlay_4_class,test_ds,0.803,5 Nodes,"20240516_DC-adhered_10x_caged_4_class,20240422_neuron-adhered_10x_uncaged_4_class,20240703_neuron-adhered_10x_caged_4_class,231212_imr90_multichannel_overlay_4_class,20250227_preadipocytes-adhered_10x_caged_4_class"
240213_imr90_multichannel_overlay_4_class,test_ds,0.607,5 Nodes,"20240516_DC-adhered_10x_caged_4_class,20240422_neuron-adhered_10x_uncaged_4_class,20240703_neuron-adhered_10x_caged_4_class,231212_imr90_multichannel_overlay_4_class,20250227_preadipocytes-adhered_10x_caged_4_class"
20240516_DC-adhered_10x_caged_4_class,train_ds,0.717,6 Node (moc22),"20240516_DC-adhered_10x_caged_4_class,20240422_neuron-adhered_10x_uncaged_4_class,20240703_neuron-adhered_10x_caged_4_class,231212_imr90_multichannel_overlay_4_class,20250227_preadipocytes-adhered_10x_caged_4_class,20250917_moc22-adhered_10x_caged_4_class"
20240422_neuron-adhered_10x_uncaged_4_class,train_ds,0.582,6 Node (moc22),"20240516_DC-adhered_10x_caged_4_class,20240422_neuron-adhered_10x_uncaged_4_class,20240703_neuron-adhered_10x_caged_4_class,231212_imr90_multichannel_overlay_4_class,20250227_preadipocytes-adhered_10x_caged_4_class,20250917_moc22-adhered_10x_caged_4_class"
20240703_neuron-adhered_10x_caged_4_class,train_ds,0.638,6 Node (moc22),"20240516_DC-adhered_10x_caged_4_class,20240422_neuron-adhered_10x_uncaged_4_class,20240703_neuron-adhered_10x_caged_4_class,231212_imr90_multichannel_overlay_4_class,20250227_preadipocytes-adhered_10x_caged_4_class,20250917_moc22-adhered_10x_caged_4_class"
231212_imr90_multichannel_overlay_4_class,train_ds,0.8,6 Node (moc22),"20240516_DC-adhered_10x_caged_4_class,20240422_neuron-adhered_10x_uncaged_4_class,20240703_neuron-adhered_10x_caged_4_class,231212_imr90_multichannel_overlay_4_class,20250227_preadipocytes-adhered_10x_caged_4_class,20250917_moc22-adhered_10x_caged_4_class"
20250227_preadipocytes-adhered_10x_caged_4_class,train_ds,0.476,6 Node (moc22),"20240516_DC-adhered_10x_caged_4_class,20240422_neuron-adhered_10x_uncaged_4_class,20240703_neuron-adhered_10x_caged_4_class,231212_imr90_multichannel_overlay_4_class,20250227_preadipocytes-adhered_10x_caged_4_class,20250917_moc22-adhered_10x_caged_4_class"
20250917_moc22-adhered_10x_caged_4_class,train_ds,0.624,6 Node (moc22),"20240516_DC-adhered_10x_caged_4_class,20240422_neuron-adhered_10x_uncaged_4_class,20240703_neuron-adhered_10x_caged_4_class,231212_imr90_multichannel_overlay_4_class,20250227_preadipocytes-adhered_10x_caged_4_class,20250917_moc22-adhered_10x_caged_4_class"
20240422_neuron-adhered_10x_uncaged_4_class,test_ds,0.582,6 Node (moc22),"20240516_DC-adhered_10x_caged_4_class,20240422_neuron-adhered_10x_uncaged_4_class,20240703_neuron-adhered_10x_caged_4_class,231212_imr90_multichannel_overlay_4_class,20250227_preadipocytes-adhered_10x_caged_4_class,20250917_moc22-adhered_10x_caged_4_class"
20240509_Hs675Tfibroblasts_10x_caged_4_class,test_ds,0.529,6 Node (moc22),"20240516_DC-adhered_10x_caged_4_class,20240422_neuron-adhered_10x_uncaged_4_class,20240703_neuron-adhered_10x_caged_4_class,231212_imr90_multichannel_overlay_4_class,20250227_preadipocytes-adhered_10x_caged_4_class,20250917_moc22-adhered_10x_caged_4_class"
20240509_hela-adhered_10x_caged_4_class,test_ds,0.512,6 Node (moc22),"20240516_DC-adhered_10x_caged_4_class,20240422_neuron-adhered_10x_uncaged_4_class,20240703_neuron-adhered_10x_caged_4_class,231212_imr90_multichannel_overlay_4_class,20250227_preadipocytes-adhered_10x_caged_4_class,20250917_moc22-adhered_10x_caged_4_class"
20240515_DC-adhered_10x_caged_4_class,test_ds,0.691,6 Node (moc22),"20240516_DC-adhered_10x_caged_4_class,20240422_neuron-adhered_10x_uncaged_4_class,20240703_neuron-adhered_10x_caged_4_class,231212_imr90_multichannel_overlay_4_class,20250227_preadipocytes-adhered_10x_caged_4_class,20250917_moc22-adhered_10x_caged_4_class"
20240516_DC-adhered_10x_caged_4_class,test_ds,0.717,6 Node (moc22),"20240516_DC-adhered_10x_caged_4_class,20240422_neuron-adhered_10x_uncaged_4_class,20240703_neuron-adhered_10x_caged_4_class,231212_imr90_multichannel_overlay_4_class,20250227_preadipocytes-adhered_10x_caged_4_class,20250917_moc22-adhered_10x_caged_4_class"
20240624_mc38_10x_caged_4_class,test_ds,0.507,6 Node (moc22),"20240516_DC-adhered_10x_caged_4_class,20240422_neuron-adhered_10x_uncaged_4_class,20240703_neuron-adhered_10x_caged_4_class,231212_imr90_multichannel_overlay_4_class,20250227_preadipocytes-adhered_10x_caged_4_class,20250917_moc22-adhered_10x_caged_4_class"
20240624_mc38_10x_uncaged_4_class,test_ds,0.491,6 Node (moc22),"20240516_DC-adhered_10x_caged_4_class,20240422_neuron-adhered_10x_uncaged_4_class,20240703_neuron-adhered_10x_caged_4_class,231212_imr90_multichannel_overlay_4_class,20250227_preadipocytes-adhered_10x_caged_4_class,20250917_moc22-adhered_10x_caged_4_class"
20240625_mc38_10x_caged_4_class,test_ds,0.53,6 Node (moc22),"20240516_DC-adhered_10x_caged_4_class,20240422_neuron-adhered_10x_uncaged_4_class,20240703_neuron-adhered_10x_caged_4_class,231212_imr90_multichannel_overlay_4_class,20250227_preadipocytes-adhered_10x_caged_4_class,20250917_moc22-adhered_10x_caged_4_class"
20240703_neuron-adhered_10x_caged_4_class,test_ds,0.638,6 Node (moc22),"20240516_DC-adhered_10x_caged_4_class,20240422_neuron-adhered_10x_uncaged_4_class,20240703_neuron-adhered_10x_caged_4_class,231212_imr90_multichannel_overlay_4_class,20250227_preadipocytes-adhered_10x_caged_4_class,20250917_moc22-adhered_10x_caged_4_class"
20240704_neuron-adhered_10x_caged_4_class,test_ds,0.604,6 Node (moc22),"20240516_DC-adhered_10x_caged_4_class,20240422_neuron-adhered_10x_uncaged_4_class,20240703_neuron-adhered_10x_caged_4_class,231212_imr90_multichannel_overlay_4_class,20250227_preadipocytes-adhered_10x_caged_4_class,20250917_moc22-adhered_10x_caged_4_class"
20240905_u87-adhered_10x_caged_4_class,test_ds,0.591,6 Node (moc22),"20240516_DC-adhered_10x_caged_4_class,20240422_neuron-adhered_10x_uncaged_4_class,20240703_neuron-adhered_10x_caged_4_class,231212_imr90_multichannel_overlay_4_class,20250227_preadipocytes-adhered_10x_caged_4_class,20250917_moc22-adhered_10x_caged_4_class"
20240924_enteric-glia-adhered_10x_uncaged_4_class,test_ds,0.63,6 Node (moc22),"20240516_DC-adhered_10x_caged_4_class,20240422_neuron-adhered_10x_uncaged_4_class,20240703_neuron-adhered_10x_caged_4_class,231212_imr90_multichannel_overlay_4_class,20250227_preadipocytes-adhered_10x_caged_4_class,20250917_moc22-adhered_10x_caged_4_class"
20241212_preadipocytes-adhered_10x_uncaged_4_class,test_ds,0.335,6 Node (moc22),"20240516_DC-adhered_10x_caged_4_class,20240422_neuron-adhered_10x_uncaged_4_class,20240703_neuron-adhered_10x_caged_4_class,231212_imr90_multichannel_overlay_4_class,20250227_preadipocytes-adhered_10x_caged_4_class,20250917_moc22-adhered_10x_caged_4_class"
20250108_neuron-adhered_10x_uncaged_4_class,test_ds,0.417,6 Node (moc22),"20240516_DC-adhered_10x_caged_4_class,20240422_neuron-adhered_10x_uncaged_4_class,20240703_neuron-adhered_10x_caged_4_class,231212_imr90_multichannel_overlay_4_class,20250227_preadipocytes-adhered_10x_caged_4_class,20250917_moc22-adhered_10x_caged_4_class"
20250227_preadipocytes-adhered_10x_caged_4_class,test_ds,0.476,6 Node (moc22),"20240516_DC-adhered_10x_caged_4_class,20240422_neuron-adhered_10x_uncaged_4_class,20240703_neuron-adhered_10x_caged_4_class,231212_imr90_multichannel_overlay_4_class,20250227_preadipocytes-adhered_10x_caged_4_class,20250917_moc22-adhered_10x_caged_4_class"
20250305_neuron-adhered_10x_uncaged_4_class,test_ds,0.452,6 Node (moc22),"20240516_DC-adhered_10x_caged_4_class,20240422_neuron-adhered_10x_uncaged_4_class,20240703_neuron-adhered_10x_caged_4_class,231212_imr90_multichannel_overlay_4_class,20250227_preadipocytes-adhered_10x_caged_4_class,20250917_moc22-adhered_10x_caged_4_class"
20250820_c8d1a_astrocytes-adherent_10x_caged_4_class,test_ds,0.446,6 Node (moc22),"20240516_DC-adhered_10x_caged_4_class,20240422_neuron-adhered_10x_uncaged_4_class,20240703_neuron-adhered_10x_caged_4_class,231212_imr90_multichannel_overlay_4_class,20250227_preadipocytes-adhered_10x_caged_4_class,20250917_moc22-adhered_10x_caged_4_class"
20250917_moc22-adhered_10x_caged_4_class,test_ds,0.624,6 Node (moc22),"20240516_DC-adhered_10x_caged_4_class,20240422_neuron-adhered_10x_uncaged_4_class,20240703_neuron-adhered_10x_caged_4_class,231212_imr90_multichannel_overlay_4_class,20250227_preadipocytes-adhered_10x_caged_4_class,20250917_moc22-adhered_10x_caged_4_class"
20260316_a549-tomm20-gfp-adhered_10x_caged_at_4x_4_class,test_ds,0.648,6 Node (moc22),"20240516_DC-adhered_10x_caged_4_class,20240422_neuron-adhered_10x_uncaged_4_class,20240703_neuron-adhered_10x_caged_4_class,231212_imr90_multichannel_overlay_4_class,20250227_preadipocytes-adhered_10x_caged_4_class,20250917_moc22-adhered_10x_caged_4_class"
231212_imr90_multichannel_overlay_4_class,test_ds,0.8,6 Node (moc22),"20240516_DC-adhered_10x_caged_4_class,20240422_neuron-adhered_10x_uncaged_4_class,20240703_neuron-adhered_10x_caged_4_class,231212_imr90_multichannel_overlay_4_class,20250227_preadipocytes-adhered_10x_caged_4_class,20250917_moc22-adhered_10x_caged_4_class"
240213_imr90_multichannel_overlay_4_class,test_ds,0.614,6 Node (moc22),"20240516_DC-adhered_10x_caged_4_class,20240422_neuron-adhered_10x_uncaged_4_class,20240703_neuron-adhered_10x_caged_4_class,231212_imr90_multichannel_overlay_4_class,20250227_preadipocytes-adhered_10x_caged_4_class,20250917_moc22-adhered_10x_caged_4_class"
20240516_DC-adhered_10x_caged_4_class,train_ds,0.709,6 Node (hs675),"20240516_DC-adhered_10x_caged_4_class,20240422_neuron-adhered_10x_uncaged_4_class,20240703_neuron-adhered_10x_caged_4_class,231212_imr90_multichannel_overlay_4_class,20250227_preadipocytes-adhered_10x_caged_4_class,20240509_Hs675Tfibroblasts_10x_caged_4_class"
20240422_neuron-adhered_10x_uncaged_4_class,train_ds,0.577,6 Node (hs675),"20240516_DC-adhered_10x_caged_4_class,20240422_neuron-adhered_10x_uncaged_4_class,20240703_neuron-adhered_10x_caged_4_class,231212_imr90_multichannel_overlay_4_class,20250227_preadipocytes-adhered_10x_caged_4_class,20240509_Hs675Tfibroblasts_10x_caged_4_class"
20240703_neuron-adhered_10x_caged_4_class,train_ds,0.634,6 Node (hs675),"20240516_DC-adhered_10x_caged_4_class,20240422_neuron-adhered_10x_uncaged_4_class,20240703_neuron-adhered_10x_caged_4_class,231212_imr90_multichannel_overlay_4_class,20250227_preadipocytes-adhered_10x_caged_4_class,20240509_Hs675Tfibroblasts_10x_caged_4_class"
231212_imr90_multichannel_overlay_4_class,train_ds,0.799,6 Node (hs675),"20240516_DC-adhered_10x_caged_4_class,20240422_neuron-adhered_10x_uncaged_4_class,20240703_neuron-adhered_10x_caged_4_class,231212_imr90_multichannel_overlay_4_class,20250227_preadipocytes-adhered_10x_caged_4_class,20240509_Hs675Tfibroblasts_10x_caged_4_class"
20250227_preadipocytes-adhered_10x_caged_4_class,train_ds,0.477,6 Node (hs675),"20240516_DC-adhered_10x_caged_4_class,20240422_neuron-adhered_10x_uncaged_4_class,20240703_neuron-adhered_10x_caged_4_class,231212_imr90_multichannel_overlay_4_class,20250227_preadipocytes-adhered_10x_caged_4_class,20240509_Hs675Tfibroblasts_10x_caged_4_class"
20240509_Hs675Tfibroblasts_10x_caged_4_class,train_ds,0.751,6 Node (hs675),"20240516_DC-adhered_10x_caged_4_class,20240422_neuron-adhered_10x_uncaged_4_class,20240703_neuron-adhered_10x_caged_4_class,231212_imr90_multichannel_overlay_4_class,20250227_preadipocytes-adhered_10x_caged_4_class,20240509_Hs675Tfibroblasts_10x_caged_4_class"
20240422_neuron-adhered_10x_uncaged_4_class,test_ds,0.577,6 Node (hs675),"20240516_DC-adhered_10x_caged_4_class,20240422_neuron-adhered_10x_uncaged_4_class,20240703_neuron-adhered_10x_caged_4_class,231212_imr90_multichannel_overlay_4_class,20250227_preadipocytes-adhered_10x_caged_4_class,20240509_Hs675Tfibroblasts_10x_caged_4_class"
20240509_Hs675Tfibroblasts_10x_caged_4_class,test_ds,0.751,6 Node (hs675),"20240516_DC-adhered_10x_caged_4_class,20240422_neuron-adhered_10x_uncaged_4_class,20240703_neuron-adhered_10x_caged_4_class,231212_imr90_multichannel_overlay_4_class,20250227_preadipocytes-adhered_10x_caged_4_class,20240509_Hs675Tfibroblasts_10x_caged_4_class"
20240509_hela-adhered_10x_caged_4_class,test_ds,0.568,6 Node (hs675),"20240516_DC-adhered_10x_caged_4_class,20240422_neuron-adhered_10x_uncaged_4_class,20240703_neuron-adhered_10x_caged_4_class,231212_imr90_multichannel_overlay_4_class,20250227_preadipocytes-adhered_10x_caged_4_class,20240509_Hs675Tfibroblasts_10x_caged_4_class"
20240515_DC-adhered_10x_caged_4_class,test_ds,0.69,6 Node (hs675),"20240516_DC-adhered_10x_caged_4_class,20240422_neuron-adhered_10x_uncaged_4_class,20240703_neuron-adhered_10x_caged_4_class,231212_imr90_multichannel_overlay_4_class,20250227_preadipocytes-adhered_10x_caged_4_class,20240509_Hs675Tfibroblasts_10x_caged_4_class"
20240516_DC-adhered_10x_caged_4_class,test_ds,0.709,6 Node (hs675),"20240516_DC-adhered_10x_caged_4_class,20240422_neuron-adhered_10x_uncaged_4_class,20240703_neuron-adhered_10x_caged_4_class,231212_imr90_multichannel_overlay_4_class,20250227_preadipocytes-adhered_10x_caged_4_class,20240509_Hs675Tfibroblasts_10x_caged_4_class"
20240624_mc38_10x_caged_4_class,test_ds,0.456,6 Node (hs675),"20240516_DC-adhered_10x_caged_4_class,20240422_neuron-adhered_10x_uncaged_4_class,20240703_neuron-adhered_10x_caged_4_class,231212_imr90_multichannel_overlay_4_class,20250227_preadipocytes-adhered_10x_caged_4_class,20240509_Hs675Tfibroblasts_10x_caged_4_class"
20240624_mc38_10x_uncaged_4_class,test_ds,0.521,6 Node (hs675),"20240516_DC-adhered_10x_caged_4_class,20240422_neuron-adhered_10x_uncaged_4_class,20240703_neuron-adhered_10x_caged_4_class,231212_imr90_multichannel_overlay_4_class,20250227_preadipocytes-adhered_10x_caged_4_class,20240509_Hs675Tfibroblasts_10x_caged_4_class"
20240625_mc38_10x_caged_4_class,test_ds,0.585,6 Node (hs675),"20240516_DC-adhered_10x_caged_4_class,20240422_neuron-adhered_10x_uncaged_4_class,20240703_neuron-adhered_10x_caged_4_class,231212_imr90_multichannel_overlay_4_class,20250227_preadipocytes-adhered_10x_caged_4_class,20240509_Hs675Tfibroblasts_10x_caged_4_class"
20240703_neuron-adhered_10x_caged_4_class,test_ds,0.634,6 Node (hs675),"20240516_DC-adhered_10x_caged_4_class,20240422_neuron-adhered_10x_uncaged_4_class,20240703_neuron-adhered_10x_caged_4_class,231212_imr90_multichannel_overlay_4_class,20250227_preadipocytes-adhered_10x_caged_4_class,20240509_Hs675Tfibroblasts_10x_caged_4_class"
20240704_neuron-adhered_10x_caged_4_class,test_ds,0.605,6 Node (hs675),"20240516_DC-adhered_10x_caged_4_class,20240422_neuron-adhered_10x_uncaged_4_class,20240703_neuron-adhered_10x_caged_4_class,231212_imr90_multichannel_overlay_4_class,20250227_preadipocytes-adhered_10x_caged_4_class,20240509_Hs675Tfibroblasts_10x_caged_4_class"
20240905_u87-adhered_10x_caged_4_class,test_ds,0.544,6 Node (hs675),"20240516_DC-adhered_10x_caged_4_class,20240422_neuron-adhered_10x_uncaged_4_class,20240703_neuron-adhered_10x_caged_4_class,231212_imr90_multichannel_overlay_4_class,20250227_preadipocytes-adhered_10x_caged_4_class,20240509_Hs675Tfibroblasts_10x_caged_4_class"
20240924_enteric-glia-adhered_10x_uncaged_4_class,test_ds,0.613,6 Node (hs675),"20240516_DC-adhered_10x_caged_4_class,20240422_neuron-adhered_10x_uncaged_4_class,20240703_neuron-adhered_10x_caged_4_class,231212_imr90_multichannel_overlay_4_class,20250227_preadipocytes-adhered_10x_caged_4_class,20240509_Hs675Tfibroblasts_10x_caged_4_class"
20241212_preadipocytes-adhered_10x_uncaged_4_class,test_ds,0.336,6 Node (hs675),"20240516_DC-adhered_10x_caged_4_class,20240422_neuron-adhered_10x_uncaged_4_class,20240703_neuron-adhered_10x_caged_4_class,231212_imr90_multichannel_overlay_4_class,20250227_preadipocytes-adhered_10x_caged_4_class,20240509_Hs675Tfibroblasts_10x_caged_4_class"
20250108_neuron-adhered_10x_uncaged_4_class,test_ds,0.413,6 Node (hs675),"20240516_DC-adhered_10x_caged_4_class,20240422_neuron-adhered_10x_uncaged_4_class,20240703_neuron-adhered_10x_caged_4_class,231212_imr90_multichannel_overlay_4_class,20250227_preadipocytes-adhered_10x_caged_4_class,20240509_Hs675Tfibroblasts_10x_caged_4_class"
20250227_preadipocytes-adhered_10x_caged_4_class,test_ds,0.477,6 Node (hs675),"20240516_DC-adhered_10x_caged_4_class,20240422_neuron-adhered_10x_uncaged_4_class,20240703_neuron-adhered_10x_caged_4_class,231212_imr90_multichannel_overlay_4_class,20250227_preadipocytes-adhered_10x_caged_4_class,20240509_Hs675Tfibroblasts_10x_caged_4_class"
20250305_neuron-adhered_10x_uncaged_4_class,test_ds,0.508,6 Node (hs675),"20240516_DC-adhered_10x_caged_4_class,20240422_neuron-adhered_10x_uncaged_4_class,20240703_neuron-adhered_10x_caged_4_class,231212_imr90_multichannel_overlay_4_class,20250227_preadipocytes-adhered_10x_caged_4_class,20240509_Hs675Tfibroblasts_10x_caged_4_class"
20250820_c8d1a_astrocytes-adherent_10x_caged_4_class,test_ds,0.381,6 Node (hs675),"20240516_DC-adhered_10x_caged_4_class,20240422_neuron-adhered_10x_uncaged_4_class,20240703_neuron-adhered_10x_caged_4_class,231212_imr90_multichannel_overlay_4_class,20250227_preadipocytes-adhered_10x_caged_4_class,20240509_Hs675Tfibroblasts_10x_caged_4_class"
20250917_moc22-adhered_10x_caged_4_class,test_ds,0.311,6 Node (hs675),"20240516_DC-adhered_10x_caged_4_class,20240422_neuron-adhered_10x_uncaged_4_class,20240703_neuron-adhered_10x_caged_4_class,231212_imr90_multichannel_overlay_4_class,20250227_preadipocytes-adhered_10x_caged_4_class,20240509_Hs675Tfibroblasts_10x_caged_4_class"
20260316_a549-tomm20-gfp-adhered_10x_caged_at_4x_4_class,test_ds,0.483,6 Node (hs675),"20240516_DC-adhered_10x_caged_4_class,20240422_neuron-adhered_10x_uncaged_4_class,20240703_neuron-adhered_10x_caged_4_class,231212_imr90_multichannel_overlay_4_class,20250227_preadipocytes-adhered_10x_caged_4_class,20240509_Hs675Tfibroblasts_10x_caged_4_class"
231212_imr90_multichannel_overlay_4_class,test_ds,0.799,6 Node (hs675),"20240516_DC-adhered_10x_caged_4_class,20240422_neuron-adhered_10x_uncaged_4_class,20240703_neuron-adhered_10x_caged_4_class,231212_imr90_multichannel_overlay_4_class,20250227_preadipocytes-adhered_10x_caged_4_class,20240509_Hs675Tfibroblasts_10x_caged_4_class"
240213_imr90_multichannel_overlay_4_class,test_ds,0.63,6 Node (hs675),"20240516_DC-adhered_10x_caged_4_class,20240422_neuron-adhered_10x_uncaged_4_class,20240703_neuron-adhered_10x_caged_4_class,231212_imr90_multichannel_overlay_4_class,20250227_preadipocytes-adhered_10x_caged_4_class,20240509_Hs675Tfibroblasts_10x_caged_4_class"
20240516_DC-adhered_10x_caged_4_class,train_ds,0.706,6 Nodes (a549),"20240516_DC-adhered_10x_caged_4_class,20240422_neuron-adhered_10x_uncaged_4_class,20240703_neuron-adhered_10x_caged_4_class,231212_imr90_multichannel_overlay_4_class,20250227_preadipocytes-adhered_10x_caged_4_class,20260316_a549-tomm20-gfp-adhered_10x_caged_at_4x_4_class"
20240422_neuron-adhered_10x_uncaged_4_class,train_ds,0.576,6 Nodes (a549),"20240516_DC-adhered_10x_caged_4_class,20240422_neuron-adhered_10x_uncaged_4_class,20240703_neuron-adhered_10x_caged_4_class,231212_imr90_multichannel_overlay_4_class,20250227_preadipocytes-adhered_10x_caged_4_class,20260316_a549-tomm20-gfp-adhered_10x_caged_at_4x_4_class"
20240703_neuron-adhered_10x_caged_4_class,train_ds,0.632,6 Nodes (a549),"20240516_DC-adhered_10x_caged_4_class,20240422_neuron-adhered_10x_uncaged_4_class,20240703_neuron-adhered_10x_caged_4_class,231212_imr90_multichannel_overlay_4_class,20250227_preadipocytes-adhered_10x_caged_4_class,20260316_a549-tomm20-gfp-adhered_10x_caged_at_4x_4_class"
231212_imr90_multichannel_overlay_4_class,train_ds,0.8,6 Nodes (a549),"20240516_DC-adhered_10x_caged_4_class,20240422_neuron-adhered_10x_uncaged_4_class,20240703_neuron-adhered_10x_caged_4_class,231212_imr90_multichannel_overlay_4_class,20250227_preadipocytes-adhered_10x_caged_4_class,20260316_a549-tomm20-gfp-adhered_10x_caged_at_4x_4_class"
20250227_preadipocytes-adhered_10x_caged_4_class,train_ds,0.475,6 Nodes (a549),"20240516_DC-adhered_10x_caged_4_class,20240422_neuron-adhered_10x_uncaged_4_class,20240703_neuron-adhered_10x_caged_4_class,231212_imr90_multichannel_overlay_4_class,20250227_preadipocytes-adhered_10x_caged_4_class,20260316_a549-tomm20-gfp-adhered_10x_caged_at_4x_4_class"
20260316_a549-tomm20-gfp-adhered_10x_caged_at_4x_4_class,train_ds,0.715,6 Nodes (a549),"20240516_DC-adhered_10x_caged_4_class,20240422_neuron-adhered_10x_uncaged_4_class,20240703_neuron-adhered_10x_caged_4_class,231212_imr90_multichannel_overlay_4_class,20250227_preadipocytes-adhered_10x_caged_4_class,20260316_a549-tomm20-gfp-adhered_10x_caged_at_4x_4_class"
20240422_neuron-adhered_10x_uncaged_4_class,test_ds,0.576,6 Nodes (a549),"20240516_DC-adhered_10x_caged_4_class,20240422_neuron-adhered_10x_uncaged_4_class,20240703_neuron-adhered_10x_caged_4_class,231212_imr90_multichannel_overlay_4_class,20250227_preadipocytes-adhered_10x_caged_4_class,20260316_a549-tomm20-gfp-adhered_10x_caged_at_4x_4_class"
20240509_Hs675Tfibroblasts_10x_caged_4_class,test_ds,0.497,6 Nodes (a549),"20240516_DC-adhered_10x_caged_4_class,20240422_neuron-adhered_10x_uncaged_4_class,20240703_neuron-adhered_10x_caged_4_class,231212_imr90_multichannel_overlay_4_class,20250227_preadipocytes-adhered_10x_caged_4_class,20260316_a549-tomm20-gfp-adhered_10x_caged_at_4x_4_class"
20240509_hela-adhered_10x_caged_4_class,test_ds,0.498,6 Nodes (a549),"20240516_DC-adhered_10x_caged_4_class,20240422_neuron-adhered_10x_uncaged_4_class,20240703_neuron-adhered_10x_caged_4_class,231212_imr90_multichannel_overlay_4_class,20250227_preadipocytes-adhered_10x_caged_4_class,20260316_a549-tomm20-gfp-adhered_10x_caged_at_4x_4_class"
20240515_DC-adhered_10x_caged_4_class,test_ds,0.689,6 Nodes (a549),"20240516_DC-adhered_10x_caged_4_class,20240422_neuron-adhered_10x_uncaged_4_class,20240703_neuron-adhered_10x_caged_4_class,231212_imr90_multichannel_overlay_4_class,20250227_preadipocytes-adhered_10x_caged_4_class,20260316_a549-tomm20-gfp-adhered_10x_caged_at_4x_4_class"
20240516_DC-adhered_10x_caged_4_class,test_ds,0.706,6 Nodes (a549),"20240516_DC-adhered_10x_caged_4_class,20240422_neuron-adhered_10x_uncaged_4_class,20240703_neuron-adhered_10x_caged_4_class,231212_imr90_multichannel_overlay_4_class,20250227_preadipocytes-adhered_10x_caged_4_class,20260316_a549-tomm20-gfp-adhered_10x_caged_at_4x_4_class"
20240624_mc38_10x_caged_4_class,test_ds,0.498,6 Nodes (a549),"20240516_DC-adhered_10x_caged_4_class,20240422_neuron-adhered_10x_uncaged_4_class,20240703_neuron-adhered_10x_caged_4_class,231212_imr90_multichannel_overlay_4_class,20250227_preadipocytes-adhered_10x_caged_4_class,20260316_a549-tomm20-gfp-adhered_10x_caged_at_4x_4_class"
20240624_mc38_10x_uncaged_4_class,test_ds,0.513,6 Nodes (a549),"20240516_DC-adhered_10x_caged_4_class,20240422_neuron-adhered_10x_uncaged_4_class,20240703_neuron-adhered_10x_caged_4_class,231212_imr90_multichannel_overlay_4_class,20250227_preadipocytes-adhered_10x_caged_4_class,20260316_a549-tomm20-gfp-adhered_10x_caged_at_4x_4_class"
20240625_mc38_10x_caged_4_class,test_ds,0.509,6 Nodes (a549),"20240516_DC-adhered_10x_caged_4_class,20240422_neuron-adhered_10x_uncaged_4_class,20240703_neuron-adhered_10x_caged_4_class,231212_imr90_multichannel_overlay_4_class,20250227_preadipocytes-adhered_10x_caged_4_class,20260316_a549-tomm20-gfp-adhered_10x_caged_at_4x_4_class"
20240703_neuron-adhered_10x_caged_4_class,test_ds,0.632,6 Nodes (a549),"20240516_DC-adhered_10x_caged_4_class,20240422_neuron-adhered_10x_uncaged_4_class,20240703_neuron-adhered_10x_caged_4_class,231212_imr90_multichannel_overlay_4_class,20250227_preadipocytes-adhered_10x_caged_4_class,20260316_a549-tomm20-gfp-adhered_10x_caged_at_4x_4_class"
20240704_neuron-adhered_10x_caged_4_class,test_ds,0.604,6 Nodes (a549),"20240516_DC-adhered_10x_caged_4_class,20240422_neuron-adhered_10x_uncaged_4_class,20240703_neuron-adhered_10x_caged_4_class,231212_imr90_multichannel_overlay_4_class,20250227_preadipocytes-adhered_10x_caged_4_class,20260316_a549-tomm20-gfp-adhered_10x_caged_at_4x_4_class"
20240905_u87-adhered_10x_caged_4_class,test_ds,0.572,6 Nodes (a549),"20240516_DC-adhered_10x_caged_4_class,20240422_neuron-adhered_10x_uncaged_4_class,20240703_neuron-adhered_10x_caged_4_class,231212_imr90_multichannel_overlay_4_class,20250227_preadipocytes-adhered_10x_caged_4_class,20260316_a549-tomm20-gfp-adhered_10x_caged_at_4x_4_class"
20240924_enteric-glia-adhered_10x_uncaged_4_class,test_ds,0.678,6 Nodes (a549),"20240516_DC-adhered_10x_caged_4_class,20240422_neuron-adhered_10x_uncaged_4_class,20240703_neuron-adhered_10x_caged_4_class,231212_imr90_multichannel_overlay_4_class,20250227_preadipocytes-adhered_10x_caged_4_class,20260316_a549-tomm20-gfp-adhered_10x_caged_at_4x_4_class"
20241212_preadipocytes-adhered_10x_uncaged_4_class,test_ds,0.343,6 Nodes (a549),"20240516_DC-adhered_10x_caged_4_class,20240422_neuron-adhered_10x_uncaged_4_class,20240703_neuron-adhered_10x_caged_4_class,231212_imr90_multichannel_overlay_4_class,20250227_preadipocytes-adhered_10x_caged_4_class,20260316_a549-tomm20-gfp-adhered_10x_caged_at_4x_4_class"
20250108_neuron-adhered_10x_uncaged_4_class,test_ds,0.384,6 Nodes (a549),"20240516_DC-adhered_10x_caged_4_class,20240422_neuron-adhered_10x_uncaged_4_class,20240703_neuron-adhered_10x_caged_4_class,231212_imr90_multichannel_overlay_4_class,20250227_preadipocytes-adhered_10x_caged_4_class,20260316_a549-tomm20-gfp-adhered_10x_caged_at_4x_4_class"
20250227_preadipocytes-adhered_10x_caged_4_class,test_ds,0.475,6 Nodes (a549),"20240516_DC-adhered_10x_caged_4_class,20240422_neuron-adhered_10x_uncaged_4_class,20240703_neuron-adhered_10x_caged_4_class,231212_imr90_multichannel_overlay_4_class,20250227_preadipocytes-adhered_10x_caged_4_class,20260316_a549-tomm20-gfp-adhered_10x_caged_at_4x_4_class"
20250305_neuron-adhered_10x_uncaged_4_class,test_ds,0.485,6 Nodes (a549),"20240516_DC-adhered_10x_caged_4_class,20240422_neuron-adhered_10x_uncaged_4_class,20240703_neuron-adhered_10x_caged_4_class,231212_imr90_multichannel_overlay_4_class,20250227_preadipocytes-adhered_10x_caged_4_class,20260316_a549-tomm20-gfp-adhered_10x_caged_at_4x_4_class"
20250820_c8d1a_astrocytes-adherent_10x_caged_4_class,test_ds,0.476,6 Nodes (a549),"20240516_DC-adhered_10x_caged_4_class,20240422_neuron-adhered_10x_uncaged_4_class,20240703_neuron-adhered_10x_caged_4_class,231212_imr90_multichannel_overlay_4_class,20250227_preadipocytes-adhered_10x_caged_4_class,20260316_a549-tomm20-gfp-adhered_10x_caged_at_4x_4_class"
20250917_moc22-adhered_10x_caged_4_class,test_ds,0.528,6 Nodes (a549),"20240516_DC-adhered_10x_caged_4_class,20240422_neuron-adhered_10x_uncaged_4_class,20240703_neuron-adhered_10x_caged_4_class,231212_imr90_multichannel_overlay_4_class,20250227_preadipocytes-adhered_10x_caged_4_class,20260316_a549-tomm20-gfp-adhered_10x_caged_at_4x_4_class"
20260316_a549-tomm20-gfp-adhered_10x_caged_at_4x_4_class,test_ds,0.715,6 Nodes (a549),"20240516_DC-adhered_10x_caged_4_class,20240422_neuron-adhered_10x_uncaged_4_class,20240703_neuron-adhered_10x_caged_4_class,231212_imr90_multichannel_overlay_4_class,20250227_preadipocytes-adhered_10x_caged_4_class,20260316_a549-tomm20-gfp-adhered_10x_caged_at_4x_4_class"
231212_imr90_multichannel_overlay_4_class,test_ds,0.8,6 Nodes (a549),"20240516_DC-adhered_10x_caged_4_class,20240422_neuron-adhered_10x_uncaged_4_class,20240703_neuron-adhered_10x_caged_4_class,231212_imr90_multichannel_overlay_4_class,20250227_preadipocytes-adhered_10x_caged_4_class,20260316_a549-tomm20-gfp-adhered_10x_caged_at_4x_4_class"
240213_imr90_multichannel_overlay_4_class,test_ds,0.625,6 Nodes (a549),"20240516_DC-adhered_10x_caged_4_class,20240422_neuron-adhered_10x_uncaged_4_class,20240703_neuron-adhered_10x_caged_4_class,231212_imr90_multichannel_overlay_4_class,20250227_preadipocytes-adhered_10x_caged_4_class,20260316_a549-tomm20-gfp-adhered_10x_caged_at_4x_4_class"
20240516_DC-adhered_10x_caged_4_class,train_ds,0.706,7 Nodes (hs675+astro),"20240516_DC-adhered_10x_caged_4_class,20240422_neuron-adhered_10x_uncaged_4_class,20240703_neuron-adhered_10x_caged_4_class,231212_imr90_multichannel_overlay_4_class,20250227_preadipocytes-adhered_10x_caged_4_class,20240509_Hs675Tfibroblasts_10x_caged_4_class,20250820_c8d1a_astrocytes-adherent_10x_caged_4_class"
20240422_neuron-adhered_10x_uncaged_4_class,train_ds,0.576,7 Nodes (hs675+astro),"20240516_DC-adhered_10x_caged_4_class,20240422_neuron-adhered_10x_uncaged_4_class,20240703_neuron-adhered_10x_caged_4_class,231212_imr90_multichannel_overlay_4_class,20250227_preadipocytes-adhered_10x_caged_4_class,20240509_Hs675Tfibroblasts_10x_caged_4_class,20250820_c8d1a_astrocytes-adherent_10x_caged_4_class"
20240703_neuron-adhered_10x_caged_4_class,train_ds,0.627,7 Nodes (hs675+astro),"20240516_DC-adhered_10x_caged_4_class,20240422_neuron-adhered_10x_uncaged_4_class,20240703_neuron-adhered_10x_caged_4_class,231212_imr90_multichannel_overlay_4_class,20250227_preadipocytes-adhered_10x_caged_4_class,20240509_Hs675Tfibroblasts_10x_caged_4_class,20250820_c8d1a_astrocytes-adherent_10x_caged_4_class"
231212_imr90_multichannel_overlay_4_class,train_ds,0.801,7 Nodes (hs675+astro),"20240516_DC-adhered_10x_caged_4_class,20240422_neuron-adhered_10x_uncaged_4_class,20240703_neuron-adhered_10x_caged_4_class,231212_imr90_multichannel_overlay_4_class,20250227_preadipocytes-adhered_10x_caged_4_class,20240509_Hs675Tfibroblasts_10x_caged_4_class,20250820_c8d1a_astrocytes-adherent_10x_caged_4_class"
20250227_preadipocytes-adhered_10x_caged_4_class,train_ds,0.474,7 Nodes (hs675+astro),"20240516_DC-adhered_10x_caged_4_class,20240422_neuron-adhered_10x_uncaged_4_class,20240703_neuron-adhered_10x_caged_4_class,231212_imr90_multichannel_overlay_4_class,20250227_preadipocytes-adhered_10x_caged_4_class,20240509_Hs675Tfibroblasts_10x_caged_4_class,20250820_c8d1a_astrocytes-adherent_10x_caged_4_class"
20240509_Hs675Tfibroblasts_10x_caged_4_class,train_ds,0.752,7 Nodes (hs675+astro),"20240516_DC-adhered_10x_caged_4_class,20240422_neuron-adhered_10x_uncaged_4_class,20240703_neuron-adhered_10x_caged_4_class,231212_imr90_multichannel_overlay_4_class,20250227_preadipocytes-adhered_10x_caged_4_class,20240509_Hs675Tfibroblasts_10x_caged_4_class,20250820_c8d1a_astrocytes-adherent_10x_caged_4_class"
20250820_c8d1a_astrocytes-adherent_10x_caged_4_class,train_ds,0.544,7 Nodes (hs675+astro),"20240516_DC-adhered_10x_caged_4_class,20240422_neuron-adhered_10x_uncaged_4_class,20240703_neuron-adhered_10x_caged_4_class,231212_imr90_multichannel_overlay_4_class,20250227_preadipocytes-adhered_10x_caged_4_class,20240509_Hs675Tfibroblasts_10x_caged_4_class,20250820_c8d1a_astrocytes-adherent_10x_caged_4_class"
20240422_neuron-adhered_10x_uncaged_4_class,test_ds,0.576,7 Nodes (hs675+astro),"20240516_DC-adhered_10x_caged_4_class,20240422_neuron-adhered_10x_uncaged_4_class,20240703_neuron-adhered_10x_caged_4_class,231212_imr90_multichannel_overlay_4_class,20250227_preadipocytes-adhered_10x_caged_4_class,20240509_Hs675Tfibroblasts_10x_caged_4_class,20250820_c8d1a_astrocytes-adherent_10x_caged_4_class"
20240509_Hs675Tfibroblasts_10x_caged_4_class,test_ds,0.752,7 Nodes (hs675+astro),"20240516_DC-adhered_10x_caged_4_class,20240422_neuron-adhered_10x_uncaged_4_class,20240703_neuron-adhered_10x_caged_4_class,231212_imr90_multichannel_overlay_4_class,20250227_preadipocytes-adhered_10x_caged_4_class,20240509_Hs675Tfibroblasts_10x_caged_4_class,20250820_c8d1a_astrocytes-adherent_10x_caged_4_class"
20240509_hela-adhered_10x_caged_4_class,test_ds,0.554,7 Nodes (hs675+astro),"20240516_DC-adhered_10x_caged_4_class,20240422_neuron-adhered_10x_uncaged_4_class,20240703_neuron-adhered_10x_caged_4_class,231212_imr90_multichannel_overlay_4_class,20250227_preadipocytes-adhered_10x_caged_4_class,20240509_Hs675Tfibroblasts_10x_caged_4_class,20250820_c8d1a_astrocytes-adherent_10x_caged_4_class"
20240515_DC-adhered_10x_caged_4_class,test_ds,0.689,7 Nodes (hs675+astro),"20240516_DC-adhered_10x_caged_4_class,20240422_neuron-adhered_10x_uncaged_4_class,20240703_neuron-adhered_10x_caged_4_class,231212_imr90_multichannel_overlay_4_class,20250227_preadipocytes-adhered_10x_caged_4_class,20240509_Hs675Tfibroblasts_10x_caged_4_class,20250820_c8d1a_astrocytes-adherent_10x_caged_4_class"
20240516_DC-adhered_10x_caged_4_class,test_ds,0.706,7 Nodes (hs675+astro),"20240516_DC-adhered_10x_caged_4_class,20240422_neuron-adhered_10x_uncaged_4_class,20240703_neuron-adhered_10x_caged_4_class,231212_imr90_multichannel_overlay_4_class,20250227_preadipocytes-adhered_10x_caged_4_class,20240509_Hs675Tfibroblasts_10x_caged_4_class,20250820_c8d1a_astrocytes-adherent_10x_caged_4_class"
20240624_mc38_10x_caged_4_class,test_ds,0.443,7 Nodes (hs675+astro),"20240516_DC-adhered_10x_caged_4_class,20240422_neuron-adhered_10x_uncaged_4_class,20240703_neuron-adhered_10x_caged_4_class,231212_imr90_multichannel_overlay_4_class,20250227_preadipocytes-adhered_10x_caged_4_class,20240509_Hs675Tfibroblasts_10x_caged_4_class,20250820_c8d1a_astrocytes-adherent_10x_caged_4_class"
20240624_mc38_10x_uncaged_4_class,test_ds,0.538,7 Nodes (hs675+astro),"20240516_DC-adhered_10x_caged_4_class,20240422_neuron-adhered_10x_uncaged_4_class,20240703_neuron-adhered_10x_caged_4_class,231212_imr90_multichannel_overlay_4_class,20250227_preadipocytes-adhered_10x_caged_4_class,20240509_Hs675Tfibroblasts_10x_caged_4_class,20250820_c8d1a_astrocytes-adherent_10x_caged_4_class"
20240625_mc38_10x_caged_4_class,test_ds,0.547,7 Nodes (hs675+astro),"20240516_DC-adhered_10x_caged_4_class,20240422_neuron-adhered_10x_uncaged_4_class,20240703_neuron-adhered_10x_caged_4_class,231212_imr90_multichannel_overlay_4_class,20250227_preadipocytes-adhered_10x_caged_4_class,20240509_Hs675Tfibroblasts_10x_caged_4_class,20250820_c8d1a_astrocytes-adherent_10x_caged_4_class"
20240703_neuron-adhered_10x_caged_4_class,test_ds,0.627,7 Nodes (hs675+astro),"20240516_DC-adhered_10x_caged_4_class,20240422_neuron-adhered_10x_uncaged_4_class,20240703_neuron-adhered_10x_caged_4_class,231212_imr90_multichannel_overlay_4_class,20250227_preadipocytes-adhered_10x_caged_4_class,20240509_Hs675Tfibroblasts_10x_caged_4_class,20250820_c8d1a_astrocytes-adherent_10x_caged_4_class"
20240704_neuron-adhered_10x_caged_4_class,test_ds,0.607,7 Nodes (hs675+astro),"20240516_DC-adhered_10x_caged_4_class,20240422_neuron-adhered_10x_uncaged_4_class,20240703_neuron-adhered_10x_caged_4_class,231212_imr90_multichannel_overlay_4_class,20250227_preadipocytes-adhered_10x_caged_4_class,20240509_Hs675Tfibroblasts_10x_caged_4_class,20250820_c8d1a_astrocytes-adherent_10x_caged_4_class"
20240905_u87-adhered_10x_caged_4_class,test_ds,0.575,7 Nodes (hs675+astro),"20240516_DC-adhered_10x_caged_4_class,20240422_neuron-adhered_10x_uncaged_4_class,20240703_neuron-adhered_10x_caged_4_class,231212_imr90_multichannel_overlay_4_class,20250227_preadipocytes-adhered_10x_caged_4_class,20240509_Hs675Tfibroblasts_10x_caged_4_class,20250820_c8d1a_astrocytes-adherent_10x_caged_4_class"
20240924_enteric-glia-adhered_10x_uncaged_4_class,test_ds,0.645,7 Nodes (hs675+astro),"20240516_DC-adhered_10x_caged_4_class,20240422_neuron-adhered_10x_uncaged_4_class,20240703_neuron-adhered_10x_caged_4_class,231212_imr90_multichannel_overlay_4_class,20250227_preadipocytes-adhered_10x_caged_4_class,20240509_Hs675Tfibroblasts_10x_caged_4_class,20250820_c8d1a_astrocytes-adherent_10x_caged_4_class"
20241212_preadipocytes-adhered_10x_uncaged_4_class,test_ds,0.337,7 Nodes (hs675+astro),"20240516_DC-adhered_10x_caged_4_class,20240422_neuron-adhered_10x_uncaged_4_class,20240703_neuron-adhered_10x_caged_4_class,231212_imr90_multichannel_overlay_4_class,20250227_preadipocytes-adhered_10x_caged_4_class,20240509_Hs675Tfibroblasts_10x_caged_4_class,20250820_c8d1a_astrocytes-adherent_10x_caged_4_class"
20250108_neuron-adhered_10x_uncaged_4_class,test_ds,0.381,7 Nodes (hs675+astro),"20240516_DC-adhered_10x_caged_4_class,20240422_neuron-adhered_10x_uncaged_4_class,20240703_neuron-adhered_10x_caged_4_class,231212_imr90_multichannel_overlay_4_class,20250227_preadipocytes-adhered_10x_caged_4_class,20240509_Hs675Tfibroblasts_10x_caged_4_class,20250820_c8d1a_astrocytes-adherent_10x_caged_4_class"
20250227_preadipocytes-adhered_10x_caged_4_class,test_ds,0.474,7 Nodes (hs675+astro),"20240516_DC-adhered_10x_caged_4_class,20240422_neuron-adhered_10x_uncaged_4_class,20240703_neuron-adhered_10x_caged_4_class,231212_imr90_multichannel_overlay_4_class,20250227_preadipocytes-adhered_10x_caged_4_class,20240509_Hs675Tfibroblasts_10x_caged_4_class,20250820_c8d1a_astrocytes-adherent_10x_caged_4_class"
20250305_neuron-adhered_10x_uncaged_4_class,test_ds,0.519,7 Nodes (hs675+astro),"20240516_DC-adhered_10x_caged_4_class,20240422_neuron-adhered_10x_uncaged_4_class,20240703_neuron-adhered_10x_caged_4_class,231212_imr90_multichannel_overlay_4_class,20250227_preadipocytes-adhered_10x_caged_4_class,20240509_Hs675Tfibroblasts_10x_caged_4_class,20250820_c8d1a_astrocytes-adherent_10x_caged_4_class"
20250820_c8d1a_astrocytes-adherent_10x_caged_4_class,test_ds,0.544,7 Nodes (hs675+astro),"20240516_DC-adhered_10x_caged_4_class,20240422_neuron-adhered_10x_uncaged_4_class,20240703_neuron-adhered_10x_caged_4_class,231212_imr90_multichannel_overlay_4_class,20250227_preadipocytes-adhered_10x_caged_4_class,20240509_Hs675Tfibroblasts_10x_caged_4_class,20250820_c8d1a_astrocytes-adherent_10x_caged_4_class"
20250917_moc22-adhered_10x_caged_4_class,test_ds,0.41,7 Nodes (hs675+astro),"20240516_DC-adhered_10x_caged_4_class,20240422_neuron-adhered_10x_uncaged_4_class,20240703_neuron-adhered_10x_caged_4_class,231212_imr90_multichannel_overlay_4_class,20250227_preadipocytes-adhered_10x_caged_4_class,20240509_Hs675Tfibroblasts_10x_caged_4_class,20250820_c8d1a_astrocytes-adherent_10x_caged_4_class"
20260316_a549-tomm20-gfp-adhered_10x_caged_at_4x_4_class,test_ds,0.569,7 Nodes (hs675+astro),"20240516_DC-adhered_10x_caged_4_class,20240422_neuron-adhered_10x_uncaged_4_class,20240703_neuron-adhered_10x_caged_4_class,231212_imr90_multichannel_overlay_4_class,20250227_preadipocytes-adhered_10x_caged_4_class,20240509_Hs675Tfibroblasts_10x_caged_4_class,20250820_c8d1a_astrocytes-adherent_10x_caged_4_class"
231212_imr90_multichannel_overlay_4_class,test_ds,0.801,7 Nodes (hs675+astro),"20240516_DC-adhered_10x_caged_4_class,20240422_neuron-adhered_10x_uncaged_4_class,20240703_neuron-adhered_10x_caged_4_class,231212_imr90_multichannel_overlay_4_class,20250227_preadipocytes-adhered_10x_caged_4_class,20240509_Hs675Tfibroblasts_10x_caged_4_class,20250820_c8d1a_astrocytes-adherent_10x_caged_4_class"
240213_imr90_multichannel_overlay_4_class,test_ds,0.611,7 Nodes (hs675+astro),"20240516_DC-adhered_10x_caged_4_class,20240422_neuron-adhered_10x_uncaged_4_class,20240703_neuron-adhered_10x_caged_4_class,231212_imr90_multichannel_overlay_4_class,20250227_preadipocytes-adhered_10x_caged_4_class,20240509_Hs675Tfibroblasts_10x_caged_4_class,20250820_c8d1a_astrocytes-adherent_10x_caged_4_class"
20240516_DC-adhered_10x_caged_4_class,train_ds,0.714,6 Node (astro),"20240516_DC-adhered_10x_caged_4_class,20240422_neuron-adhered_10x_uncaged_4_class,20240703_neuron-adhered_10x_caged_4_class,231212_imr90_multichannel_overlay_4_class,20250227_preadipocytes-adhered_10x_caged_4_class,20250820_c8d1a_astrocytes-adherent_10x_caged_4_class"
20240422_neuron-adhered_10x_uncaged_4_class,train_ds,0.579,6 Node (astro),"20240516_DC-adhered_10x_caged_4_class,20240422_neuron-adhered_10x_uncaged_4_class,20240703_neuron-adhered_10x_caged_4_class,231212_imr90_multichannel_overlay_4_class,20250227_preadipocytes-adhered_10x_caged_4_class,20250820_c8d1a_astrocytes-adherent_10x_caged_4_class"
20240703_neuron-adhered_10x_caged_4_class,train_ds,0.635,6 Node (astro),"20240516_DC-adhered_10x_caged_4_class,20240422_neuron-adhered_10x_uncaged_4_class,20240703_neuron-adhered_10x_caged_4_class,231212_imr90_multichannel_overlay_4_class,20250227_preadipocytes-adhered_10x_caged_4_class,20250820_c8d1a_astrocytes-adherent_10x_caged_4_class"
231212_imr90_multichannel_overlay_4_class,train_ds,0.802,6 Node (astro),"20240516_DC-adhered_10x_caged_4_class,20240422_neuron-adhered_10x_uncaged_4_class,20240703_neuron-adhered_10x_caged_4_class,231212_imr90_multichannel_overlay_4_class,20250227_preadipocytes-adhered_10x_caged_4_class,20250820_c8d1a_astrocytes-adherent_10x_caged_4_class"
20250227_preadipocytes-adhered_10x_caged_4_class,train_ds,0.478,6 Node (astro),"20240516_DC-adhered_10x_caged_4_class,20240422_neuron-adhered_10x_uncaged_4_class,20240703_neuron-adhered_10x_caged_4_class,231212_imr90_multichannel_overlay_4_class,20250227_preadipocytes-adhered_10x_caged_4_class,20250820_c8d1a_astrocytes-adherent_10x_caged_4_class"
20250820_c8d1a_astrocytes-adherent_10x_caged_4_class,train_ds,0.561,6 Node (astro),"20240516_DC-adhered_10x_caged_4_class,20240422_neuron-adhered_10x_uncaged_4_class,20240703_neuron-adhered_10x_caged_4_class,231212_imr90_multichannel_overlay_4_class,20250227_preadipocytes-adhered_10x_caged_4_class,20250820_c8d1a_astrocytes-adherent_10x_caged_4_class"
20240422_neuron-adhered_10x_uncaged_4_class,test_ds,0.579,6 Node (astro),"20240516_DC-adhered_10x_caged_4_class,20240422_neuron-adhered_10x_uncaged_4_class,20240703_neuron-adhered_10x_caged_4_class,231212_imr90_multichannel_overlay_4_class,20250227_preadipocytes-adhered_10x_caged_4_class,20250820_c8d1a_astrocytes-adherent_10x_caged_4_class"
20240509_Hs675Tfibroblasts_10x_caged_4_class,test_ds,0.495,6 Node (astro),"20240516_DC-adhered_10x_caged_4_class,20240422_neuron-adhered_10x_uncaged_4_class,20240703_neuron-adhered_10x_caged_4_class,231212_imr90_multichannel_overlay_4_class,20250227_preadipocytes-adhered_10x_caged_4_class,20250820_c8d1a_astrocytes-adherent_10x_caged_4_class"
20240509_hela-adhered_10x_caged_4_class,test_ds,0.495,6 Node (astro),"20240516_DC-adhered_10x_caged_4_class,20240422_neuron-adhered_10x_uncaged_4_class,20240703_neuron-adhered_10x_caged_4_class,231212_imr90_multichannel_overlay_4_class,20250227_preadipocytes-adhered_10x_caged_4_class,20250820_c8d1a_astrocytes-adherent_10x_caged_4_class"
20240515_DC-adhered_10x_caged_4_class,test_ds,0.694,6 Node (astro),"20240516_DC-adhered_10x_caged_4_class,20240422_neuron-adhered_10x_uncaged_4_class,20240703_neuron-adhered_10x_caged_4_class,231212_imr90_multichannel_overlay_4_class,20250227_preadipocytes-adhered_10x_caged_4_class,20250820_c8d1a_astrocytes-adherent_10x_caged_4_class"
20240516_DC-adhered_10x_caged_4_class,test_ds,0.714,6 Node (astro),"20240516_DC-adhered_10x_caged_4_class,20240422_neuron-adhered_10x_uncaged_4_class,20240703_neuron-adhered_10x_caged_4_class,231212_imr90_multichannel_overlay_4_class,20250227_preadipocytes-adhered_10x_caged_4_class,20250820_c8d1a_astrocytes-adherent_10x_caged_4_class"
20240624_mc38_10x_caged_4_class,test_ds,0.455,6 Node (astro),"20240516_DC-adhered_10x_caged_4_class,20240422_neuron-adhered_10x_uncaged_4_class,20240703_neuron-adhered_10x_caged_4_class,231212_imr90_multichannel_overlay_4_class,20250227_preadipocytes-adhered_10x_caged_4_class,20250820_c8d1a_astrocytes-adherent_10x_caged_4_class"
20240624_mc38_10x_uncaged_4_class,test_ds,0.532,6 Node (astro),"20240516_DC-adhered_10x_caged_4_class,20240422_neuron-adhered_10x_uncaged_4_class,20240703_neuron-adhered_10x_caged_4_class,231212_imr90_multichannel_overlay_4_class,20250227_preadipocytes-adhered_10x_caged_4_class,20250820_c8d1a_astrocytes-adherent_10x_caged_4_class"
20240625_mc38_10x_caged_4_class,test_ds,0.466,6 Node (astro),"20240516_DC-adhered_10x_caged_4_class,20240422_neuron-adhered_10x_uncaged_4_class,20240703_neuron-adhered_10x_caged_4_class,231212_imr90_multichannel_overlay_4_class,20250227_preadipocytes-adhered_10x_caged_4_class,20250820_c8d1a_astrocytes-adherent_10x_caged_4_class"
20240703_neuron-adhered_10x_caged_4_class,test_ds,0.635,6 Node (astro),"20240516_DC-adhered_10x_caged_4_class,20240422_neuron-adhered_10x_uncaged_4_class,20240703_neuron-adhered_10x_caged_4_class,231212_imr90_multichannel_overlay_4_class,20250227_preadipocytes-adhered_10x_caged_4_class,20250820_c8d1a_astrocytes-adherent_10x_caged_4_class"
20240704_neuron-adhered_10x_caged_4_class,test_ds,0.607,6 Node (astro),"20240516_DC-adhered_10x_caged_4_class,20240422_neuron-adhered_10x_uncaged_4_class,20240703_neuron-adhered_10x_caged_4_class,231212_imr90_multichannel_overlay_4_class,20250227_preadipocytes-adhered_10x_caged_4_class,20250820_c8d1a_astrocytes-adherent_10x_caged_4_class"
20240905_u87-adhered_10x_caged_4_class,test_ds,0.577,6 Node (astro),"20240516_DC-adhered_10x_caged_4_class,20240422_neuron-adhered_10x_uncaged_4_class,20240703_neuron-adhered_10x_caged_4_class,231212_imr90_multichannel_overlay_4_class,20250227_preadipocytes-adhered_10x_caged_4_class,20250820_c8d1a_astrocytes-adherent_10x_caged_4_class"
20240924_enteric-glia-adhered_10x_uncaged_4_class,test_ds,0.641,6 Node (astro),"20240516_DC-adhered_10x_caged_4_class,20240422_neuron-adhered_10x_uncaged_4_class,20240703_neuron-adhered_10x_caged_4_class,231212_imr90_multichannel_overlay_4_class,20250227_preadipocytes-adhered_10x_caged_4_class,20250820_c8d1a_astrocytes-adherent_10x_caged_4_class"
20241212_preadipocytes-adhered_10x_uncaged_4_class,test_ds,0.348,6 Node (astro),"20240516_DC-adhered_10x_caged_4_class,20240422_neuron-adhered_10x_uncaged_4_class,20240703_neuron-adhered_10x_caged_4_class,231212_imr90_multichannel_overlay_4_class,20250227_preadipocytes-adhered_10x_caged_4_class,20250820_c8d1a_astrocytes-adherent_10x_caged_4_class"
20250108_neuron-adhered_10x_uncaged_4_class,test_ds,0.326,6 Node (astro),"20240516_DC-adhered_10x_caged_4_class,20240422_neuron-adhered_10x_uncaged_4_class,20240703_neuron-adhered_10x_caged_4_class,231212_imr90_multichannel_overlay_4_class,20250227_preadipocytes-adhered_10x_caged_4_class,20250820_c8d1a_astrocytes-adherent_10x_caged_4_class"
20250227_preadipocytes-adhered_10x_caged_4_class,test_ds,0.478,6 Node (astro),"20240516_DC-adhered_10x_caged_4_class,20240422_neuron-adhered_10x_uncaged_4_class,20240703_neuron-adhered_10x_caged_4_class,231212_imr90_multichannel_overlay_4_class,20250227_preadipocytes-adhered_10x_caged_4_class,20250820_c8d1a_astrocytes-adherent_10x_caged_4_class"
20250305_neuron-adhered_10x_uncaged_4_class,test_ds,0.476,6 Node (astro),"20240516_DC-adhered_10x_caged_4_class,20240422_neuron-adhered_10x_uncaged_4_class,20240703_neuron-adhered_10x_caged_4_class,231212_imr90_multichannel_overlay_4_class,20250227_preadipocytes-adhered_10x_caged_4_class,20250820_c8d1a_astrocytes-adherent_10x_caged_4_class"
20250820_c8d1a_astrocytes-adherent_10x_caged_4_class,test_ds,0.561,6 Node (astro),"20240516_DC-adhered_10x_caged_4_class,20240422_neuron-adhered_10x_uncaged_4_class,20240703_neuron-adhered_10x_caged_4_class,231212_imr90_multichannel_overlay_4_class,20250227_preadipocytes-adhered_10x_caged_4_class,20250820_c8d1a_astrocytes-adherent_10x_caged_4_class"
20250917_moc22-adhered_10x_caged_4_class,test_ds,0.448,6 Node (astro),"20240516_DC-adhered_10x_caged_4_class,20240422_neuron-adhered_10x_uncaged_4_class,20240703_neuron-adhered_10x_caged_4_class,231212_imr90_multichannel_overlay_4_class,20250227_preadipocytes-adhered_10x_caged_4_class,20250820_c8d1a_astrocytes-adherent_10x_caged_4_class"
20260316_a549-tomm20-gfp-adhered_10x_caged_at_4x_4_class,test_ds,0.57,6 Node (astro),"20240516_DC-adhered_10x_caged_4_class,20240422_neuron-adhered_10x_uncaged_4_class,20240703_neuron-adhered_10x_caged_4_class,231212_imr90_multichannel_overlay_4_class,20250227_preadipocytes-adhered_10x_caged_4_class,20250820_c8d1a_astrocytes-adherent_10x_caged_4_class"
231212_imr90_multichannel_overlay_4_class,test_ds,0.802,6 Node (astro),"20240516_DC-adhered_10x_caged_4_class,20240422_neuron-adhered_10x_uncaged_4_class,20240703_neuron-adhered_10x_caged_4_class,231212_imr90_multichannel_overlay_4_class,20250227_preadipocytes-adhered_10x_caged_4_class,20250820_c8d1a_astrocytes-adherent_10x_caged_4_class"
240213_imr90_multichannel_overlay_4_class,test_ds,0.603,6 Node (astro),"20240516_DC-adhered_10x_caged_4_class,20240422_neuron-adhered_10x_uncaged_4_class,20240703_neuron-adhered_10x_caged_4_class,231212_imr90_multichannel_overlay_4_class,20250227_preadipocytes-adhered_10x_caged_4_class,20250820_c8d1a_astrocytes-adherent_10x_caged_4_class"
20240516_DC-adhered_10x_caged_4_class,train_ds,0.713,7 Node (moc22+mc38),"20240516_DC-adhered_10x_caged_4_class,20240422_neuron-adhered_10x_uncaged_4_class,20240703_neuron-adhered_10x_caged_4_class,231212_imr90_multichannel_overlay_4_class,20250227_preadipocytes-adhered_10x_caged_4_class,20250917_moc22-adhered_10x_caged_4_class,20240624_mc38_10x_uncaged_4_class"
20240422_neuron-adhered_10x_uncaged_4_class,train_ds,0.58,7 Node (moc22+mc38),"20240516_DC-adhered_10x_caged_4_class,20240422_neuron-adhered_10x_uncaged_4_class,20240703_neuron-adhered_10x_caged_4_class,231212_imr90_multichannel_overlay_4_class,20250227_preadipocytes-adhered_10x_caged_4_class,20250917_moc22-adhered_10x_caged_4_class,20240624_mc38_10x_uncaged_4_class"
20240703_neuron-adhered_10x_caged_4_class,train_ds,0.637,7 Node (moc22+mc38),"20240516_DC-adhered_10x_caged_4_class,20240422_neuron-adhered_10x_uncaged_4_class,20240703_neuron-adhered_10x_caged_4_class,231212_imr90_multichannel_overlay_4_class,20250227_preadipocytes-adhered_10x_caged_4_class,20250917_moc22-adhered_10x_caged_4_class,20240624_mc38_10x_uncaged_4_class"
231212_imr90_multichannel_overlay_4_class,train_ds,0.806,7 Node (moc22+mc38),"20240516_DC-adhered_10x_caged_4_class,20240422_neuron-adhered_10x_uncaged_4_class,20240703_neuron-adhered_10x_caged_4_class,231212_imr90_multichannel_overlay_4_class,20250227_preadipocytes-adhered_10x_caged_4_class,20250917_moc22-adhered_10x_caged_4_class,20240624_mc38_10x_uncaged_4_class"
20250227_preadipocytes-adhered_10x_caged_4_class,train_ds,0.477,7 Node (moc22+mc38),"20240516_DC-adhered_10x_caged_4_class,20240422_neuron-adhered_10x_uncaged_4_class,20240703_neuron-adhered_10x_caged_4_class,231212_imr90_multichannel_overlay_4_class,20250227_preadipocytes-adhered_10x_caged_4_class,20250917_moc22-adhered_10x_caged_4_class,20240624_mc38_10x_uncaged_4_class"
20250917_moc22-adhered_10x_caged_4_class,train_ds,0.629,7 Node (moc22+mc38),"20240516_DC-adhered_10x_caged_4_class,20240422_neuron-adhered_10x_uncaged_4_class,20240703_neuron-adhered_10x_caged_4_class,231212_imr90_multichannel_overlay_4_class,20250227_preadipocytes-adhered_10x_caged_4_class,20250917_moc22-adhered_10x_caged_4_class,20240624_mc38_10x_uncaged_4_class"
20240624_mc38_10x_uncaged_4_class,train_ds,0.721,7 Node (moc22+mc38),"20240516_DC-adhered_10x_caged_4_class,20240422_neuron-adhered_10x_uncaged_4_class,20240703_neuron-adhered_10x_caged_4_class,231212_imr90_multichannel_overlay_4_class,20250227_preadipocytes-adhered_10x_caged_4_class,20250917_moc22-adhered_10x_caged_4_class,20240624_mc38_10x_uncaged_4_class"
20240422_neuron-adhered_10x_uncaged_4_class,test_ds,0.58,7 Node (moc22+mc38),"20240516_DC-adhered_10x_caged_4_class,20240422_neuron-adhered_10x_uncaged_4_class,20240703_neuron-adhered_10x_caged_4_class,231212_imr90_multichannel_overlay_4_class,20250227_preadipocytes-adhered_10x_caged_4_class,20250917_moc22-adhered_10x_caged_4_class,20240624_mc38_10x_uncaged_4_class"
20240509_Hs675Tfibroblasts_10x_caged_4_class,test_ds,0.529,7 Node (moc22+mc38),"20240516_DC-adhered_10x_caged_4_class,20240422_neuron-adhered_10x_uncaged_4_class,20240703_neuron-adhered_10x_caged_4_class,231212_imr90_multichannel_overlay_4_class,20250227_preadipocytes-adhered_10x_caged_4_class,20250917_moc22-adhered_10x_caged_4_class,20240624_mc38_10x_uncaged_4_class"
20240509_hela-adhered_10x_caged_4_class,test_ds,0.54,7 Node (moc22+mc38),"20240516_DC-adhered_10x_caged_4_class,20240422_neuron-adhered_10x_uncaged_4_class,20240703_neuron-adhered_10x_caged_4_class,231212_imr90_multichannel_overlay_4_class,20250227_preadipocytes-adhered_10x_caged_4_class,20250917_moc22-adhered_10x_caged_4_class,20240624_mc38_10x_uncaged_4_class"
20240515_DC-adhered_10x_caged_4_class,test_ds,0.688,7 Node (moc22+mc38),"20240516_DC-adhered_10x_caged_4_class,20240422_neuron-adhered_10x_uncaged_4_class,20240703_neuron-adhered_10x_caged_4_class,231212_imr90_multichannel_overlay_4_class,20250227_preadipocytes-adhered_10x_caged_4_class,20250917_moc22-adhered_10x_caged_4_class,20240624_mc38_10x_uncaged_4_class"
20240516_DC-adhered_10x_caged_4_class,test_ds,0.713,7 Node (moc22+mc38),"20240516_DC-adhered_10x_caged_4_class,20240422_neuron-adhered_10x_uncaged_4_class,20240703_neuron-adhered_10x_caged_4_class,231212_imr90_multichannel_overlay_4_class,20250227_preadipocytes-adhered_10x_caged_4_class,20250917_moc22-adhered_10x_caged_4_class,20240624_mc38_10x_uncaged_4_class"
20240624_mc38_10x_caged_4_class,test_ds,0.643,7 Node (moc22+mc38),"20240516_DC-adhered_10x_caged_4_class,20240422_neuron-adhered_10x_uncaged_4_class,20240703_neuron-adhered_10x_caged_4_class,231212_imr90_multichannel_overlay_4_class,20250227_preadipocytes-adhered_10x_caged_4_class,20250917_moc22-adhered_10x_caged_4_class,20240624_mc38_10x_uncaged_4_class"
20240624_mc38_10x_uncaged_4_class,test_ds,0.721,7 Node (moc22+mc38),"20240516_DC-adhered_10x_caged_4_class,20240422_neuron-adhered_10x_uncaged_4_class,20240703_neuron-adhered_10x_caged_4_class,231212_imr90_multichannel_overlay_4_class,20250227_preadipocytes-adhered_10x_caged_4_class,20250917_moc22-adhered_10x_caged_4_class,20240624_mc38_10x_uncaged_4_class"
20240625_mc38_10x_caged_4_class,test_ds,0.571,7 Node (moc22+mc38),"20240516_DC-adhered_10x_caged_4_class,20240422_neuron-adhered_10x_uncaged_4_class,20240703_neuron-adhered_10x_caged_4_class,231212_imr90_multichannel_overlay_4_class,20250227_preadipocytes-adhered_10x_caged_4_class,20250917_moc22-adhered_10x_caged_4_class,20240624_mc38_10x_uncaged_4_class"
20240703_neuron-adhered_10x_caged_4_class,test_ds,0.637,7 Node (moc22+mc38),"20240516_DC-adhered_10x_caged_4_class,20240422_neuron-adhered_10x_uncaged_4_class,20240703_neuron-adhered_10x_caged_4_class,231212_imr90_multichannel_overlay_4_class,20250227_preadipocytes-adhered_10x_caged_4_class,20250917_moc22-adhered_10x_caged_4_class,20240624_mc38_10x_uncaged_4_class"
20240704_neuron-adhered_10x_caged_4_class,test_ds,0.604,7 Node (moc22+mc38),"20240516_DC-adhered_10x_caged_4_class,20240422_neuron-adhered_10x_uncaged_4_class,20240703_neuron-adhered_10x_caged_4_class,231212_imr90_multichannel_overlay_4_class,20250227_preadipocytes-adhered_10x_caged_4_class,20250917_moc22-adhered_10x_caged_4_class,20240624_mc38_10x_uncaged_4_class"
20240905_u87-adhered_10x_caged_4_class,test_ds,0.627,7 Node (moc22+mc38),"20240516_DC-adhered_10x_caged_4_class,20240422_neuron-adhered_10x_uncaged_4_class,20240703_neuron-adhered_10x_caged_4_class,231212_imr90_multichannel_overlay_4_class,20250227_preadipocytes-adhered_10x_caged_4_class,20250917_moc22-adhered_10x_caged_4_class,20240624_mc38_10x_uncaged_4_class"
20240924_enteric-glia-adhered_10x_uncaged_4_class,test_ds,0.723,7 Node (moc22+mc38),"20240516_DC-adhered_10x_caged_4_class,20240422_neuron-adhered_10x_uncaged_4_class,20240703_neuron-adhered_10x_caged_4_class,231212_imr90_multichannel_overlay_4_class,20250227_preadipocytes-adhered_10x_caged_4_class,20250917_moc22-adhered_10x_caged_4_class,20240624_mc38_10x_uncaged_4_class"
20241212_preadipocytes-adhered_10x_uncaged_4_class,test_ds,0.344,7 Node (moc22+mc38),"20240516_DC-adhered_10x_caged_4_class,20240422_neuron-adhered_10x_uncaged_4_class,20240703_neuron-adhered_10x_caged_4_class,231212_imr90_multichannel_overlay_4_class,20250227_preadipocytes-adhered_10x_caged_4_class,20250917_moc22-adhered_10x_caged_4_class,20240624_mc38_10x_uncaged_4_class"
20250108_neuron-adhered_10x_uncaged_4_class,test_ds,0.359,7 Node (moc22+mc38),"20240516_DC-adhered_10x_caged_4_class,20240422_neuron-adhered_10x_uncaged_4_class,20240703_neuron-adhered_10x_caged_4_class,231212_imr90_multichannel_overlay_4_class,20250227_preadipocytes-adhered_10x_caged_4_class,20250917_moc22-adhered_10x_caged_4_class,20240624_mc38_10x_uncaged_4_class"
20250227_preadipocytes-adhered_10x_caged_4_class,test_ds,0.477,7 Node (moc22+mc38),"20240516_DC-adhered_10x_caged_4_class,20240422_neuron-adhered_10x_uncaged_4_class,20240703_neuron-adhered_10x_caged_4_class,231212_imr90_multichannel_overlay_4_class,20250227_preadipocytes-adhered_10x_caged_4_class,20250917_moc22-adhered_10x_caged_4_class,20240624_mc38_10x_uncaged_4_class"
20250305_neuron-adhered_10x_uncaged_4_class,test_ds,0.455,7 Node (moc22+mc38),"20240516_DC-adhered_10x_caged_4_class,20240422_neuron-adhered_10x_uncaged_4_class,20240703_neuron-adhered_10x_caged_4_class,231212_imr90_multichannel_overlay_4_class,20250227_preadipocytes-adhered_10x_caged_4_class,20250917_moc22-adhered_10x_caged_4_class,20240624_mc38_10x_uncaged_4_class"
20250820_c8d1a_astrocytes-adherent_10x_caged_4_class,test_ds,0.413,7 Node (moc22+mc38),"20240516_DC-adhered_10x_caged_4_class,20240422_neuron-adhered_10x_uncaged_4_class,20240703_neuron-adhered_10x_caged_4_class,231212_imr90_multichannel_overlay_4_class,20250227_preadipocytes-adhered_10x_caged_4_class,20250917_moc22-adhered_10x_caged_4_class,20240624_mc38_10x_uncaged_4_class"
20250917_moc22-adhered_10x_caged_4_class,test_ds,0.629,7 Node (moc22+mc38),"20240516_DC-adhered_10x_caged_4_class,20240422_neuron-adhered_10x_uncaged_4_class,20240703_neuron-adhered_10x_caged_4_class,231212_imr90_multichannel_overlay_4_class,20250227_preadipocytes-adhered_10x_caged_4_class,20250917_moc22-adhered_10x_caged_4_class,20240624_mc38_10x_uncaged_4_class"
20260316_a549-tomm20-gfp-adhered_10x_caged_at_4x_4_class,test_ds,0.649,7 Node (moc22+mc38),"20240516_DC-adhered_10x_caged_4_class,20240422_neuron-adhered_10x_uncaged_4_class,20240703_neuron-adhered_10x_caged_4_class,231212_imr90_multichannel_overlay_4_class,20250227_preadipocytes-adhered_10x_caged_4_class,20250917_moc22-adhered_10x_caged_4_class,20240624_mc38_10x_uncaged_4_class"
231212_imr90_multichannel_overlay_4_class,test_ds,0.806,7 Node (moc22+mc38),"20240516_DC-adhered_10x_caged_4_class,20240422_neuron-adhered_10x_uncaged_4_class,20240703_neuron-adhered_10x_caged_4_class,231212_imr90_multichannel_overlay_4_class,20250227_preadipocytes-adhered_10x_caged_4_class,20250917_moc22-adhered_10x_caged_4_class,20240624_mc38_10x_uncaged_4_class"
240213_imr90_multichannel_overlay_4_class,test_ds,0.617,7 Node (moc22+mc38),"20240516_DC-adhered_10x_caged_4_class,20240422_neuron-adhered_10x_uncaged_4_class,20240703_neuron-adhered_10x_caged_4_class,231212_imr90_multichannel_overlay_4_class,20250227_preadipocytes-adhered_10x_caged_4_class,20250917_moc22-adhered_10x_caged_4_class,20240624_mc38_10x_uncaged_4_class"
20240516_DC-adhered_10x_caged_4_class,train_ds,0.714,7 Node (moc22+hs675),"20240516_DC-adhered_10x_caged_4_class,20240422_neuron-adhered_10x_uncaged_4_class,20240703_neuron-adhered_10x_caged_4_class,231212_imr90_multichannel_overlay_4_class,20250227_preadipocytes-adhered_10x_caged_4_class,20250917_moc22-adhered_10x_caged_4_class,20240509_Hs675Tfibroblasts_10x_caged_4_class"
20240422_neuron-adhered_10x_uncaged_4_class,train_ds,0.58,7 Node (moc22+hs675),"20240516_DC-adhered_10x_caged_4_class,20240422_neuron-adhered_10x_uncaged_4_class,20240703_neuron-adhered_10x_caged_4_class,231212_imr90_multichannel_overlay_4_class,20250227_preadipocytes-adhered_10x_caged_4_class,20250917_moc22-adhered_10x_caged_4_class,20240509_Hs675Tfibroblasts_10x_caged_4_class"
20240703_neuron-adhered_10x_caged_4_class,train_ds,0.637,7 Node (moc22+hs675),"20240516_DC-adhered_10x_caged_4_class,20240422_neuron-adhered_10x_uncaged_4_class,20240703_neuron-adhered_10x_caged_4_class,231212_imr90_multichannel_overlay_4_class,20250227_preadipocytes-adhered_10x_caged_4_class,20250917_moc22-adhered_10x_caged_4_class,20240509_Hs675Tfibroblasts_10x_caged_4_class"
231212_imr90_multichannel_overlay_4_class,train_ds,0.802,7 Node (moc22+hs675),"20240516_DC-adhered_10x_caged_4_class,20240422_neuron-adhered_10x_uncaged_4_class,20240703_neuron-adhered_10x_caged_4_class,231212_imr90_multichannel_overlay_4_class,20250227_preadipocytes-adhered_10x_caged_4_class,20250917_moc22-adhered_10x_caged_4_class,20240509_Hs675Tfibroblasts_10x_caged_4_class"
20250227_preadipocytes-adhered_10x_caged_4_class,train_ds,0.48,7 Node (moc22+hs675),"20240516_DC-adhered_10x_caged_4_class,20240422_neuron-adhered_10x_uncaged_4_class,20240703_neuron-adhered_10x_caged_4_class,231212_imr90_multichannel_overlay_4_class,20250227_preadipocytes-adhered_10x_caged_4_class,20250917_moc22-adhered_10x_caged_4_class,20240509_Hs675Tfibroblasts_10x_caged_4_class"
20250917_moc22-adhered_10x_caged_4_class,train_ds,0.634,7 Node (moc22+hs675),"20240516_DC-adhered_10x_caged_4_class,20240422_neuron-adhered_10x_uncaged_4_class,20240703_neuron-adhered_10x_caged_4_class,231212_imr90_multichannel_overlay_4_class,20250227_preadipocytes-adhered_10x_caged_4_class,20250917_moc22-adhered_10x_caged_4_class,20240509_Hs675Tfibroblasts_10x_caged_4_class"
20240509_Hs675Tfibroblasts_10x_caged_4_class,train_ds,0.753,7 Node (moc22+hs675),"20240516_DC-adhered_10x_caged_4_class,20240422_neuron-adhered_10x_uncaged_4_class,20240703_neuron-adhered_10x_caged_4_class,231212_imr90_multichannel_overlay_4_class,20250227_preadipocytes-adhered_10x_caged_4_class,20250917_moc22-adhered_10x_caged_4_class,20240509_Hs675Tfibroblasts_10x_caged_4_class"
20240422_neuron-adhered_10x_uncaged_4_class,test_ds,0.58,7 Node (moc22+hs675),"20240516_DC-adhered_10x_caged_4_class,20240422_neuron-adhered_10x_uncaged_4_class,20240703_neuron-adhered_10x_caged_4_class,231212_imr90_multichannel_overlay_4_class,20250227_preadipocytes-adhered_10x_caged_4_class,20250917_moc22-adhered_10x_caged_4_class,20240509_Hs675Tfibroblasts_10x_caged_4_class"
20240509_Hs675Tfibroblasts_10x_caged_4_class,test_ds,0.753,7 Node (moc22+hs675),"20240516_DC-adhered_10x_caged_4_class,20240422_neuron-adhered_10x_uncaged_4_class,20240703_neuron-adhered_10x_caged_4_class,231212_imr90_multichannel_overlay_4_class,20250227_preadipocytes-adhered_10x_caged_4_class,20250917_moc22-adhered_10x_caged_4_class,20240509_Hs675Tfibroblasts_10x_caged_4_class"
20240509_hela-adhered_10x_caged_4_class,test_ds,0.548,7 Node (moc22+hs675),"20240516_DC-adhered_10x_caged_4_class,20240422_neuron-adhered_10x_uncaged_4_class,20240703_neuron-adhered_10x_caged_4_class,231212_imr90_multichannel_overlay_4_class,20250227_preadipocytes-adhered_10x_caged_4_class,20250917_moc22-adhered_10x_caged_4_class,20240509_Hs675Tfibroblasts_10x_caged_4_class"
20240515_DC-adhered_10x_caged_4_class,test_ds,0.691,7 Node (moc22+hs675),"20240516_DC-adhered_10x_caged_4_class,20240422_neuron-adhered_10x_uncaged_4_class,20240703_neuron-adhered_10x_caged_4_class,231212_imr90_multichannel_overlay_4_class,20250227_preadipocytes-adhered_10x_caged_4_class,20250917_moc22-adhered_10x_caged_4_class,20240509_Hs675Tfibroblasts_10x_caged_4_class"
20240516_DC-adhered_10x_caged_4_class,test_ds,0.714,7 Node (moc22+hs675),"20240516_DC-adhered_10x_caged_4_class,20240422_neuron-adhered_10x_uncaged_4_class,20240703_neuron-adhered_10x_caged_4_class,231212_imr90_multichannel_overlay_4_class,20250227_preadipocytes-adhered_10x_caged_4_class,20250917_moc22-adhered_10x_caged_4_class,20240509_Hs675Tfibroblasts_10x_caged_4_class"
20240624_mc38_10x_caged_4_class,test_ds,0.414,7 Node (moc22+hs675),"20240516_DC-adhered_10x_caged_4_class,20240422_neuron-adhered_10x_uncaged_4_class,20240703_neuron-adhered_10x_caged_4_class,231212_imr90_multichannel_overlay_4_class,20250227_preadipocytes-adhered_10x_caged_4_class,20250917_moc22-adhered_10x_caged_4_class,20240509_Hs675Tfibroblasts_10x_caged_4_class"
20240624_mc38_10x_uncaged_4_class,test_ds,0.483,7 Node (moc22+hs675),"20240516_DC-adhered_10x_caged_4_class,20240422_neuron-adhered_10x_uncaged_4_class,20240703_neuron-adhered_10x_caged_4_class,231212_imr90_multichannel_overlay_4_class,20250227_preadipocytes-adhered_10x_caged_4_class,20250917_moc22-adhered_10x_caged_4_class,20240509_Hs675Tfibroblasts_10x_caged_4_class"
20240625_mc38_10x_caged_4_class,test_ds,0.546,7 Node (moc22+hs675),"20240516_DC-adhered_10x_caged_4_class,20240422_neuron-adhered_10x_uncaged_4_class,20240703_neuron-adhered_10x_caged_4_class,231212_imr90_multichannel_overlay_4_class,20250227_preadipocytes-adhered_10x_caged_4_class,20250917_moc22-adhered_10x_caged_4_class,20240509_Hs675Tfibroblasts_10x_caged_4_class"
20240703_neuron-adhered_10x_caged_4_class,test_ds,0.637,7 Node (moc22+hs675),"20240516_DC-adhered_10x_caged_4_class,20240422_neuron-adhered_10x_uncaged_4_class,20240703_neuron-adhered_10x_caged_4_class,231212_imr90_multichannel_overlay_4_class,20250227_preadipocytes-adhered_10x_caged_4_class,20250917_moc22-adhered_10x_caged_4_class,20240509_Hs675Tfibroblasts_10x_caged_4_class"
20240704_neuron-adhered_10x_caged_4_class,test_ds,0.605,7 Node (moc22+hs675),"20240516_DC-adhered_10x_caged_4_class,20240422_neuron-adhered_10x_uncaged_4_class,20240703_neuron-adhered_10x_caged_4_class,231212_imr90_multichannel_overlay_4_class,20250227_preadipocytes-adhered_10x_caged_4_class,20250917_moc22-adhered_10x_caged_4_class,20240509_Hs675Tfibroblasts_10x_caged_4_class"
20240905_u87-adhered_10x_caged_4_class,test_ds,0.547,7 Node (moc22+hs675),"20240516_DC-adhered_10x_caged_4_class,20240422_neuron-adhered_10x_uncaged_4_class,20240703_neuron-adhered_10x_caged_4_class,231212_imr90_multichannel_overlay_4_class,20250227_preadipocytes-adhered_10x_caged_4_class,20250917_moc22-adhered_10x_caged_4_class,20240509_Hs675Tfibroblasts_10x_caged_4_class"
20240924_enteric-glia-adhered_10x_uncaged_4_class,test_ds,0.617,7 Node (moc22+hs675),"20240516_DC-adhered_10x_caged_4_class,20240422_neuron-adhered_10x_uncaged_4_class,20240703_neuron-adhered_10x_caged_4_class,231212_imr90_multichannel_overlay_4_class,20250227_preadipocytes-adhered_10x_caged_4_class,20250917_moc22-adhered_10x_caged_4_class,20240509_Hs675Tfibroblasts_10x_caged_4_class"
20241212_preadipocytes-adhered_10x_uncaged_4_class,test_ds,0.335,7 Node (moc22+hs675),"20240516_DC-adhered_10x_caged_4_class,20240422_neuron-adhered_10x_uncaged_4_class,20240703_neuron-adhered_10x_caged_4_class,231212_imr90_multichannel_overlay_4_class,20250227_preadipocytes-adhered_10x_caged_4_class,20250917_moc22-adhered_10x_caged_4_class,20240509_Hs675Tfibroblasts_10x_caged_4_class"
20250108_neuron-adhered_10x_uncaged_4_class,test_ds,0.395,7 Node (moc22+hs675),"20240516_DC-adhered_10x_caged_4_class,20240422_neuron-adhered_10x_uncaged_4_class,20240703_neuron-adhered_10x_caged_4_class,231212_imr90_multichannel_overlay_4_class,20250227_preadipocytes-adhered_10x_caged_4_class,20250917_moc22-adhered_10x_caged_4_class,20240509_Hs675Tfibroblasts_10x_caged_4_class"
20250227_preadipocytes-adhered_10x_caged_4_class,test_ds,0.48,7 Node (moc22+hs675),"20240516_DC-adhered_10x_caged_4_class,20240422_neuron-adhered_10x_uncaged_4_class,20240703_neuron-adhered_10x_caged_4_class,231212_imr90_multichannel_overlay_4_class,20250227_preadipocytes-adhered_10x_caged_4_class,20250917_moc22-adhered_10x_caged_4_class,20240509_Hs675Tfibroblasts_10x_caged_4_class"
20250305_neuron-adhered_10x_uncaged_4_class,test_ds,0.487,7 Node (moc22+hs675),"20240516_DC-adhered_10x_caged_4_class,20240422_neuron-adhered_10x_uncaged_4_class,20240703_neuron-adhered_10x_caged_4_class,231212_imr90_multichannel_overlay_4_class,20250227_preadipocytes-adhered_10x_caged_4_class,20250917_moc22-adhered_10x_caged_4_class,20240509_Hs675Tfibroblasts_10x_caged_4_class"
20250820_c8d1a_astrocytes-adherent_10x_caged_4_class,test_ds,0.407,7 Node (moc22+hs675),"20240516_DC-adhered_10x_caged_4_class,20240422_neuron-adhered_10x_uncaged_4_class,20240703_neuron-adhered_10x_caged_4_class,231212_imr90_multichannel_overlay_4_class,20250227_preadipocytes-adhered_10x_caged_4_class,20250917_moc22-adhered_10x_caged_4_class,20240509_Hs675Tfibroblasts_10x_caged_4_class"
20250917_moc22-adhered_10x_caged_4_class,test_ds,0.634,7 Node (moc22+hs675),"20240516_DC-adhered_10x_caged_4_class,20240422_neuron-adhered_10x_uncaged_4_class,20240703_neuron-adhered_10x_caged_4_class,231212_imr90_multichannel_overlay_4_class,20250227_preadipocytes-adhered_10x_caged_4_class,20250917_moc22-adhered_10x_caged_4_class,20240509_Hs675Tfibroblasts_10x_caged_4_class"
20260316_a549-tomm20-gfp-adhered_10x_caged_at_4x_4_class,test_ds,0.635,7 Node (moc22+hs675),"20240516_DC-adhered_10x_caged_4_class,20240422_neuron-adhered_10x_uncaged_4_class,20240703_neuron-adhered_10x_caged_4_class,231212_imr90_multichannel_overlay_4_class,20250227_preadipocytes-adhered_10x_caged_4_class,20250917_moc22-adhered_10x_caged_4_class,20240509_Hs675Tfibroblasts_10x_caged_4_class"
231212_imr90_multichannel_overlay_4_class,test_ds,0.802,7 Node (moc22+hs675),"20240516_DC-adhered_10x_caged_4_class,20240422_neuron-adhered_10x_uncaged_4_class,20240703_neuron-adhered_10x_caged_4_class,231212_imr90_multichannel_overlay_4_class,20250227_preadipocytes-adhered_10x_caged_4_class,20250917_moc22-adhered_10x_caged_4_class,20240509_Hs675Tfibroblasts_10x_caged_4_class"
240213_imr90_multichannel_overlay_4_class,test_ds,0.626,7 Node (moc22+hs675),"20240516_DC-adhered_10x_caged_4_class,20240422_neuron-adhered_10x_uncaged_4_class,20240703_neuron-adhered_10x_caged_4_class,231212_imr90_multichannel_overlay_4_class,20250227_preadipocytes-adhered_10x_caged_4_class,20250917_moc22-adhered_10x_caged_4_class,20240509_Hs675Tfibroblasts_10x_caged_4_class"
20240516_DC-adhered_10x_caged_4_class,train_ds,0.714,8 Node (moc22+hs675+mc38),"20240516_DC-adhered_10x_caged_4_class,20240422_neuron-adhered_10x_uncaged_4_class,20240703_neuron-adhered_10x_caged_4_class,231212_imr90_multichannel_overlay_4_class,20250227_preadipocytes-adhered_10x_caged_4_class,20250917_moc22-adhered_10x_caged_4_class,20240624_mc38_10x_uncaged_4_class,20240509_Hs675Tfibroblasts_10x_caged_4_class"
20240422_neuron-adhered_10x_uncaged_4_class,train_ds,0.58,8 Node (moc22+hs675+mc38),"20240516_DC-adhered_10x_caged_4_class,20240422_neuron-adhered_10x_uncaged_4_class,20240703_neuron-adhered_10x_caged_4_class,231212_imr90_multichannel_overlay_4_class,20250227_preadipocytes-adhered_10x_caged_4_class,20250917_moc22-adhered_10x_caged_4_class,20240624_mc38_10x_uncaged_4_class,20240509_Hs675Tfibroblasts_10x_caged_4_class"
20240703_neuron-adhered_10x_caged_4_class,train_ds,0.638,8 Node (moc22+hs675+mc38),"20240516_DC-adhered_10x_caged_4_class,20240422_neuron-adhered_10x_uncaged_4_class,20240703_neuron-adhered_10x_caged_4_class,231212_imr90_multichannel_overlay_4_class,20250227_preadipocytes-adhered_10x_caged_4_class,20250917_moc22-adhered_10x_caged_4_class,20240624_mc38_10x_uncaged_4_class,20240509_Hs675Tfibroblasts_10x_caged_4_class"
231212_imr90_multichannel_overlay_4_class,train_ds,0.803,8 Node (moc22+hs675+mc38),"20240516_DC-adhered_10x_caged_4_class,20240422_neuron-adhered_10x_uncaged_4_class,20240703_neuron-adhered_10x_caged_4_class,231212_imr90_multichannel_overlay_4_class,20250227_preadipocytes-adhered_10x_caged_4_class,20250917_moc22-adhered_10x_caged_4_class,20240624_mc38_10x_uncaged_4_class,20240509_Hs675Tfibroblasts_10x_caged_4_class"
20250227_preadipocytes-adhered_10x_caged_4_class,train_ds,0.481,8 Node (moc22+hs675+mc38),"20240516_DC-adhered_10x_caged_4_class,20240422_neuron-adhered_10x_uncaged_4_class,20240703_neuron-adhered_10x_caged_4_class,231212_imr90_multichannel_overlay_4_class,20250227_preadipocytes-adhered_10x_caged_4_class,20250917_moc22-adhered_10x_caged_4_class,20240624_mc38_10x_uncaged_4_class,20240509_Hs675Tfibroblasts_10x_caged_4_class"
20250917_moc22-adhered_10x_caged_4_class,train_ds,0.634,8 Node (moc22+hs675+mc38),"20240516_DC-adhered_10x_caged_4_class,20240422_neuron-adhered_10x_uncaged_4_class,20240703_neuron-adhered_10x_caged_4_class,231212_imr90_multichannel_overlay_4_class,20250227_preadipocytes-adhered_10x_caged_4_class,20250917_moc22-adhered_10x_caged_4_class,20240624_mc38_10x_uncaged_4_class,20240509_Hs675Tfibroblasts_10x_caged_4_class"
20240624_mc38_10x_uncaged_4_class,train_ds,0.723,8 Node (moc22+hs675+mc38),"20240516_DC-adhered_10x_caged_4_class,20240422_neuron-adhered_10x_uncaged_4_class,20240703_neuron-adhered_10x_caged_4_class,231212_imr90_multichannel_overlay_4_class,20250227_preadipocytes-adhered_10x_caged_4_class,20250917_moc22-adhered_10x_caged_4_class,20240624_mc38_10x_uncaged_4_class,20240509_Hs675Tfibroblasts_10x_caged_4_class"
20240509_Hs675Tfibroblasts_10x_caged_4_class,train_ds,0.757,8 Node (moc22+hs675+mc38),"20240516_DC-adhered_10x_caged_4_class,20240422_neuron-adhered_10x_uncaged_4_class,20240703_neuron-adhered_10x_caged_4_class,231212_imr90_multichannel_overlay_4_class,20250227_preadipocytes-adhered_10x_caged_4_class,20250917_moc22-adhered_10x_caged_4_class,20240624_mc38_10x_uncaged_4_class,20240509_Hs675Tfibroblasts_10x_caged_4_class"
20240422_neuron-adhered_10x_uncaged_4_class,test_ds,0.58,8 Node (moc22+hs675+mc38),"20240516_DC-adhered_10x_caged_4_class,20240422_neuron-adhered_10x_uncaged_4_class,20240703_neuron-adhered_10x_caged_4_class,231212_imr90_multichannel_overlay_4_class,20250227_preadipocytes-adhered_10x_caged_4_class,20250917_moc22-adhered_10x_caged_4_class,20240624_mc38_10x_uncaged_4_class,20240509_Hs675Tfibroblasts_10x_caged_4_class"
20240509_Hs675Tfibroblasts_10x_caged_4_class,test_ds,0.757,8 Node (moc22+hs675+mc38),"20240516_DC-adhered_10x_caged_4_class,20240422_neuron-adhered_10x_uncaged_4_class,20240703_neuron-adhered_10x_caged_4_class,231212_imr90_multichannel_overlay_4_class,20250227_preadipocytes-adhered_10x_caged_4_class,20250917_moc22-adhered_10x_caged_4_class,20240624_mc38_10x_uncaged_4_class,20240509_Hs675Tfibroblasts_10x_caged_4_class"
20240509_hela-adhered_10x_caged_4_class,test_ds,0.553,8 Node (moc22+hs675+mc38),"20240516_DC-adhered_10x_caged_4_class,20240422_neuron-adhered_10x_uncaged_4_class,20240703_neuron-adhered_10x_caged_4_class,231212_imr90_multichannel_overlay_4_class,20250227_preadipocytes-adhered_10x_caged_4_class,20250917_moc22-adhered_10x_caged_4_class,20240624_mc38_10x_uncaged_4_class,20240509_Hs675Tfibroblasts_10x_caged_4_class"
20240515_DC-adhered_10x_caged_4_class,test_ds,0.692,8 Node (moc22+hs675+mc38),"20240516_DC-adhered_10x_caged_4_class,20240422_neuron-adhered_10x_uncaged_4_class,20240703_neuron-adhered_10x_caged_4_class,231212_imr90_multichannel_overlay_4_class,20250227_preadipocytes-adhered_10x_caged_4_class,20250917_moc22-adhered_10x_caged_4_class,20240624_mc38_10x_uncaged_4_class,20240509_Hs675Tfibroblasts_10x_caged_4_class"
20240516_DC-adhered_10x_caged_4_class,test_ds,0.714,8 Node (moc22+hs675+mc38),"20240516_DC-adhered_10x_caged_4_class,20240422_neuron-adhered_10x_uncaged_4_class,20240703_neuron-adhered_10x_caged_4_class,231212_imr90_multichannel_overlay_4_class,20250227_preadipocytes-adhered_10x_caged_4_class,20250917_moc22-adhered_10x_caged_4_class,20240624_mc38_10x_uncaged_4_class,20240509_Hs675Tfibroblasts_10x_caged_4_class"
20240624_mc38_10x_caged_4_class,test_ds,0.574,8 Node (moc22+hs675+mc38),"20240516_DC-adhered_10x_caged_4_class,20240422_neuron-adhered_10x_uncaged_4_class,20240703_neuron-adhered_10x_caged_4_class,231212_imr90_multichannel_overlay_4_class,20250227_preadipocytes-adhered_10x_caged_4_class,20250917_moc22-adhered_10x_caged_4_class,20240624_mc38_10x_uncaged_4_class,20240509_Hs675Tfibroblasts_10x_caged_4_class"
20240624_mc38_10x_uncaged_4_class,test_ds,0.723,8 Node (moc22+hs675+mc38),"20240516_DC-adhered_10x_caged_4_class,20240422_neuron-adhered_10x_uncaged_4_class,20240703_neuron-adhered_10x_caged_4_class,231212_imr90_multichannel_overlay_4_class,20250227_preadipocytes-adhered_10x_caged_4_class,20250917_moc22-adhered_10x_caged_4_class,20240624_mc38_10x_uncaged_4_class,20240509_Hs675Tfibroblasts_10x_caged_4_class"
20240625_mc38_10x_caged_4_class,test_ds,0.586,8 Node (moc22+hs675+mc38),"20240516_DC-adhered_10x_caged_4_class,20240422_neuron-adhered_10x_uncaged_4_class,20240703_neuron-adhered_10x_caged_4_class,231212_imr90_multichannel_overlay_4_class,20250227_preadipocytes-adhered_10x_caged_4_class,20250917_moc22-adhered_10x_caged_4_class,20240624_mc38_10x_uncaged_4_class,20240509_Hs675Tfibroblasts_10x_caged_4_class"
20240703_neuron-adhered_10x_caged_4_class,test_ds,0.638,8 Node (moc22+hs675+mc38),"20240516_DC-adhered_10x_caged_4_class,20240422_neuron-adhered_10x_uncaged_4_class,20240703_neuron-adhered_10x_caged_4_class,231212_imr90_multichannel_overlay_4_class,20250227_preadipocytes-adhered_10x_caged_4_class,20250917_moc22-adhered_10x_caged_4_class,20240624_mc38_10x_uncaged_4_class,20240509_Hs675Tfibroblasts_10x_caged_4_class"
20240704_neuron-adhered_10x_caged_4_class,test_ds,0.602,8 Node (moc22+hs675+mc38),"20240516_DC-adhered_10x_caged_4_class,20240422_neuron-adhered_10x_uncaged_4_class,20240703_neuron-adhered_10x_caged_4_class,231212_imr90_multichannel_overlay_4_class,20250227_preadipocytes-adhered_10x_caged_4_class,20250917_moc22-adhered_10x_caged_4_class,20240624_mc38_10x_uncaged_4_class,20240509_Hs675Tfibroblasts_10x_caged_4_class"
20240905_u87-adhered_10x_caged_4_class,test_ds,0.576,8 Node (moc22+hs675+mc38),"20240516_DC-adhered_10x_caged_4_class,20240422_neuron-adhered_10x_uncaged_4_class,20240703_neuron-adhered_10x_caged_4_class,231212_imr90_multichannel_overlay_4_class,20250227_preadipocytes-adhered_10x_caged_4_class,20250917_moc22-adhered_10x_caged_4_class,20240624_mc38_10x_uncaged_4_class,20240509_Hs675Tfibroblasts_10x_caged_4_class"
20240924_enteric-glia-adhered_10x_uncaged_4_class,test_ds,0.706,8 Node (moc22+hs675+mc38),"20240516_DC-adhered_10x_caged_4_class,20240422_neuron-adhered_10x_uncaged_4_class,20240703_neuron-adhered_10x_caged_4_class,231212_imr90_multichannel_overlay_4_class,20250227_preadipocytes-adhered_10x_caged_4_class,20250917_moc22-adhered_10x_caged_4_class,20240624_mc38_10x_uncaged_4_class,20240509_Hs675Tfibroblasts_10x_caged_4_class"
20241212_preadipocytes-adhered_10x_uncaged_4_class,test_ds,0.334,8 Node (moc22+hs675+mc38),"20240516_DC-adhered_10x_caged_4_class,20240422_neuron-adhered_10x_uncaged_4_class,20240703_neuron-adhered_10x_caged_4_class,231212_imr90_multichannel_overlay_4_class,20250227_preadipocytes-adhered_10x_caged_4_class,20250917_moc22-adhered_10x_caged_4_class,20240624_mc38_10x_uncaged_4_class,20240509_Hs675Tfibroblasts_10x_caged_4_class"
20250108_neuron-adhered_10x_uncaged_4_class,test_ds,0.373,8 Node (moc22+hs675+mc38),"20240516_DC-adhered_10x_caged_4_class,20240422_neuron-adhered_10x_uncaged_4_class,20240703_neuron-adhered_10x_caged_4_class,231212_imr90_multichannel_overlay_4_class,20250227_preadipocytes-adhered_10x_caged_4_class,20250917_moc22-adhered_10x_caged_4_class,20240624_mc38_10x_uncaged_4_class,20240509_Hs675Tfibroblasts_10x_caged_4_class"
20250227_preadipocytes-adhered_10x_caged_4_class,test_ds,0.481,8 Node (moc22+hs675+mc38),"20240516_DC-adhered_10x_caged_4_class,20240422_neuron-adhered_10x_uncaged_4_class,20240703_neuron-adhered_10x_caged_4_class,231212_imr90_multichannel_overlay_4_class,20250227_preadipocytes-adhered_10x_caged_4_class,20250917_moc22-adhered_10x_caged_4_class,20240624_mc38_10x_uncaged_4_class,20240509_Hs675Tfibroblasts_10x_caged_4_class"
20250305_neuron-adhered_10x_uncaged_4_class,test_ds,0.475,8 Node (moc22+hs675+mc38),"20240516_DC-adhered_10x_caged_4_class,20240422_neuron-adhered_10x_uncaged_4_class,20240703_neuron-adhered_10x_caged_4_class,231212_imr90_multichannel_overlay_4_class,20250227_preadipocytes-adhered_10x_caged_4_class,20250917_moc22-adhered_10x_caged_4_class,20240624_mc38_10x_uncaged_4_class,20240509_Hs675Tfibroblasts_10x_caged_4_class"
20250820_c8d1a_astrocytes-adherent_10x_caged_4_class,test_ds,0.372,8 Node (moc22+hs675+mc38),"20240516_DC-adhered_10x_caged_4_class,20240422_neuron-adhered_10x_uncaged_4_class,20240703_neuron-adhered_10x_caged_4_class,231212_imr90_multichannel_overlay_4_class,20250227_preadipocytes-adhered_10x_caged_4_class,20250917_moc22-adhered_10x_caged_4_class,20240624_mc38_10x_uncaged_4_class,20240509_Hs675Tfibroblasts_10x_caged_4_class"
20250917_moc22-adhered_10x_caged_4_class,test_ds,0.634,8 Node (moc22+hs675+mc38),"20240516_DC-adhered_10x_caged_4_class,20240422_neuron-adhered_10x_uncaged_4_class,20240703_neuron-adhered_10x_caged_4_class,231212_imr90_multichannel_overlay_4_class,20250227_preadipocytes-adhered_10x_caged_4_class,20250917_moc22-adhered_10x_caged_4_class,20240624_mc38_10x_uncaged_4_class,20240509_Hs675Tfibroblasts_10x_caged_4_class"
20260316_a549-tomm20-gfp-adhered_10x_caged_at_4x_4_class,test_ds,0.613,8 Node (moc22+hs675+mc38),"20240516_DC-adhered_10x_caged_4_class,20240422_neuron-adhered_10x_uncaged_4_class,20240703_neuron-adhered_10x_caged_4_class,231212_imr90_multichannel_overlay_4_class,20250227_preadipocytes-adhered_10x_caged_4_class,20250917_moc22-adhered_10x_caged_4_class,20240624_mc38_10x_uncaged_4_class,20240509_Hs675Tfibroblasts_10x_caged_4_class"
231212_imr90_multichannel_overlay_4_class,test_ds,0.803,8 Node (moc22+hs675+mc38),"20240516_DC-adhered_10x_caged_4_class,20240422_neuron-adhered_10x_uncaged_4_class,20240703_neuron-adhered_10x_caged_4_class,231212_imr90_multichannel_overlay_4_class,20250227_preadipocytes-adhered_10x_caged_4_class,20250917_moc22-adhered_10x_caged_4_class,20240624_mc38_10x_uncaged_4_class,20240509_Hs675Tfibroblasts_10x_caged_4_class"
240213_imr90_multichannel_overlay_4_class,test_ds,0.632,8 Node (moc22+hs675+mc38),"20240516_DC-adhered_10x_caged_4_class,20240422_neuron-adhered_10x_uncaged_4_class,20240703_neuron-adhered_10x_caged_4_class,231212_imr90_multichannel_overlay_4_class,20250227_preadipocytes-adhered_10x_caged_4_class,20250917_moc22-adhered_10x_caged_4_class,20240624_mc38_10x_uncaged_4_class,20240509_Hs675Tfibroblasts_10x_caged_4_class"
20240516_DC-adhered_10x_caged_4_class,train_ds,0.71,8 Node (a549+hs675+mc38),"20240516_DC-adhered_10x_caged_4_class,20240422_neuron-adhered_10x_uncaged_4_class,20240703_neuron-adhered_10x_caged_4_class,20260316_a549-tomm20-gfp-adhered_10x_caged_at_4x_4_class,231212_imr90_multichannel_overlay_4_class,20250227_preadipocytes-adhered_10x_caged_4_class,20240624_mc38_10x_uncaged_4_class,20240509_Hs675Tfibroblasts_10x_caged_4_class"
20240422_neuron-adhered_10x_uncaged_4_class,train_ds,0.578,8 Node (a549+hs675+mc38),"20240516_DC-adhered_10x_caged_4_class,20240422_neuron-adhered_10x_uncaged_4_class,20240703_neuron-adhered_10x_caged_4_class,20260316_a549-tomm20-gfp-adhered_10x_caged_at_4x_4_class,231212_imr90_multichannel_overlay_4_class,20250227_preadipocytes-adhered_10x_caged_4_class,20240624_mc38_10x_uncaged_4_class,20240509_Hs675Tfibroblasts_10x_caged_4_class"
20240703_neuron-adhered_10x_caged_4_class,train_ds,0.635,8 Node (a549+hs675+mc38),"20240516_DC-adhered_10x_caged_4_class,20240422_neuron-adhered_10x_uncaged_4_class,20240703_neuron-adhered_10x_caged_4_class,20260316_a549-tomm20-gfp-adhered_10x_caged_at_4x_4_class,231212_imr90_multichannel_overlay_4_class,20250227_preadipocytes-adhered_10x_caged_4_class,20240624_mc38_10x_uncaged_4_class,20240509_Hs675Tfibroblasts_10x_caged_4_class"
20260316_a549-tomm20-gfp-adhered_10x_caged_at_4x_4_class,train_ds,0.723,8 Node (a549+hs675+mc38),"20240516_DC-adhered_10x_caged_4_class,20240422_neuron-adhered_10x_uncaged_4_class,20240703_neuron-adhered_10x_caged_4_class,20260316_a549-tomm20-gfp-adhered_10x_caged_at_4x_4_class,231212_imr90_multichannel_overlay_4_class,20250227_preadipocytes-adhered_10x_caged_4_class,20240624_mc38_10x_uncaged_4_class,20240509_Hs675Tfibroblasts_10x_caged_4_class"
231212_imr90_multichannel_overlay_4_class,train_ds,0.802,8 Node (a549+hs675+mc38),"20240516_DC-adhered_10x_caged_4_class,20240422_neuron-adhered_10x_uncaged_4_class,20240703_neuron-adhered_10x_caged_4_class,20260316_a549-tomm20-gfp-adhered_10x_caged_at_4x_4_class,231212_imr90_multichannel_overlay_4_class,20250227_preadipocytes-adhered_10x_caged_4_class,20240624_mc38_10x_uncaged_4_class,20240509_Hs675Tfibroblasts_10x_caged_4_class"
20250227_preadipocytes-adhered_10x_caged_4_class,train_ds,0.482,8 Node (a549+hs675+mc38),"20240516_DC-adhered_10x_caged_4_class,20240422_neuron-adhered_10x_uncaged_4_class,20240703_neuron-adhered_10x_caged_4_class,20260316_a549-tomm20-gfp-adhered_10x_caged_at_4x_4_class,231212_imr90_multichannel_overlay_4_class,20250227_preadipocytes-adhered_10x_caged_4_class,20240624_mc38_10x_uncaged_4_class,20240509_Hs675Tfibroblasts_10x_caged_4_class"
20240624_mc38_10x_uncaged_4_class,train_ds,0.72,8 Node (a549+hs675+mc38),"20240516_DC-adhered_10x_caged_4_class,20240422_neuron-adhered_10x_uncaged_4_class,20240703_neuron-adhered_10x_caged_4_class,20260316_a549-tomm20-gfp-adhered_10x_caged_at_4x_4_class,231212_imr90_multichannel_overlay_4_class,20250227_preadipocytes-adhered_10x_caged_4_class,20240624_mc38_10x_uncaged_4_class,20240509_Hs675Tfibroblasts_10x_caged_4_class"
20240509_Hs675Tfibroblasts_10x_caged_4_class,train_ds,0.751,8 Node (a549+hs675+mc38),"20240516_DC-adhered_10x_caged_4_class,20240422_neuron-adhered_10x_uncaged_4_class,20240703_neuron-adhered_10x_caged_4_class,20260316_a549-tomm20-gfp-adhered_10x_caged_at_4x_4_class,231212_imr90_multichannel_overlay_4_class,20250227_preadipocytes-adhered_10x_caged_4_class,20240624_mc38_10x_uncaged_4_class,20240509_Hs675Tfibroblasts_10x_caged_4_class"
20240422_neuron-adhered_10x_uncaged_4_class,test_ds,0.578,8 Node (a549+hs675+mc38),"20240516_DC-adhered_10x_caged_4_class,20240422_neuron-adhered_10x_uncaged_4_class,20240703_neuron-adhered_10x_caged_4_class,20260316_a549-tomm20-gfp-adhered_10x_caged_at_4x_4_class,231212_imr90_multichannel_overlay_4_class,20250227_preadipocytes-adhered_10x_caged_4_class,20240624_mc38_10x_uncaged_4_class,20240509_Hs675Tfibroblasts_10x_caged_4_class"
20240509_Hs675Tfibroblasts_10x_caged_4_class,test_ds,0.751,8 Node (a549+hs675+mc38),"20240516_DC-adhered_10x_caged_4_class,20240422_neuron-adhered_10x_uncaged_4_class,20240703_neuron-adhered_10x_caged_4_class,20260316_a549-tomm20-gfp-adhered_10x_caged_at_4x_4_class,231212_imr90_multichannel_overlay_4_class,20250227_preadipocytes-adhered_10x_caged_4_class,20240624_mc38_10x_uncaged_4_class,20240509_Hs675Tfibroblasts_10x_caged_4_class"
20240509_hela-adhered_10x_caged_4_class,test_ds,0.569,8 Node (a549+hs675+mc38),"20240516_DC-adhered_10x_caged_4_class,20240422_neuron-adhered_10x_uncaged_4_class,20240703_neuron-adhered_10x_caged_4_class,20260316_a549-tomm20-gfp-adhered_10x_caged_at_4x_4_class,231212_imr90_multichannel_overlay_4_class,20250227_preadipocytes-adhered_10x_caged_4_class,20240624_mc38_10x_uncaged_4_class,20240509_Hs675Tfibroblasts_10x_caged_4_class"
20240515_DC-adhered_10x_caged_4_class,test_ds,0.691,8 Node (a549+hs675+mc38),"20240516_DC-adhered_10x_caged_4_class,20240422_neuron-adhered_10x_uncaged_4_class,20240703_neuron-adhered_10x_caged_4_class,20260316_a549-tomm20-gfp-adhered_10x_caged_at_4x_4_class,231212_imr90_multichannel_overlay_4_class,20250227_preadipocytes-adhered_10x_caged_4_class,20240624_mc38_10x_uncaged_4_class,20240509_Hs675Tfibroblasts_10x_caged_4_class"
20240516_DC-adhered_10x_caged_4_class,test_ds,0.71,8 Node (a549+hs675+mc38),"20240516_DC-adhered_10x_caged_4_class,20240422_neuron-adhered_10x_uncaged_4_class,20240703_neuron-adhered_10x_caged_4_class,20260316_a549-tomm20-gfp-adhered_10x_caged_at_4x_4_class,231212_imr90_multichannel_overlay_4_class,20250227_preadipocytes-adhered_10x_caged_4_class,20240624_mc38_10x_uncaged_4_class,20240509_Hs675Tfibroblasts_10x_caged_4_class"
20240624_mc38_10x_caged_4_class,test_ds,0.599,8 Node (a549+hs675+mc38),"20240516_DC-adhered_10x_caged_4_class,20240422_neuron-adhered_10x_uncaged_4_class,20240703_neuron-adhered_10x_caged_4_class,20260316_a549-tomm20-gfp-adhered_10x_caged_at_4x_4_class,231212_imr90_multichannel_overlay_4_class,20250227_preadipocytes-adhered_10x_caged_4_class,20240624_mc38_10x_uncaged_4_class,20240509_Hs675Tfibroblasts_10x_caged_4_class"
20240624_mc38_10x_uncaged_4_class,test_ds,0.72,8 Node (a549+hs675+mc38),"20240516_DC-adhered_10x_caged_4_class,20240422_neuron-adhered_10x_uncaged_4_class,20240703_neuron-adhered_10x_caged_4_class,20260316_a549-tomm20-gfp-adhered_10x_caged_at_4x_4_class,231212_imr90_multichannel_overlay_4_class,20250227_preadipocytes-adhered_10x_caged_4_class,20240624_mc38_10x_uncaged_4_class,20240509_Hs675Tfibroblasts_10x_caged_4_class"
20240625_mc38_10x_caged_4_class,test_ds,0.575,8 Node (a549+hs675+mc38),"20240516_DC-adhered_10x_caged_4_class,20240422_neuron-adhered_10x_uncaged_4_class,20240703_neuron-adhered_10x_caged_4_class,20260316_a549-tomm20-gfp-adhered_10x_caged_at_4x_4_class,231212_imr90_multichannel_overlay_4_class,20250227_preadipocytes-adhered_10x_caged_4_class,20240624_mc38_10x_uncaged_4_class,20240509_Hs675Tfibroblasts_10x_caged_4_class"
20240703_neuron-adhered_10x_caged_4_class,test_ds,0.635,8 Node (a549+hs675+mc38),"20240516_DC-adhered_10x_caged_4_class,20240422_neuron-adhered_10x_uncaged_4_class,20240703_neuron-adhered_10x_caged_4_class,20260316_a549-tomm20-gfp-adhered_10x_caged_at_4x_4_class,231212_imr90_multichannel_overlay_4_class,20250227_preadipocytes-adhered_10x_caged_4_class,20240624_mc38_10x_uncaged_4_class,20240509_Hs675Tfibroblasts_10x_caged_4_class"
20240704_neuron-adhered_10x_caged_4_class,test_ds,0.607,8 Node (a549+hs675+mc38),"20240516_DC-adhered_10x_caged_4_class,20240422_neuron-adhered_10x_uncaged_4_class,20240703_neuron-adhered_10x_caged_4_class,20260316_a549-tomm20-gfp-adhered_10x_caged_at_4x_4_class,231212_imr90_multichannel_overlay_4_class,20250227_preadipocytes-adhered_10x_caged_4_class,20240624_mc38_10x_uncaged_4_class,20240509_Hs675Tfibroblasts_10x_caged_4_class"
20240905_u87-adhered_10x_caged_4_class,test_ds,0.595,8 Node (a549+hs675+mc38),"20240516_DC-adhered_10x_caged_4_class,20240422_neuron-adhered_10x_uncaged_4_class,20240703_neuron-adhered_10x_caged_4_class,20260316_a549-tomm20-gfp-adhered_10x_caged_at_4x_4_class,231212_imr90_multichannel_overlay_4_class,20250227_preadipocytes-adhered_10x_caged_4_class,20240624_mc38_10x_uncaged_4_class,20240509_Hs675Tfibroblasts_10x_caged_4_class"
20240924_enteric-glia-adhered_10x_uncaged_4_class,test_ds,0.718,8 Node (a549+hs675+mc38),"20240516_DC-adhered_10x_caged_4_class,20240422_neuron-adhered_10x_uncaged_4_class,20240703_neuron-adhered_10x_caged_4_class,20260316_a549-tomm20-gfp-adhered_10x_caged_at_4x_4_class,231212_imr90_multichannel_overlay_4_class,20250227_preadipocytes-adhered_10x_caged_4_class,20240624_mc38_10x_uncaged_4_class,20240509_Hs675Tfibroblasts_10x_caged_4_class"
20241212_preadipocytes-adhered_10x_uncaged_4_class,test_ds,0.34,8 Node (a549+hs675+mc38),"20240516_DC-adhered_10x_caged_4_class,20240422_neuron-adhered_10x_uncaged_4_class,20240703_neuron-adhered_10x_caged_4_class,20260316_a549-tomm20-gfp-adhered_10x_caged_at_4x_4_class,231212_imr90_multichannel_overlay_4_class,20250227_preadipocytes-adhered_10x_caged_4_class,20240624_mc38_10x_uncaged_4_class,20240509_Hs675Tfibroblasts_10x_caged_4_class"
20250108_neuron-adhered_10x_uncaged_4_class,test_ds,0.349,8 Node (a549+hs675+mc38),"20240516_DC-adhered_10x_caged_4_class,20240422_neuron-adhered_10x_uncaged_4_class,20240703_neuron-adhered_10x_caged_4_class,20260316_a549-tomm20-gfp-adhered_10x_caged_at_4x_4_class,231212_imr90_multichannel_overlay_4_class,20250227_preadipocytes-adhered_10x_caged_4_class,20240624_mc38_10x_uncaged_4_class,20240509_Hs675Tfibroblasts_10x_caged_4_class"
20250227_preadipocytes-adhered_10x_caged_4_class,test_ds,0.482,8 Node (a549+hs675+mc38),"20240516_DC-adhered_10x_caged_4_class,20240422_neuron-adhered_10x_uncaged_4_class,20240703_neuron-adhered_10x_caged_4_class,20260316_a549-tomm20-gfp-adhered_10x_caged_at_4x_4_class,231212_imr90_multichannel_overlay_4_class,20250227_preadipocytes-adhered_10x_caged_4_class,20240624_mc38_10x_uncaged_4_class,20240509_Hs675Tfibroblasts_10x_caged_4_class"
20250305_neuron-adhered_10x_uncaged_4_class,test_ds,0.447,8 Node (a549+hs675+mc38),"20240516_DC-adhered_10x_caged_4_class,20240422_neuron-adhered_10x_uncaged_4_class,20240703_neuron-adhered_10x_caged_4_class,20260316_a549-tomm20-gfp-adhered_10x_caged_at_4x_4_class,231212_imr90_multichannel_overlay_4_class,20250227_preadipocytes-adhered_10x_caged_4_class,20240624_mc38_10x_uncaged_4_class,20240509_Hs675Tfibroblasts_10x_caged_4_class"
20250820_c8d1a_astrocytes-adherent_10x_caged_4_class,test_ds,0.477,8 Node (a549+hs675+mc38),"20240516_DC-adhered_10x_caged_4_class,20240422_neuron-adhered_10x_uncaged_4_class,20240703_neuron-adhered_10x_caged_4_class,20260316_a549-tomm20-gfp-adhered_10x_caged_at_4x_4_class,231212_imr90_multichannel_overlay_4_class,20250227_preadipocytes-adhered_10x_caged_4_class,20240624_mc38_10x_uncaged_4_class,20240509_Hs675Tfibroblasts_10x_caged_4_class"
20250917_moc22-adhered_10x_caged_4_class,test_ds,0.536,8 Node (a549+hs675+mc38),"20240516_DC-adhered_10x_caged_4_class,20240422_neuron-adhered_10x_uncaged_4_class,20240703_neuron-adhered_10x_caged_4_class,20260316_a549-tomm20-gfp-adhered_10x_caged_at_4x_4_class,231212_imr90_multichannel_overlay_4_class,20250227_preadipocytes-adhered_10x_caged_4_class,20240624_mc38_10x_uncaged_4_class,20240509_Hs675Tfibroblasts_10x_caged_4_class"
20260316_a549-tomm20-gfp-adhered_10x_caged_at_4x_4_class,test_ds,0.723,8 Node (a549+hs675+mc38),"20240516_DC-adhered_10x_caged_4_class,20240422_neuron-adhered_10x_uncaged_4_class,20240703_neuron-adhered_10x_caged_4_class,20260316_a549-tomm20-gfp-adhered_10x_caged_at_4x_4_class,231212_imr90_multichannel_overlay_4_class,20250227_preadipocytes-adhered_10x_caged_4_class,20240624_mc38_10x_uncaged_4_class,20240509_Hs675Tfibroblasts_10x_caged_4_class"
231212_imr90_multichannel_overlay_4_class,test_ds,0.802,8 Node (a549+hs675+mc38),"20240516_DC-adhered_10x_caged_4_class,20240422_neuron-adhered_10x_uncaged_4_class,20240703_neuron-adhered_10x_caged_4_class,20260316_a549-tomm20-gfp-adhered_10x_caged_at_4x_4_class,231212_imr90_multichannel_overlay_4_class,20250227_preadipocytes-adhered_10x_caged_4_class,20240624_mc38_10x_uncaged_4_class,20240509_Hs675Tfibroblasts_10x_caged_4_class"
240213_imr90_multichannel_overlay_4_class,test_ds,0.61,8 Node (a549+hs675+mc38),"20240516_DC-adhered_10x_caged_4_class,20240422_neuron-adhered_10x_uncaged_4_class,20240703_neuron-adhered_10x_caged_4_class,20260316_a549-tomm20-gfp-adhered_10x_caged_at_4x_4_class,231212_imr90_multichannel_overlay_4_class,20250227_preadipocytes-adhered_10x_caged_4_class,20240624_mc38_10x_uncaged_4_class,20240509_Hs675Tfibroblasts_10x_caged_4_class"
20240516_DC-adhered_10x_caged_4_class,train_ds,0.714,8 Node (moc22+astro+mc38),"20240516_DC-adhered_10x_caged_4_class,20240422_neuron-adhered_10x_uncaged_4_class,20240703_neuron-adhered_10x_caged_4_class,231212_imr90_multichannel_overlay_4_class,20250227_preadipocytes-adhered_10x_caged_4_class,20250917_moc22-adhered_10x_caged_4_class,20240624_mc38_10x_uncaged_4_class,20250820_c8d1a_astrocytes-adherent_10x_caged_4_class"
20240422_neuron-adhered_10x_uncaged_4_class,train_ds,0.582,8 Node (moc22+astro+mc38),"20240516_DC-adhered_10x_caged_4_class,20240422_neuron-adhered_10x_uncaged_4_class,20240703_neuron-adhered_10x_caged_4_class,231212_imr90_multichannel_overlay_4_class,20250227_preadipocytes-adhered_10x_caged_4_class,20250917_moc22-adhered_10x_caged_4_class,20240624_mc38_10x_uncaged_4_class,20250820_c8d1a_astrocytes-adherent_10x_caged_4_class"
20240703_neuron-adhered_10x_caged_4_class,train_ds,0.636,8 Node (moc22+astro+mc38),"20240516_DC-adhered_10x_caged_4_class,20240422_neuron-adhered_10x_uncaged_4_class,20240703_neuron-adhered_10x_caged_4_class,231212_imr90_multichannel_overlay_4_class,20250227_preadipocytes-adhered_10x_caged_4_class,20250917_moc22-adhered_10x_caged_4_class,20240624_mc38_10x_uncaged_4_class,20250820_c8d1a_astrocytes-adherent_10x_caged_4_class"
231212_imr90_multichannel_overlay_4_class,train_ds,0.806,8 Node (moc22+astro+mc38),"20240516_DC-adhered_10x_caged_4_class,20240422_neuron-adhered_10x_uncaged_4_class,20240703_neuron-adhered_10x_caged_4_class,231212_imr90_multichannel_overlay_4_class,20250227_preadipocytes-adhered_10x_caged_4_class,20250917_moc22-adhered_10x_caged_4_class,20240624_mc38_10x_uncaged_4_class,20250820_c8d1a_astrocytes-adherent_10x_caged_4_class"
20250227_preadipocytes-adhered_10x_caged_4_class,train_ds,0.478,8 Node (moc22+astro+mc38),"20240516_DC-adhered_10x_caged_4_class,20240422_neuron-adhered_10x_uncaged_4_class,20240703_neuron-adhered_10x_caged_4_class,231212_imr90_multichannel_overlay_4_class,20250227_preadipocytes-adhered_10x_caged_4_class,20250917_moc22-adhered_10x_caged_4_class,20240624_mc38_10x_uncaged_4_class,20250820_c8d1a_astrocytes-adherent_10x_caged_4_class"
20250917_moc22-adhered_10x_caged_4_class,train_ds,0.625,8 Node (moc22+astro+mc38),"20240516_DC-adhered_10x_caged_4_class,20240422_neuron-adhered_10x_uncaged_4_class,20240703_neuron-adhered_10x_caged_4_class,231212_imr90_multichannel_overlay_4_class,20250227_preadipocytes-adhered_10x_caged_4_class,20250917_moc22-adhered_10x_caged_4_class,20240624_mc38_10x_uncaged_4_class,20250820_c8d1a_astrocytes-adherent_10x_caged_4_class"
20240624_mc38_10x_uncaged_4_class,train_ds,0.724,8 Node (moc22+astro+mc38),"20240516_DC-adhered_10x_caged_4_class,20240422_neuron-adhered_10x_uncaged_4_class,20240703_neuron-adhered_10x_caged_4_class,231212_imr90_multichannel_overlay_4_class,20250227_preadipocytes-adhered_10x_caged_4_class,20250917_moc22-adhered_10x_caged_4_class,20240624_mc38_10x_uncaged_4_class,20250820_c8d1a_astrocytes-adherent_10x_caged_4_class"
20250820_c8d1a_astrocytes-adherent_10x_caged_4_class,train_ds,0.565,8 Node (moc22+astro+mc38),"20240516_DC-adhered_10x_caged_4_class,20240422_neuron-adhered_10x_uncaged_4_class,20240703_neuron-adhered_10x_caged_4_class,231212_imr90_multichannel_overlay_4_class,20250227_preadipocytes-adhered_10x_caged_4_class,20250917_moc22-adhered_10x_caged_4_class,20240624_mc38_10x_uncaged_4_class,20250820_c8d1a_astrocytes-adherent_10x_caged_4_class"
20240422_neuron-adhered_10x_uncaged_4_class,test_ds,0.582,8 Node (moc22+astro+mc38),"20240516_DC-adhered_10x_caged_4_class,20240422_neuron-adhered_10x_uncaged_4_class,20240703_neuron-adhered_10x_caged_4_class,231212_imr90_multichannel_overlay_4_class,20250227_preadipocytes-adhered_10x_caged_4_class,20250917_moc22-adhered_10x_caged_4_class,20240624_mc38_10x_uncaged_4_class,20250820_c8d1a_astrocytes-adherent_10x_caged_4_class"
20240509_Hs675Tfibroblasts_10x_caged_4_class,test_ds,0.555,8 Node (moc22+astro+mc38),"20240516_DC-adhered_10x_caged_4_class,20240422_neuron-adhered_10x_uncaged_4_class,20240703_neuron-adhered_10x_caged_4_class,231212_imr90_multichannel_overlay_4_class,20250227_preadipocytes-adhered_10x_caged_4_class,20250917_moc22-adhered_10x_caged_4_class,20240624_mc38_10x_uncaged_4_class,20250820_c8d1a_astrocytes-adherent_10x_caged_4_class"
20240509_hela-adhered_10x_caged_4_class,test_ds,0.526,8 Node (moc22+astro+mc38),"20240516_DC-adhered_10x_caged_4_class,20240422_neuron-adhered_10x_uncaged_4_class,20240703_neuron-adhered_10x_caged_4_class,231212_imr90_multichannel_overlay_4_class,20250227_preadipocytes-adhered_10x_caged_4_class,20250917_moc22-adhered_10x_caged_4_class,20240624_mc38_10x_uncaged_4_class,20250820_c8d1a_astrocytes-adherent_10x_caged_4_class"
20240515_DC-adhered_10x_caged_4_class,test_ds,0.694,8 Node (moc22+astro+mc38),"20240516_DC-adhered_10x_caged_4_class,20240422_neuron-adhered_10x_uncaged_4_class,20240703_neuron-adhered_10x_caged_4_class,231212_imr90_multichannel_overlay_4_class,20250227_preadipocytes-adhered_10x_caged_4_class,20250917_moc22-adhered_10x_caged_4_class,20240624_mc38_10x_uncaged_4_class,20250820_c8d1a_astrocytes-adherent_10x_caged_4_class"
20240516_DC-adhered_10x_caged_4_class,test_ds,0.714,8 Node (moc22+astro+mc38),"20240516_DC-adhered_10x_caged_4_class,20240422_neuron-adhered_10x_uncaged_4_class,20240703_neuron-adhered_10x_caged_4_class,231212_imr90_multichannel_overlay_4_class,20250227_preadipocytes-adhered_10x_caged_4_class,20250917_moc22-adhered_10x_caged_4_class,20240624_mc38_10x_uncaged_4_class,20250820_c8d1a_astrocytes-adherent_10x_caged_4_class"
20240624_mc38_10x_caged_4_class,test_ds,0.593,8 Node (moc22+astro+mc38),"20240516_DC-adhered_10x_caged_4_class,20240422_neuron-adhered_10x_uncaged_4_class,20240703_neuron-adhered_10x_caged_4_class,231212_imr90_multichannel_overlay_4_class,20250227_preadipocytes-adhered_10x_caged_4_class,20250917_moc22-adhered_10x_caged_4_class,20240624_mc38_10x_uncaged_4_class,20250820_c8d1a_astrocytes-adherent_10x_caged_4_class"
20240624_mc38_10x_uncaged_4_class,test_ds,0.724,8 Node (moc22+astro+mc38),"20240516_DC-adhered_10x_caged_4_class,20240422_neuron-adhered_10x_uncaged_4_class,20240703_neuron-adhered_10x_caged_4_class,231212_imr90_multichannel_overlay_4_class,20250227_preadipocytes-adhered_10x_caged_4_class,20250917_moc22-adhered_10x_caged_4_class,20240624_mc38_10x_uncaged_4_class,20250820_c8d1a_astrocytes-adherent_10x_caged_4_class"
20240625_mc38_10x_caged_4_class,test_ds,0.528,8 Node (moc22+astro+mc38),"20240516_DC-adhered_10x_caged_4_class,20240422_neuron-adhered_10x_uncaged_4_class,20240703_neuron-adhered_10x_caged_4_class,231212_imr90_multichannel_overlay_4_class,20250227_preadipocytes-adhered_10x_caged_4_class,20250917_moc22-adhered_10x_caged_4_class,20240624_mc38_10x_uncaged_4_class,20250820_c8d1a_astrocytes-adherent_10x_caged_4_class"
20240703_neuron-adhered_10x_caged_4_class,test_ds,0.636,8 Node (moc22+astro+mc38),"20240516_DC-adhered_10x_caged_4_class,20240422_neuron-adhered_10x_uncaged_4_class,20240703_neuron-adhered_10x_caged_4_class,231212_imr90_multichannel_overlay_4_class,20250227_preadipocytes-adhered_10x_caged_4_class,20250917_moc22-adhered_10x_caged_4_class,20240624_mc38_10x_uncaged_4_class,20250820_c8d1a_astrocytes-adherent_10x_caged_4_class"
20240704_neuron-adhered_10x_caged_4_class,test_ds,0.602,8 Node (moc22+astro+mc38),"20240516_DC-adhered_10x_caged_4_class,20240422_neuron-adhered_10x_uncaged_4_class,20240703_neuron-adhered_10x_caged_4_class,231212_imr90_multichannel_overlay_4_class,20250227_preadipocytes-adhered_10x_caged_4_class,20250917_moc22-adhered_10x_caged_4_class,20240624_mc38_10x_uncaged_4_class,20250820_c8d1a_astrocytes-adherent_10x_caged_4_class"
20240905_u87-adhered_10x_caged_4_class,test_ds,0.6,8 Node (moc22+astro+mc38),"20240516_DC-adhered_10x_caged_4_class,20240422_neuron-adhered_10x_uncaged_4_class,20240703_neuron-adhered_10x_caged_4_class,231212_imr90_multichannel_overlay_4_class,20250227_preadipocytes-adhered_10x_caged_4_class,20250917_moc22-adhered_10x_caged_4_class,20240624_mc38_10x_uncaged_4_class,20250820_c8d1a_astrocytes-adherent_10x_caged_4_class"
20240924_enteric-glia-adhered_10x_uncaged_4_class,test_ds,0.698,8 Node (moc22+astro+mc38),"20240516_DC-adhered_10x_caged_4_class,20240422_neuron-adhered_10x_uncaged_4_class,20240703_neuron-adhered_10x_caged_4_class,231212_imr90_multichannel_overlay_4_class,20250227_preadipocytes-adhered_10x_caged_4_class,20250917_moc22-adhered_10x_caged_4_class,20240624_mc38_10x_uncaged_4_class,20250820_c8d1a_astrocytes-adherent_10x_caged_4_class"
20241212_preadipocytes-adhered_10x_uncaged_4_class,test_ds,0.343,8 Node (moc22+astro+mc38),"20240516_DC-adhered_10x_caged_4_class,20240422_neuron-adhered_10x_uncaged_4_class,20240703_neuron-adhered_10x_caged_4_class,231212_imr90_multichannel_overlay_4_class,20250227_preadipocytes-adhered_10x_caged_4_class,20250917_moc22-adhered_10x_caged_4_class,20240624_mc38_10x_uncaged_4_class,20250820_c8d1a_astrocytes-adherent_10x_caged_4_class"
20250108_neuron-adhered_10x_uncaged_4_class,test_ds,0.364,8 Node (moc22+astro+mc38),"20240516_DC-adhered_10x_caged_4_class,20240422_neuron-adhered_10x_uncaged_4_class,20240703_neuron-adhered_10x_caged_4_class,231212_imr90_multichannel_overlay_4_class,20250227_preadipocytes-adhered_10x_caged_4_class,20250917_moc22-adhered_10x_caged_4_class,20240624_mc38_10x_uncaged_4_class,20250820_c8d1a_astrocytes-adherent_10x_caged_4_class"
20250227_preadipocytes-adhered_10x_caged_4_class,test_ds,0.478,8 Node (moc22+astro+mc38),"20240516_DC-adhered_10x_caged_4_class,20240422_neuron-adhered_10x_uncaged_4_class,20240703_neuron-adhered_10x_caged_4_class,231212_imr90_multichannel_overlay_4_class,20250227_preadipocytes-adhered_10x_caged_4_class,20250917_moc22-adhered_10x_caged_4_class,20240624_mc38_10x_uncaged_4_class,20250820_c8d1a_astrocytes-adherent_10x_caged_4_class"
20250305_neuron-adhered_10x_uncaged_4_class,test_ds,0.468,8 Node (moc22+astro+mc38),"20240516_DC-adhered_10x_caged_4_class,20240422_neuron-adhered_10x_uncaged_4_class,20240703_neuron-adhered_10x_caged_4_class,231212_imr90_multichannel_overlay_4_class,20250227_preadipocytes-adhered_10x_caged_4_class,20250917_moc22-adhered_10x_caged_4_class,20240624_mc38_10x_uncaged_4_class,20250820_c8d1a_astrocytes-adherent_10x_caged_4_class"
20250820_c8d1a_astrocytes-adherent_10x_caged_4_class,test_ds,0.565,8 Node (moc22+astro+mc38),"20240516_DC-adhered_10x_caged_4_class,20240422_neuron-adhered_10x_uncaged_4_class,20240703_neuron-adhered_10x_caged_4_class,231212_imr90_multichannel_overlay_4_class,20250227_preadipocytes-adhered_10x_caged_4_class,20250917_moc22-adhered_10x_caged_4_class,20240624_mc38_10x_uncaged_4_class,20250820_c8d1a_astrocytes-adherent_10x_caged_4_class"
20250917_moc22-adhered_10x_caged_4_class,test_ds,0.625,8 Node (moc22+astro+mc38),"20240516_DC-adhered_10x_caged_4_class,20240422_neuron-adhered_10x_uncaged_4_class,20240703_neuron-adhered_10x_caged_4_class,231212_imr90_multichannel_overlay_4_class,20250227_preadipocytes-adhered_10x_caged_4_class,20250917_moc22-adhered_10x_caged_4_class,20240624_mc38_10x_uncaged_4_class,20250820_c8d1a_astrocytes-adherent_10x_caged_4_class"
20260316_a549-tomm20-gfp-adhered_10x_caged_at_4x_4_class,test_ds,0.662,8 Node (moc22+astro+mc38),"20240516_DC-adhered_10x_caged_4_class,20240422_neuron-adhered_10x_uncaged_4_class,20240703_neuron-adhered_10x_caged_4_class,231212_imr90_multichannel_overlay_4_class,20250227_preadipocytes-adhered_10x_caged_4_class,20250917_moc22-adhered_10x_caged_4_class,20240624_mc38_10x_uncaged_4_class,20250820_c8d1a_astrocytes-adherent_10x_caged_4_class"
231212_imr90_multichannel_overlay_4_class,test_ds,0.806,8 Node (moc22+astro+mc38),"20240516_DC-adhered_10x_caged_4_class,20240422_neuron-adhered_10x_uncaged_4_class,20240703_neuron-adhered_10x_caged_4_class,231212_imr90_multichannel_overlay_4_class,20250227_preadipocytes-adhered_10x_caged_4_class,20250917_moc22-adhered_10x_caged_4_class,20240624_mc38_10x_uncaged_4_class,20250820_c8d1a_astrocytes-adherent_10x_caged_4_class"
240213_imr90_multichannel_overlay_4_class,test_ds,0.613,8 Node (moc22+astro+mc38),"20240516_DC-adhered_10x_caged_4_class,20240422_neuron-adhered_10x_uncaged_4_class,20240703_neuron-adhered_10x_caged_4_class,231212_imr90_multichannel_overlay_4_class,20250227_preadipocytes-adhered_10x_caged_4_class,20250917_moc22-adhered_10x_caged_4_class,20240624_mc38_10x_uncaged_4_class,20250820_c8d1a_astrocytes-adherent_10x_caged_4_class"
